,X,ImageNumber,ObjectNumber,FileName_Blind,Condition,AreaShape_Area,AreaShape_BoundingBoxArea,AreaShape_BoundingBoxMaximum_X,AreaShape_BoundingBoxMaximum_Y,AreaShape_BoundingBoxMinimum_X,AreaShape_BoundingBoxMinimum_Y,AreaShape_Center_X,AreaShape_Center_Y,AreaShape_CentralMoment_0_0,AreaShape_CentralMoment_0_1,AreaShape_CentralMoment_0_2,AreaShape_CentralMoment_0_3,AreaShape_CentralMoment_1_0,AreaShape_CentralMoment_1_1,AreaShape_CentralMoment_1_2,AreaShape_CentralMoment_1_3,AreaShape_CentralMoment_2_0,AreaShape_CentralMoment_2_1,AreaShape_CentralMoment_2_2,AreaShape_CentralMoment_2_3,AreaShape_Compactness,AreaShape_ConvexArea,AreaShape_Eccentricity,AreaShape_EquivalentDiameter,AreaShape_EulerNumber,AreaShape_Extent,AreaShape_FormFactor,AreaShape_HuMoment_0,AreaShape_HuMoment_1,AreaShape_HuMoment_2,AreaShape_HuMoment_3,AreaShape_HuMoment_4,AreaShape_HuMoment_5,AreaShape_HuMoment_6,AreaShape_InertiaTensorEigenvalues_0,AreaShape_InertiaTensorEigenvalues_1,AreaShape_InertiaTensor_0_0,AreaShape_InertiaTensor_0_1,AreaShape_InertiaTensor_1_0,AreaShape_InertiaTensor_1_1,AreaShape_MajorAxisLength,AreaShape_MaxFeretDiameter,AreaShape_MaximumRadius,AreaShape_MeanRadius,AreaShape_MedianRadius,AreaShape_MinFeretDiameter,AreaShape_MinorAxisLength,AreaShape_NormalizedMoment_0_0,AreaShape_NormalizedMoment_0_1,AreaShape_NormalizedMoment_0_2,AreaShape_NormalizedMoment_0_3,AreaShape_NormalizedMoment_1_0,AreaShape_NormalizedMoment_1_1,AreaShape_NormalizedMoment_1_2,AreaShape_NormalizedMoment_1_3,AreaShape_NormalizedMoment_2_0,AreaShape_NormalizedMoment_2_1,AreaShape_NormalizedMoment_2_2,AreaShape_NormalizedMoment_2_3,AreaShape_NormalizedMoment_3_0,AreaShape_NormalizedMoment_3_1,AreaShape_NormalizedMoment_3_2,AreaShape_NormalizedMoment_3_3,AreaShape_Orientation,AreaShape_Perimeter,AreaShape_Solidity,AreaShape_SpatialMoment_0_0,AreaShape_SpatialMoment_0_1,AreaShape_SpatialMoment_0_2,AreaShape_SpatialMoment_0_3,AreaShape_SpatialMoment_1_0,AreaShape_SpatialMoment_1_1,AreaShape_SpatialMoment_1_2,AreaShape_SpatialMoment_1_3,AreaShape_SpatialMoment_2_0,AreaShape_SpatialMoment_2_1,AreaShape_SpatialMoment_2_2,AreaShape_SpatialMoment_2_3,AreaShape_Zernike_0_0,AreaShape_Zernike_1_1,AreaShape_Zernike_2_0,AreaShape_Zernike_2_2,AreaShape_Zernike_3_1,AreaShape_Zernike_3_3,AreaShape_Zernike_4_0,AreaShape_Zernike_4_2,AreaShape_Zernike_4_4,AreaShape_Zernike_5_1,AreaShape_Zernike_5_3,AreaShape_Zernike_5_5,AreaShape_Zernike_6_0,AreaShape_Zernike_6_2,AreaShape_Zernike_6_4,AreaShape_Zernike_6_6,AreaShape_Zernike_7_1,AreaShape_Zernike_7_3,AreaShape_Zernike_7_5,AreaShape_Zernike_7_7,AreaShape_Zernike_8_0,AreaShape_Zernike_8_2,AreaShape_Zernike_8_4,AreaShape_Zernike_8_6,AreaShape_Zernike_8_8,AreaShape_Zernike_9_1,AreaShape_Zernike_9_3,AreaShape_Zernike_9_5,AreaShape_Zernike_9_7,AreaShape_Zernike_9_9,Location_Center_X,Location_Center_Y,Location_Center_Z,Number_Object_Number,Parent_EditedMicrogliaS,Parent_FilteredMicrogliaS,ObjectSkeleton_NumberBranchEnds_MorphBlue,ObjectSkeleton_NumberNonTrunkBranches_MorphBlue,ObjectSkeleton_NumberTrunks_MorphBlue,ObjectSkeleton_TotalObjectSkeletonLength_MorphBlue
1,1,1,1,blind_0011.tif,vhip,1263,4557,863,51,770,2,808.0142518,23.42992874,1263,2.24531504500192e-12,545795.7435,3650296.311,-1.71E-12,117643.2613,1445974.361,165678338.2,110145.5487,795643.4642,71062766.53,1946134528,8.723072721,2897,0.927518928,40.10114144,-4,0.277156024,0.114638503,0.411204889,0.09634296,0.006667323,0.006701464,4.08667345773109e-05,0.002072313,-1.83E-05,455.6881975,63.66357778,432.1423147,-93.14589175,-93.14589175,87.20946056,85.38741804,96.7729301,9.055385138,2.930042862,2.236067977,41.30836341,31.91578363,NA,NA,0.342155435,0.064390195,NA,0.073749716,0.025506579,0.082234807,0.069049454,0.014034926,0.03527216,0.027180731,-0.002033958,0.010139493,0.008327938,0.017811333,75.81367372,372.0843071,0.435968243,1263,48012,2370936,135275688,27066,1146537,61199205,3739542543,690168,32074037,1824880025,1.17702e+11,0.171713993,0.034203803,0.081906346,0.034903655,0.020597478,0.013118617,0.043715111,0.020425851,0.018505583,0.002634772,0.013214757,0.00554531,0.02421387,0.010274593,0.014029774,0.010370595,0.005039033,0.003696995,0.007692128,0.002669195,0.008796286,0.01308817,0.01087235,0.006967666,0.006533555,0.008314938,0.002422086,0.008813464,0.003384338,0.0012963,808.0142518,23.42992874,0,1,1,1,7,5,3,92.91168994
2,2,1,2,blind_0011.tif,vhip,1010,1849,495,142,452,99,473.0851485,114.8881188,1010,-2.97E-12,121350.6772,1906.88665,2.1174173525651e-12,-27016.37822,180904.4862,-7837366.055,90150.35743,-361128.4945,16010802.54,-119164235.7,2.9021964,1542,0.674984909,35.86045092,1,0.546241211,0.344566619,0.207333629,0.003741095,0.001139539,0.000446034,3.17700696176668e-07,1.49728281954697e-05,-1.36E-08,135.5915517,73.81541333,120.1491854,26.74888932,26.74888932,89.25777963,46.57751418,57.28001397,13.89244399,4.547170067,3.605551275,38.93668673,34.36635874,NA,NA,0.118959589,5.88195156396836e-05,NA,-0.026484049,0.00558015,-0.00760687,0.088374039,-0.011139311,0.015539927,-0.003639327,0.012399188,-0.010668687,0.005065676,-0.003399623,-60.00178669,191.9238816,0.654993515,1010,21296,570380,17145848,16047,311337,8103881,239987991,345107,6057025,154389769,4554779431,0.39194512,0.084024969,0.155794226,0.029128231,0.064478234,0.005174076,0.01927589,0.008426,0.028695416,0.011822193,0.005046908,0.0083779,0.001862345,0.015065469,0.015718342,0.011709549,0.010556069,0.008682009,0.010017848,0.002015352,0.004858318,0.014343254,0.006110989,0.008049753,0.012358805,0.004805144,0.006207516,0.003593285,0.003724854,0.002200877,473.0851485,114.8881188,0,2,3,2,0,0,0,0
3,3,1,3,blind_0011.tif,vhip,2368,15096,927,237,825,89,888.808277,184.5282939,2368,1.28466126625426e-11,655998.9578,-7151927.101,-9.62E-12,-202721.1546,-2387815.849,-186960092.7,2876530.104,31581829.32,992799274.7,16236739810,25.01674795,9906,0.883025756,54.90930014,-7,0.156862745,0.039973221,0.629973596,0.162042712,0.263351494,0.157784467,0.031879929,0.061144506,-0.00426209,1222.502363,269.2751121,277.0265869,85.60859568,85.60859568,1214.750889,139.8572051,148.0067566,14,3.049412433,2,98.13073257,65.63841706,NA,NA,0.116987579,-0.026210109,NA,-0.036152279,-0.008750776,-0.014080038,0.512986017,0.115739882,0.074768102,0.025128287,-0.378249077,-0.175157142,-0.073663846,-0.042048294,-5.17376789,862.8021279,0.239047042,2368,151098,10297302,733617498,226211,14231413,955425301,66961045393,24486081,1555265257,1.05306e+11,7.43796e+12,0.134916558,0.0399304,0.039361281,0.034768339,0.029571935,0.012632569,0.00985925,0.022955678,0.010671529,0.014992905,0.013400737,0.008709064,0.0013381,0.011380937,0.011695757,0.002379333,0.007189991,0.007909452,0.010830094,0.003778941,0.001580415,0.004832418,0.008208805,0.006104991,0.005194387,0.006451713,0.002576526,0.005656363,0.005908787,0.004071312,888.808277,184.5282939,0,3,4,3,16,14,10,230.1787184
4,4,1,4,blind_0011.tif,vhip,1523,6440,565,421,495,329,531.680893,390.5692712,1523,-3.64E-12,322812.914,-911722.9045,2.61479726759717e-12,3612.665791,2564131.281,-32160955.9,560141.4419,-2845910.606,78601855.95,-1352567177,13.87797515,4164,0.651036584,44.03571081,-4,0.236490683,0.072056621,0.380661055,0.010478585,0.073275732,0.0224437,0.000787221,0.001980989,-0.000456825,367.8243086,211.922478,211.9585778,-2.372072089,-2.372072089,367.7882087,76.71498509,96.25487001,11.18033989,3.119889858,2.236067977,66.09485816,58.23022967,NA,NA,0.139171752,-0.010071939,NA,0.0015575,0.028326342,-0.009103937,0.241489303,-0.031439201,0.022250158,-0.009810908,-0.172272602,0.01623878,0.001668096,-0.002814382,0.871899343,515.3685784,0.365754083,1523,55865,2371991,109777157,93770,3443180,148870920,7023484862,6333492,229917090,9963547850,4.72176e+11,0.20072687,0.064419883,0.063010711,0.029385191,0.053596315,0.016388719,0.001701587,0.031508516,0.010238245,0.013273952,0.015405007,0.009865181,0.002208803,0.015237881,0.009547765,0.003310931,0.002916202,0.009422246,0.007265467,0.007874375,0.006138546,0.004161593,0.005731948,0.000578577,0.006023538,0.004725532,0.002557052,0.001780322,0.008889781,0.00798705,531.680893,390.5692712,0,4,5,4,12,9,5,122.6396123
5,5,1,5,blind_0011.tif,vhip,810,2832,502,637,454,578,472.1987654,610.0037037,810,-4.58E-13,99276.99877,700022.1326,-1.82E-12,-70660.5963,-814540.0432,-22564399.83,119316.9889,736001.3168,24645027.16,381182064.6,6.777443284,1541,0.888850737,32.11423409,-1,0.286016949,0.147548265,0.333171754,0.047328299,0.017803009,0.010575383,0.000144975,0.002223572,6.21422721909302e-06,223.042586,46.82653461,122.564196,87.23530407,87.23530407,147.3049246,59.73844135,65.76473219,11.18033989,3.390205132,2.236067977,31.62510934,27.37196657,NA,NA,0.151313822,0.0374886,NA,-0.107697906,-0.043621429,-0.042458899,0.181857932,0.03941541,0.046373967,0.025201993,-0.024651228,-0.054863149,-0.026907943,-0.023121956,-40.96450424,262.6518036,0.525632706,810,14741,367545,11002325,25923,401106,8376390,214872558,948949,13482900,250648656,5661599940,0.238456423,0.05725263,0.091931426,0.048343015,0.047671536,0.010761154,0.005217188,0.045328384,0.013979061,0.020643268,0.015206446,0.00399309,0.010378434,0.018572737,0.008363954,0.009378924,0.009752386,0.008392077,0.002909576,0.003126612,0.001236352,0.004665343,0.001505795,0.00774711,0.005558538,0.009637034,0.006166994,0.005506067,0.006514774,0.000983627,472.1987654,610.0037037,0,5,6,5,6,5,2,77.25483519
6,6,1,6,blind_0011.tif,vhip,1127,5168,464,927,396,851,417.2386868,897.2715173,1127,1.52056145452661e-12,167574.7933,2455208.012,-6.20E-12,100248.9618,900484.9073,46554802.54,250894.9157,-193239.7858,27552021.07,433496774.2,5.759186219,2769,0.82656563,37.88061466,-1,0.218072755,0.173635643,0.329470242,0.029221951,0.019719957,0.004152159,-3.60E-05,-0.000709461,-1.08E-05,281.98359,89.32937266,148.6910322,-88.95205133,-88.95205133,222.6219305,67.16946807,84.21995013,10.29563014,3.512288042,2.828427125,45.19342376,37.80568691,NA,NA,0.131935255,0.057580907,NA,0.078928173,0.021118674,0.03252316,0.197534987,-0.004531967,0.019247827,0.009020948,-0.057696938,0.029266697,0.000665795,0.005894831,33.71694506,285.5929291,0.407006139,1127,23936,675944,23929508,52148,1207804,36435752,1346846248,2663862,65661034,2057160754,77738058682,0.20137966,0.09635684,0.025218078,0.025740003,0.056626179,0.00954372,0.046602921,0.026577718,0.005526488,0.006495124,0.006420799,0.009215625,0.021852849,0.007728557,0.004017118,0.012582499,0.012992648,0.002616381,0.007488728,0.00363784,0.002855469,0.000933851,0.002932993,0.016132223,0.004149175,0.007742797,0.001992599,0.003922058,0.010754587,0.002886867,417.2386868,897.2715173,0,6,7,6,8,4,5,58.28427184
7,7,1,7,blind_0011.tif,vhip,1616,5472,726,998,630,941,681.407797,967.1732673,1616,7.88702436693711e-12,694210.2618,-3335147.239,-7.67E-12,-322824.1832,-1762563.034,-246942073.9,307213.4851,693961.2355,158658976.4,1570349238,9.058405107,2865,0.926410806,45.36028113,-3,0.295321637,0.110394709,0.383473337,0.083086956,0.005658066,0.000787443,1.40677876978507e-06,-8.37E-05,8.85223624552285e-07,542.7509058,76.94200687,429.585558,199.7674401,199.7674401,190.1073547,93.18805982,98.762341,10,3.400692457,2.828427125,44.6296959,35.0866372,NA,NA,0.265832647,-0.031769591,NA,-0.123618465,-0.016789635,-0.058515514,0.11764069,0.006610462,0.037595908,0.0092566,0.00436139,-0.027932326,-0.005421309,-0.013541795,-60.46907769,428.8954903,0.564048866,1616,83075,4964913,323275733,42296,1851520,94994072,5382969598,1414238,56498094,2613347878,1.33602e+11,0.210944751,0.048553548,0.081379185,0.02993695,0.051066885,0.019355803,0.00807701,0.014834942,0.007006338,0.031761605,0.028073547,0.005207862,0.003856273,0.013893924,0.006573204,0.007378074,0.012205398,0.015125545,0.0087275,0.000824061,0.004569696,0.015824057,0.012667019,0.007713628,0.005784405,0.008158401,0.007896207,0.006549228,0.003159689,0.000220168,681.407797,967.1732673,0,7,8,7,10,9,3,113.1248929
8,8,1,8,blind_0011.tif,vhip,789,1364,501,1010,457,979,482.5449937,995.4575412,789,-1.14E-12,58471.65272,-52949.75836,7.38964445190504e-13,-1174.742712,118550.0415,-846031.0016,47685.82763,-23921.5054,2382347.506,-4759479.678,1.480440664,930,0.434028461,31.6952047,1,0.578445748,0.675474556,0.170528352,0.000314436,0.000686927,2.01937914059146e-05,1.31405514891675e-09,3.50720546428886e-07,1.98241539335612e-09,74.26884349,60.27802641,74.10855859,1.488900776,1.488900776,60.43831132,34.47174924,43.41658669,13.45362405,4.951909652,4.242640687,30,31.05556991,NA,NA,0.093927197,-0.003028109,NA,-0.001887073,0.00677968,-0.001722484,0.076601155,-0.001368031,0.004850361,-0.000344977,-0.005848152,0.000574957,0.00033881,-5.83E-05,-83.85559047,121.1543289,0.848387097,789,20155,573331,17580103,12985,330527,9494151,295264595,261387,6614541,189491109,5882947341,0.53293687,0.132002317,0.163227717,0.040877239,0.023422411,0.014533195,0.020282212,0.012109417,0.024227776,0.035830452,0.018383547,0.008343843,0.007274973,0.016373635,0.008858393,0.004701448,0.004542233,0.007225843,0.003953981,0.006149244,0.020727014,0.005517568,0.002158279,0.009912703,0.009000909,0.007258154,0.004874258,0.005157414,0.006947573,0.002912453,482.5449937,995.4575412,0,8,10,8,1,0,1,6.414213657
9,9,2,1,blind_0014.tif,vhip,943,4020,666,179,599,119,640.2407211,147.3467656,943,-3.64E-12,168666.3563,-2313000.808,3.25428572978126e-12,41242.2842,-282407.4221,11799398.7,134899.6076,1247.707459,5997247.006,-27130588.16,5.157081825,2194,0.673745674,34.65061169,1,0.234577114,0.193908112,0.341373411,0.010045854,0.008279223,0.007238726,5.59005871304403e-05,0.000402614,-3.93E-06,208.2155397,113.6995864,178.8614595,-43.73519003,-43.73519003,143.0536666,57.71870265,66.00757532,10.63014581,3.199944229,2.236067977,43.53041302,42.65200327,NA,NA,0.18967281,-0.084702563,NA,0.046378781,-0.010341818,0.014070995,0.151700601,4.56913026046746e-05,0.007151825,-0.001053582,0.001860088,0.014476608,-0.000917258,0.001071321,56.13137245,247.2081528,0.429808569,943,38890,1772518,84698764,26731,1143648,53364468,2588229624,892637,39152412,1836669596,88860476232,0.274440945,0.069070641,0.078123725,0.037109452,0.050649827,0.015739717,0.000184522,0.028730372,0.020486438,0.014540096,0.028443401,0.013013042,0.007115331,0.019615418,0.01884951,0.016490619,0.004403023,0.010766941,0.01129953,0.003254414,0.009595685,0.015892861,0.016453622,0.009861288,0.005321296,0.005559204,0.010694524,0.005922928,0.005194935,0.007022431,640.2407211,147.3467656,0,1,1,1,0,0,0,0
10,10,2,2,blind_0014.tif,vhip,2021,6413,984,465,931,344,958.635329,402.7689263,2021,2.64321897702757e-12,223994.2375,-16940.41263,3.1377567211166e-11,-105963.3013,-222051.1896,-24413939.64,1735239.089,-10781951.02,211475333.1,-2296097557,8.253187942,4506,0.93579108,50.72688754,1,0.31514112,0.121165301,0.479682122,0.139592495,0.042444497,0.013892496,0.000288925,0.003204104,0.000174149,862.2625923,107.1749763,110.8333684,52.43112387,52.43112387,858.6042002,117.4572325,120.2039933,13,3.682334635,2.828427125,51.89873408,41.4101391,NA,NA,0.054840855,-9.23E-05,NA,-0.025943159,-0.001209309,-0.002957597,0.424841267,-0.058719395,0.025618918,-0.006187401,0.103354721,-0.033804554,0.010283382,-0.0046093,-3.991355414,457.8244225,0.448513094,2021,55851,1767455,61207569,118772,3176340,97792720,3311503650,8715342,217614694,6330705438,2.04986e+11,0.178089634,0.039092169,0.065337907,0.029228177,0.049933875,0.013559412,0.006229962,0.017865204,0.012936884,0.029875444,0.019821429,0.005030494,0.02445527,0.009189159,0.008161011,0.008648975,0.005438384,0.013015456,0.007117841,0.002925276,0.021137179,0.004484087,0.006776494,0.008004261,0.005494861,0.004884257,0.004429234,0.005008493,0.006436415,0.001308249,958.635329,402.7689263,0,2,2,2,1,0,2,2
11,11,2,3,blind_0014.tif,vhip,1115,4704,467,619,383,563,424.1659193,596.2179372,1115,-5.73E-12,362052.3049,-258148.4689,-1.56E-12,145827.6816,102447.3891,110808394.1,120666.0413,-91886.16885,66764193.1,394342720.7,5.690917537,2295,0.937605509,37.67840353,1,0.237032313,0.175718589,0.38827915,0.092733825,0.000486218,0.000219328,-1.61E-08,3.3189759097677e-05,-6.98E-08,386.2368028,46.69444937,324.7105874,-130.7871584,-130.7871584,108.2206648,78.61163301,89.69392399,10.04987562,3.53240479,2.828427125,31.30495168,27.33333477,NA,NA,0.291220258,-0.006218453,NA,0.1172979,0.002467821,0.079937039,0.097058892,-0.002213416,0.048163607,0.008519455,-0.014642862,0.035127402,-0.001468996,0.023149395,64.8062948,282.3797257,0.48583878,1115,45900,2251568,122238150,37038,1670531,86901153,4925332775,1350992,65211131,3552587045,2.08928e+11,0.176148616,0.018862463,0.09677929,0.028472932,0.017863176,0.008465981,0.052816603,0.025722759,0.00893437,0.018153448,0.010116266,0.00456351,0.025238416,0.020535567,0.010898668,0.004245604,0.013371928,0.010358667,0.002458311,0.003257722,0.009227221,0.014152774,0.009473139,0.004961452,0.006645782,0.006233729,0.008529645,0.002505575,0.002315063,0.002423687,424.1659193,596.2179372,0,3,3,3,0,0,0,0
12,12,2,4,blind_0014.tif,vhip,1852,8073,968,691,851,622,903.4427646,657.712203,1852,1.64774860422767e-11,1339190.933,11099626.32,1.96109795069788e-12,554102.9935,-2072727.766,770896832.1,514061.6042,-3878878.856,420197290.7,271167986.5,9.329506071,4966,0.924237296,48.5596503,1,0.229406664,0.107186811,0.540321985,0.162267914,0.025260391,0.002682234,1.60848739408462e-05,-3.14E-05,-1.51E-05,873.3540314,127.3222847,723.1052554,-299.1916812,-299.1916812,277.5710606,118.2102555,121.7086685,10.19803903,3.195895616,2.828427125,54.2182583,45.13487072,NA,NA,0.390445602,0.075197933,NA,0.161550584,-0.014042351,0.12135937,0.149876383,-0.026278693,0.066150069,0.000991962,-0.002961833,0.043456134,-0.009627168,0.032367997,63.33500547,465.9665581,0.372935965,1852,97124,6432642,488906906,66139,4022615,285768475,22476495359,2876031,186524615,13634053643,1.09036e+12,0.158431796,0.021954671,0.06729839,0.034269283,0.011896102,0.014457593,0.026740067,0.021499522,0.016451702,0.017398261,0.017016378,0.005940726,0.019741724,0.004075074,0.017311883,0.007263246,0.010525979,0.008209374,0.011612471,0.00333642,0.012041121,0.002298018,0.009453351,0.010509134,0.003142902,0.007861607,0.006195532,0.007128038,0.006472302,0.004058732,903.4427646,657.712203,0,4,4,4,1,2,0,20.14213604
13,13,3,1,blind_0022.tif,vhip,993,1932,996,51,927,23,962.9728097,37.18227593,993,8.58335624798201e-12,351410.2659,-322392.0943,-6.20E-13,-62492.07855,443960.8719,-40844276.82,36120.00806,-9644.384255,17388620.73,-65259400.32,3.450782275,1277,0.966145145,35.55737431,0,0.513975155,0.289789364,0.393013201,0.118306961,0.002003115,0.000293848,5.2657989744528e-08,1.53759343536061e-05,-2.19E-07,365.9060968,24.35601191,353.8874782,62.9326068,62.9326068,36.37463047,76.51468845,70.83784299,8,3.273010099,3,21.70607855,19.74072416,NA,NA,0.356382153,-0.010375553,NA,-0.06337624,0.014288004,-0.041714156,0.036631048,-0.000310385,0.017758954,-0.00211505,-0.000884339,-0.006237613,0.000574152,-0.004368859,-79.18806938,207.509668,0.777603759,993,35721,1636395,83825763,14083,444113,19155735,953305067,235849,6701947,277639933,13634864665,0.251958324,0.017735346,0.092698231,0.069837458,0.007337875,0.011105297,0.037298569,0.04941204,0.030157793,0.007739972,0.002096244,0.006558865,0.02315187,0.02538948,0.025353813,0.012962675,0.005285831,0.00362834,0.004538776,0.004762754,0.015668883,0.01260389,0.015080404,0.011144831,0.005825299,0.004707994,0.003091752,0.003056816,0.004743174,0.00474257,962.9728097,37.18227593,0,1,1,1,0,0,2,6.242640734
14,14,3,2,blind_0022.tif,vhip,1022,3927,373,144,296,93,341.574364,112.2299413,1022,2.21689333557151e-12,218965.8483,-2379122.944,-3.84E-12,-42330.97554,210469.9611,-54566537.28,142472.9638,649970.9017,32521039.19,-195509571.7,6.272965216,2434,0.692731313,36.07285426,1,0.260249554,0.159414243,0.346045332,0.011933494,0.017373415,0.005080922,-3.69E-05,0.000431892,-3.03E-05,232.6510766,121.0072523,214.2522978,41.41974123,41.41974123,139.4060311,61.01161549,84.52810184,10.77032961,3.397353491,2.236067977,46.28340789,44.00131859,NA,NA,0.209640213,-0.071250784,NA,-0.040528123,0.006303226,-0.051117983,0.136405119,0.01946555,0.03046574,-0.005729146,0.042678521,-0.000355678,0.004161335,-0.009754465,-66.04905764,283.8355698,0.419884963,1022,46577,2341683,124300049,19653,853342,41382482,2100725026,520399,22738780,1113317572,56615869576,0.182120478,0.032789984,0.098197295,0.015291295,0.032211728,0.007374834,0.044986604,0.015339316,0.015752783,0.022868465,0.011057788,0.005413745,0.020651812,0.016067207,0.018047898,0.006273218,0.010354798,0.009960686,0.00686158,0.000835421,0.006460293,0.011776347,0.012843048,0.00429492,0.005636899,0.006509765,0.00386744,0.004872724,0.002520811,0.002116349,341.574364,112.2299413,0,2,2,2,2,0,2,33.62741709
15,15,3,3,blind_0022.tif,vhip,1697,10404,556,127,454,25,500.0606953,96.65291691,1697,-8.38E-12,857816.7484,9455780.171,-5.57E-12,444533.7496,-4636880.403,526501232.9,913546.5681,-17393578.14,745253793.2,-19974768571,18.76367821,5692,0.818068697,46.48319597,-14,0.163110342,0.053294455,0.6150975,0.095685293,0.281944606,0.075185398,0.008887427,0.012267507,0.006390877,784.3770689,259.4433886,505.4901287,-261.9527104,-261.9527104,538.3303289,112.0269303,131.552271,12.04159458,2.740004647,2,66.20583276,64.42898585,NA,NA,0.297872792,0.079706321,NA,0.154362234,-0.039086005,0.107734268,0.317224708,-0.146616999,0.152496076,-0.099219106,-0.22682443,0.213682664,-0.165610483,0.166068947,43.20659782,632.5645379,0.298137737,1697,78165,4458151,293824587,121595,6045284,355753710,23768508092,9626183,489699384,29173910742,1.9592e+12,0.12485193,0.049716865,0.025012684,0.024352023,0.03064788,0.006581024,0.016128284,0.023633794,0.008176079,0.011189624,0.018715376,0.004315264,0.002089522,0.00537758,0.008503882,0.005709992,0.006162397,0.016992393,0.003954956,0.002150646,0.002500507,0.006765245,0.010784717,0.005458109,0.002090861,0.006151664,0.00433633,0.005803283,0.003655312,0.001307904,500.0606953,96.65291691,0,3,3,3,15,12,5,184.6518064
16,16,3,4,blind_0022.tif,vhip,1630,10010,811,248,701,157,752.0570552,214.9447853,1630,3.11217718262924e-12,777011.6939,3019380.99,3.63797880709171e-12,-202452.865,1616310.763,-173374088,721059.0307,-2449849.219,157516446.4,-1706715168,21.63788035,6390,0.654772412,45.55634377,-3,0.162837163,0.046215248,0.563841592,0.023668589,0.05171287,0.021217396,0.000599742,-0.000210071,0.000366402,584.9153789,334.1464153,476.6942907,124.2042117,124.2042117,442.3675035,96.74009542,109.0733698,10.29563014,2.411779025,2,83.79474031,73.11868875,NA,NA,0.292450485,0.028148088,NA,-0.076198903,0.015068008,-0.040033299,0.271391106,-0.022838646,0.036371657,-0.009761227,-0.160633134,-0.015669098,-0.003581824,-0.007069123,-48.93384925,665.7422074,0.255086072,1630,83223,5026133,338982789,94450,4619886,272181214,18133206750,6193944,290332516,16454254644,1.06251e+12,0.174303777,0.026122541,0.058839645,0.017581249,0.031048064,0.022167597,0.010309951,0.01872812,0.00577062,0.021136877,0.018858625,0.004223973,0.000710113,0.01024888,0.008199909,0.004983348,0.005158957,0.011660825,0.005638526,0.004983766,0.003410576,0.010489684,0.016049965,0.004108813,0.003616116,0.006188437,0.005161612,0.009084008,0.005549234,0.00120406,752.0570552,214.9447853,0,4,5,4,28,27,4,265.0487763
17,17,3,5,blind_0022.tif,vhip,1736,10416,240,319,147,207,195.2736175,285.2903226,1736,-5.12E-12,603325.0317,-5270693.443,-3.78E-12,-403288.9032,3266286.199,-281132006.4,1133089.677,4403121.536,260531534.2,-1570401679,23.863121,6305,0.845244834,47.0142941,-21,0.166666667,0.041905667,0.576174474,0.102530396,0.151848993,0.065977371,0.005893786,0.010631478,-0.00297899,778.0562377,222.1826501,347.5374606,232.3092761,232.3092761,652.7014271,111.5746378,116.3615057,9.433981132,2.46145461,1.414213562,71.56159769,59.62317,NA,NA,0.20019439,-0.041975266,NA,-0.133818707,0.026012371,-0.05373548,0.375980085,0.035066012,0.049797912,-0.007204216,-0.282780034,-0.087953901,-0.006356279,-0.016597544,-28.35143773,721.51176,0.275337034,1736,83803,4648799,277393015,135912,6157675,328285831,19089679585,11773684,509614203,26235104035,1.48324e+12,0.157538367,0.064929271,0.014392185,0.034432418,0.034069644,0.010540374,0.026726342,0.016328288,0.007596081,0.016339187,0.013854327,0.005793658,0.008362507,0.014855217,0.010266952,0.008631809,0.004173207,0.00838518,0.004460748,0.007305916,0.006614301,0.009291227,0.007935437,0.005616446,0.006214003,0.004702803,0.004264067,0.006450765,0.003039851,0.000351355,195.2736175,285.2903226,0,5,7,5,27,30,4,284.9482709
18,18,3,6,blind_0022.tif,vhip,1607,10707,907,364,824,235,870.5140012,306.661481,1607,1.18234311230481e-11,492887.435,-3132312.492,-1.66E-11,-402917.3833,-1554781.452,-390498372.5,983751.8457,12554456.31,606613943.7,7685156348,18.27109548,5322,0.883029256,45.23379211,-4,0.150088727,0.054731256,0.571798042,0.133500048,0.172306858,0.044579796,0.003892738,0.016145978,0.000335107,753.0198118,165.859641,306.7127785,250.7264364,250.7264364,612.1666743,109.7648258,132.438665,11,2.582272862,2,60.41309683,51.51460236,NA,NA,0.190860472,-0.030256967,NA,-0.156021429,-0.015018607,-0.094096094,0.38093757,0.121271352,0.146172192,0.046195231,-0.17549695,-0.22070922,-0.119009664,-0.13398556,-29.32641329,607.4284989,0.301954153,1607,74748,3969716,227367396,115160,4953635,245438347,13070830133,9236288,384423855,18693927439,9.78555e+11,0.113112317,0.018571169,0.061047566,0.017587731,0.021296589,0.002376809,0.035594851,0.013203384,0.004894116,0.014737252,0.000781131,0.005892858,0.019787803,0.011614385,0.004315232,0.002796031,0.007244262,0.001036279,0.005270682,0.005755137,0.008608297,0.011922527,0.002650575,0.006064463,0.001471631,0.004137442,0.00040842,0.002323938,0.004594501,0.004545401,870.5140012,306.661481,0,6,8,6,13,12,3,156.1665248
19,19,3,7,blind_0022.tif,vhip,932,2484,695,391,641,345,667.2757511,369.8658798,932,-1.07E-12,100638.132,-110483.7606,4.9737991503207e-12,-17821.53112,-22.27897686,-2688417.738,104264.235,110649.9487,9203006.221,17553954.21,5.129652528,1776,0.545576768,34.44792092,0,0.375201288,0.194944978,0.235893053,0.001701211,0.000724767,0.000446543,1.99508496582576e-07,1.87497631797039e-06,-1.57E-07,129.1466754,90.70564965,107.9808283,19.1218145,19.1218145,111.8714968,45.45708753,56.22277119,10.81665383,3.369308337,2.236067977,41.09609905,38.09580547,NA,NA,0.115859258,-0.004166378,NA,-0.020516968,-8.40E-07,-0.003320848,0.120033795,0.004172645,0.011367945,0.000710263,-0.021130712,-0.009387111,-0.002801645,-0.002189813,-42.09553491,245.1076477,0.524774775,932,24489,744105,24730119,23175,591119,17566255,575333231,680531,17105817,500515165,16185065721,0.375406281,0.041617386,0.157298317,0.022083337,0.038793341,0.011915605,0.024724979,0.019785483,0.008915956,0.018693688,0.017551628,0.005392727,0.003698528,0.017108066,0.004594462,0.017504638,0.012200659,0.017193116,0.01719866,0.007962722,0.002744577,0.001965857,0.005391184,0.016032317,0.009390407,0.012343297,0.013849748,0.013713691,0.009655608,0.00716701,667.2757511,369.8658798,0,7,9,7,1,0,2,3
20,20,3,8,blind_0022.tif,vhip,1639,10086,650,572,527,490,575.0579622,533.4734594,1639,-5.00E-12,1145985.494,13312049.26,2.1529444893531e-12,-88819.97865,-8524768.844,-34440027.73,321896.5955,1769979.191,230329226.3,2354346508,21.6328211,6435,0.854166926,45.68193969,-10,0.162502479,0.046226056,0.546428401,0.098482109,0.059200043,0.025894384,0.00095836,0.005353079,-0.000330784,704.9724118,190.6237377,699.1979827,54.1915672,54.1915672,196.3981669,106.2052663,124.1933976,11,2.62702651,1.414213562,73.97346308,55.22662223,NA,NA,0.426600356,0.122404542,NA,-0.033063799,-0.078385409,-0.007822159,0.119828046,0.016274992,0.052313309,0.013208212,-0.003237942,-0.019020322,-0.033192279,-0.016734992,-83.91774912,667.4995667,0.254700855,1639,78767,4931367,360450953,71253,3335454,197321800,13791153528,3419511,158382086,8980420928,6.01421e+11,0.135166932,0.037314538,0.051996033,0.024530412,0.027438258,0.007926222,0.017018368,0.026411372,0.010095406,0.011162177,0.014808428,0.006424997,0.004076215,0.016720662,0.005197859,0.006626052,0.005412169,0.012963808,0.007103079,0.003181891,0.00766759,0.004505551,0.00998576,0.002709975,0.0042117,0.008545135,0.007037214,0.005479895,0.005787481,0.00212776,575.0579622,533.4734594,0,8,11,8,20,17,3,258.5634956
21,21,3,9,blind_0022.tif,vhip,1327,4830,551,842,481,773,507.8425019,803.6028636,1327,1.90425453183707e-12,234704.0829,2341168.537,3.5242919693701e-12,159964.9985,2701212.978,130039066,329143.7091,3055922.324,132610875.2,3607765606,6.628112777,2887,0.862212431,41.10460894,1,0.274741201,0.150872508,0.320199049,0.035884772,0.019833435,0.012885267,0.000201038,0.002261339,-4.49E-05,338.1407077,86.76343102,176.8681861,-120.546344,-120.546344,248.0359526,73.55441063,87.78382539,13,3.600458844,2.828427125,44.41176471,37.25875597,NA,NA,0.13328424,0.036496849,NA,0.090841254,0.042109639,0.055649475,0.18691481,0.04763926,0.056750066,0.042382843,0.034089983,0.055406496,0.039807722,0.041692227,36.77700528,332.4568901,0.459646692,1327,35620,1190834,46906222,40610,1250039,47731865,2128799621,1571926,55041123,2340028149,1.13623e+11,0.219256278,0.067796225,0.080612483,0.04220284,0.055368019,0.015264422,0.009417471,0.025103245,0.013038954,0.025848073,0.013734607,0.005958717,0.001143594,0.002375319,0.003042642,0.005777514,0.012338171,0.008145773,0.007524458,0.004232163,0.005034965,0.003340951,0.008715379,0.00148616,0.003392449,0.007705351,0.008434284,0.004943837,0.007549367,0.002976603,507.8425019,803.6028636,0,9,12,9,3,1,4,43.04163158
22,22,3,10,blind_0022.tif,vhip,1160,9800,339,915,241,815,290.525,883.3465517,1160,5.04485342389671e-12,501699.275,-3084753.214,8.64019966684282e-12,-379901.05,-4470603.447,-420883399.5,578152.6862,9702143.428,532295297.5,13439996125,19.21521444,4352,0.910203547,38.43120961,-4,0.118367347,0.052042094,0.802505916,0.322065436,0.493587338,0.184468157,0.048254214,0.074070738,-0.027746438,794.6081258,136.2987373,432.499375,327.5009052,327.5009052,498.4074881,112.7551773,131.1373326,8.485281374,2.010461284,1.414213562,51.75318682,46.69882008,NA,NA,0.372844289,-0.067309359,NA,-0.282328367,-0.09754863,-0.26964218,0.429661628,0.211700906,0.341019067,0.252811125,-0.306950118,-0.470486497,-0.410171662,-0.549648862,-42.1270394,529.2447327,0.266544118,1160,57449,3346861,212361851,79282,3546540,186646606,10633717806,5996804,254764008,12790618098,6.95705e+11,0.085884624,0.025372367,0.033700613,0.018301354,0.021868913,0.004523213,0.008974977,0.014701829,0.006445087,0.014593217,0.007261277,0.001059432,0.000187805,0.009951923,0.001482415,0.003602723,0.008231892,0.010016948,0.003127383,0.000635818,0.00486903,0.005107907,0.003880771,0.000172592,0.002527051,0.005594589,0.006843908,0.004916864,0.003084492,0.001215162,290.525,883.3465517,0,10,13,10,8,3,5,135.7817476
23,23,3,11,blind_0022.tif,vhip,1799,13635,762,1009,627,908,681.2217899,967.188438,1799,-6.03E-12,1425442.506,28501895.19,-4.26E-14,-660869.1868,-15352270.04,-1853798849,470487.1195,8360132.312,1160049313,56599986379,13.39105108,5496,0.961649061,47.85977372,-1,0.131939861,0.074676737,0.585814188,0.253853173,0.092478277,0.092927394,0.008614205,0.046781202,8.32982684152739e-05,980.142539,73.73718605,792.3526992,367.3536336,367.3536336,261.5270259,125.2289129,153.5252422,13.60147051,3.623581571,2.236067977,44.11714452,34.34814372,NA,NA,0.440440633,0.207632738,NA,-0.204198796,-0.111839365,-0.318397111,0.145373555,0.060902517,0.199242949,0.229196117,-0.032438877,-0.131022827,-0.14583747,-0.299242613,-62.92404724,550.2091988,0.327328967,1799,97545,6714507,547154571,106480,5112667,310401891,22205271703,6772872,297365745,16671552505,1.1058e+12,0.096780422,0.027568847,0.046737318,0.022280887,0.021812787,0.009960845,0.021835831,0.01969469,0.010258207,0.016080334,0.00976915,0.00479198,0.008280893,0.014818093,0.009942824,0.005694877,0.010732822,0.008562557,0.005319244,0.002250281,0.001067374,0.010824129,0.006496863,0.006801063,0.00307674,0.004850259,0.00862631,0.003321155,0.003737193,0.000792643,681.2217899,967.188438,0,11,14,11,9,7,2,143.7523102
24,24,4,1,blind_0038.tif,vhip,1689,9360,646,252,566,135,595.0426288,197.7519242,1689,9.80548975348938e-13,314490.9307,2218888.78,-2.15E-11,-453534.1385,-2917604.445,-266830145.8,1251371.056,4853047.48,454573481.8,9891457951,18.38044695,4424,0.9532939,46.37350096,-6,0.180448718,0.054405641,0.548901202,0.208959653,0.011150105,0.011939583,0.00013702,0.005026185,1.4256707314083e-05,849.5857908,77.50834008,186.1994853,268.5222845,268.5222845,740.8946455,116.5906199,134.1118936,7,2.348883447,2,40.90877607,35.21552841,NA,NA,0.110242442,0.018926112,NA,-0.158982999,-0.024885839,-0.055379107,0.43865876,0.041394288,0.094344187,0.04995242,-0.066224162,-0.190266951,-0.075518907,-0.095394365,-22.0368785,624.5939751,0.381781193,1689,49053,1739119,70994763,105988,2624636,79871812,2786389982,7902322,177436972,4967873348,1.62571e+11,0.119565306,0.028585264,0.056592916,0.019869052,0.028773549,0.011968072,0.022914217,0.010334494,0.008022146,0.020014516,0.016464389,0.005694715,0.008804473,0.003653832,0.00295831,0.005226605,0.012175002,0.011981329,0.007192892,0.003371849,0.002309279,0.005161179,0.006406813,0.00130288,0.004202242,0.005473501,0.007142515,0.00297088,0.004116774,0.002381123,595.0426288,197.7519242,0,1,1,1,12,9,4,147.7817483
25,25,4,2,blind_0038.tif,vhip,2039,16352,391,353,245,241,317.2913193,302.4428641,2039,1.41540112963412e-11,1518034.956,-835582.9358,6.27409235676168e-12,765616.9387,-2551323.836,2232082473,906961.0937,-2637160.336,1329239010,-6111345359,28.0753267,9147,0.899681055,50.95228583,-9,0.124694227,0.035618464,0.583279327,0.157251459,0.001535809,0.004579301,1.08669915904314e-05,0.000314477,5.4211660863777e-06,998.935428,190.3711193,744.4997334,-375.4864829,-375.4864829,444.806814,126.423759,173.104015,13.03840481,3.131147159,2,74.07656803,55.19001639,NA,NA,0.365129835,-0.004450886,NA,0.184152272,-0.013590096,0.263304669,0.218149492,-0.01404732,0.156801929,-0.01596528,-0.051503046,0.102161229,-0.012610716,0.179930295,55.87780003,848.156421,0.222914617,2039,147402,12173920,1098714654,125282,9822418,856144106,81190364392,8604646,713487446,64936359794,6.41271e+12,0.086638926,0.000987834,0.059106908,0.009353789,0.003481231,0.000396196,0.040529362,0.007552784,0.00458818,0.006550531,0.00043019,0.000219421,0.026821116,0.006646208,0.004236679,0.003341817,0.007635533,0.000804712,0.000545412,0.000175148,0.019254994,0.004687827,0.004830046,0.003086767,0.002462276,0.007022059,0.003399368,0.000559934,0.000801462,5.4911923899475e-05,317.2913193,302.4428641,0,2,2,2,28,23,6,380.0315341
26,26,4,3,blind_0038.tif,vhip,1970,12220,943,417,849,287,896.2781726,346.2035533,1970,9.09494701772928e-13,522995.5614,-3150853.492,3.60955709766131e-12,-6961.547208,4726188.522,-170863344.9,1877735.375,-27171849.12,807682666.2,-21852781835,22.8931462,7968,0.849411396,50.08275055,-10,0.161211129,0.043681196,0.618601597,0.121868861,0.212488581,0.03224696,-0.00193786,-0.010333529,0.001835751,953.1833235,265.461822,265.4799804,3.533780309,3.533780309,953.165165,123.4946686,129.5569373,10.63014581,2.666371789,2,85.21186266,65.17199669,NA,NA,0.134761411,-0.018292061,NA,-0.001793797,0.027437559,-0.022348595,0.483840185,-0.157744283,0.10564333,-0.064398379,0.008033071,-0.024462886,0.033013523,-0.030695158,-0.294413162,752.8193719,0.247238956,1970,93138,4926390,279212412,116631,5507139,295727723,16983158355,8782705,387234097,20184542033,1.1412e+12,0.146522474,0.041706228,0.039335091,0.015497853,0.0452166,0.007499282,0.011646967,0.011875314,0.01378036,0.023346487,0.000507179,0.005966051,0.018740205,0.018504207,0.012336477,0.005067365,0.002734152,0.001912138,0.007185077,0.004665435,0.010567241,0.012709729,0.004912425,0.00411971,0.00277338,0.008679581,0.001365177,0.00746061,0.005140127,0.004764908,896.2781726,346.2035533,0,3,3,3,21,14,8,216.0365819
27,27,4,4,blind_0038.tif,vhip,1868,15792,847,574,706,462,797.2505353,514.3131692,1868,-7.50E-12,1660094.749,-59812404.54,1.89857018995099e-11,133878.4368,5209807.237,269736273.6,510473.796,11425284.18,436287475.4,10354270349,22.6037165,8849,0.839350412,48.7689601,-7,0.118287741,0.044240512,0.622042075,0.114431089,0.398666532,0.104614366,0.020820283,0.031345371,-0.00479123,896.9376854,265.0369107,888.701686,-71.66939873,-71.66939873,273.2729101,119.7956717,142.7725464,12.04159458,2.940368005,2,101.7161157,65.11981704,NA,NA,0.475750367,-0.396596687,NA,0.038366916,0.034544545,0.041381739,0.146291708,0.07575736,0.066933283,0.036753648,0.006400444,0.020335281,0.021305704,0.022634554,83.44452308,728.4224023,0.211097299,1868,170456,17214296,1813970390,97721,9050972,930177144,99934749998,5622569,538494926,56983177194,6.29463e+12,0.104507647,0.022503662,0.052129193,0.015669869,0.027607731,0.004155895,0.020226766,0.019800217,0.004031765,0.02086227,0.002128684,0.005627349,0.004849392,0.016776889,0.004786165,0.002173942,0.010427257,0.006344681,0.005723597,0.001353738,0.000229732,0.012030224,0.001595393,0.004462914,0.002456738,0.003760599,0.006948537,0.004137846,0.002907189,0.00159945,797.2505353,514.3131692,0,4,5,4,26,21,6,332.5756895
28,28,4,5,blind_0038.tif,vhip,1462,7038,987,574,918,472,967.2428181,521.1716826,1462,3.24007487506606e-12,237162.7996,-3992688.162,-2.19E-12,302049.0527,-4195429.46,189795384.4,1033323.908,-3420993.317,265002103.4,-6840574235,17.13670502,4344,0.938389167,43.14482836,-13,0.207729469,0.058354275,0.594395319,0.218621113,0.033452458,0.009773705,0.000126011,-0.000474099,-0.00012391,776.2961849,92.7097708,162.2180572,-206.5998992,-206.5998992,706.7878985,111.448369,113.4416149,9,2.504974468,2,50.40015406,38.51436528,NA,NA,0.110956263,-0.048853644,NA,0.141313201,-0.051334341,0.060735628,0.483439055,-0.041858513,0.084802216,-0.057250167,0.012027724,0.136486518,-0.063984248,0.069663172,18.59495247,561.1025971,0.336556169,1462,71993,3782301,205615601,71889,3842066,211534168,11877751736,4568227,251235898,14091673116,8.01757e+11,0.144648086,0.047813927,0.034896667,0.015463881,0.043021853,0.017534846,0.018431974,0.006564185,0.006497094,0.011319845,0.019636096,0.004555315,0.012265595,0.019064474,0.01017344,0.006243863,0.008043131,0.00438888,0.004338845,0.004365585,0.00080626,0.008322239,0.013589733,0.0036841,0.003123755,0.008732239,0.008700452,0.004252639,0.005234774,0.004510484,967.2428181,521.1716826,0,5,6,5,21,18,4,214.5513013
29,29,4,6,blind_0038.tif,vhip,940,3577,165,562,92,513,112.5446809,541.5510638,940,1.86162196769146e-12,286231.1234,6448816.266,-1.10E-12,2244.855319,-334995.7573,-12052010.94,92440.54894,-836259.1937,14216380.74,-75522898.59,7.943247871,2193,0.82289881,34.59545016,-3,0.262790048,0.125893088,0.428555537,0.048126794,0.109567658,0.044083704,0.002768524,0.009087189,-0.00131227,304.5288555,98.31334914,304.5011951,-2.388143957,-2.388143957,98.34100951,69.80302062,73.05477397,11,3.073408014,2.236067977,44.7522065,39.66123531,NA,NA,0.323937442,0.238045716,NA,0.002540579,-0.012365728,-0.014510285,0.104618095,-0.030868908,0.017116126,-0.002965727,-0.021714686,0.007988445,-0.003099519,0.000857564,89.33640875,306.3147545,0.428636571,940,19312,682990,32241682,26838,553623,19257335,890677719,858694,16933521,561759149,25120739673,0.212524568,0.081214709,0.029415914,0.061641686,0.028553604,0.009839649,0.007729431,0.043182451,0.007269839,0.009244211,0.016825775,0.015615259,0.007810525,0.012115262,0.018208995,0.009174129,0.012851035,0.008407677,0.007585657,0.008568854,0.008184027,0.00775825,0.012149937,0.004643924,0.00352802,0.005954879,0.002166505,0.002591227,0.004568576,0.002551984,112.5446809,541.5510638,0,6,7,6,5,3,4,65.52691287
30,30,4,7,blind_0038.tif,vhip,836,2184,376,633,285,609,315.6830144,620.4389952,836,4.43378667114303e-12,389110.9988,8629557.431,5.43565192856477e-13,13425.33373,455591.5333,24699005.7,18543.88876,-146669.098,5460547.112,13314945.42,5.753813272,1393,0.976549619,32.62557677,0,0.382783883,0.173797785,0.583284047,0.282606927,0.206140097,0.176687386,0.033720032,0.093884614,9.08243420661781e-05,466.0248213,21.60064232,465.4437785,-16.05901164,-16.05901164,22.18168511,86.35043219,90.00555538,8.246211251,2.936389745,2.236067977,22.1969243,18.59059647,NA,NA,0.556750931,0.427044202,NA,0.019209344,0.022545504,0.042272763,0.026533116,-0.0072581,0.009345818,0.000788165,-0.000934981,0.001007171,-4.93E-05,0.000817595,87.9278436,245.8589104,0.600143575,836,25651,1176161,68595919,9563,306847,14733551,889221895,127935,4085907,197090795,12005168415,0.131064153,0.04236978,0.041508648,0.041882007,0.026629401,0.016479603,0.014766017,0.028519847,0.021321424,0.009256718,0.015737099,0.007600105,0.013872679,0.012845205,0.017482358,0.012618625,0.006957219,0.007464346,0.007806513,0.003652438,0.007652702,0.01078751,0.008779471,0.010180066,0.008219383,0.004954203,0.004969148,0.004526347,0.002758339,0.001774646,315.6830144,620.4389952,0,7,8,7,3,2,3,46.21320432
31,31,4,8,blind_0038.tif,vhip,1070,4088,758,690,702,617,728.753271,647.0794393,1070,2.61479726759717e-12,135132.8636,-86896.35144,2.89190893454361e-12,127445.972,867070.1992,48897870.18,305292.2477,1753862.683,66410317.5,883933714.9,8.233860403,2119,0.905898102,36.91024672,1,0.261741683,0.121449715,0.384684349,0.071654261,0.020766744,0.007361696,9.08089993416481e-05,0.001958978,6.2376813994008e-06,349.0166039,62.59564953,126.2923958,-119.108385,-119.108385,285.3198576,74.72794432,82.8794305,7.071067812,2.496816687,2,35.49690518,31.64696498,NA,NA,0.118030276,-0.002320289,NA,0.111316248,0.023152336,0.039915228,0.266654073,0.046831292,0.054210601,0.022058525,0.05019933,0.076562087,0.036856576,0.031689946,28.13696686,332.7350647,0.504955168,1070,28626,900972,31247544,32185,988500,34786996,1332050952,1273399,43488458,1656334386,67688530550,0.197942147,0.048466289,0.079540094,0.043029725,0.023178777,0.017108951,0.029085161,0.031232053,0.010274346,0.004414315,0.017691255,0.006914849,0.025254222,0.00900205,0.00559478,0.001037972,0.002903498,0.011900695,0.010396877,0.005482729,0.021497506,0.000686818,0.001530045,0.005809003,0.004651258,0.004672717,0.008172305,0.008817065,0.007194242,0.005415577,728.753271,647.0794393,0,8,9,8,2,1,1,9.242640793
32,32,4,9,blind_0038.tif,vhip,1902,11466,851,890,704,812,786.8869611,847.606204,1902,-7.97E-12,1426564.697,-18268762.31,8.68993765834603e-12,-666607.6661,5967768.845,-1572535346,584022.0468,-2943415.316,804090498.1,-15805150967,18.66467495,6037,0.937647769,49.21078758,-13,0.165881737,0.053577145,0.55577856,0.190061136,0.013137954,0.020942343,0.00034508,0.008847615,-3.99E-05,943.1433863,113.9474357,750.0340151,350.4772167,350.4772167,307.0568069,122.8425585,148.2969993,13.03840481,3.36991262,2,51.42079697,42.69846567,NA,NA,0.39433965,-0.115793143,NA,-0.184267727,0.03782559,-0.228543502,0.16143891,-0.018656289,0.116862021,-0.052669822,0.015706581,-0.073296881,0.025802468,-0.088953384,-61.14568409,667.9137803,0.315057148,1902,157651,14493777,1419563593,67723,4946746,411529982,36717405610,2995381,197863876,15259330428,1.27106e+12,0.110117389,0.016067676,0.063084235,0.018922229,0.015215372,0.005330716,0.044381042,0.012775013,0.008870698,0.015275555,0.003709031,0.003459422,0.031948164,0.007928076,0.007680978,0.004198112,0.011046055,0.00453863,0.002145193,0.002423128,0.01705118,0.007109503,0.005097476,0.00423997,0.001570126,0.007386005,0.00402189,0.00280977,0.001675883,0.001623925,786.8869611,847.606204,0,9,11,9,17,15,3,248.5929325
33,33,4,10,blind_0038.tif,vhip,719,1813,103,877,66,828,81.3449235,853.2364395,719,7.88702436693711e-13,58090.45897,326490.2008,-2.26E-12,-45559.637,-395844.925,-10534157.95,98823.80529,351388.6781,12088589.98,137680749.5,5.473029799,1144,0.88179543,30.25655685,-5,0.396580254,0.182714152,0.303532112,0.037275873,0.009581558,0.003390423,1.76800975688335e-05,0.00043515,7.79964025425105e-06,178.5283176,39.71127108,80.79340608,63.36528094,63.36528094,137.4461826,53.44579573,55.07267925,8.062257748,2.69270644,2,26.54866632,25.20675182,NA,NA,0.112369132,0.023553092,NA,-0.088129737,-0.02855636,-0.028340868,0.19116298,0.025349275,0.032522878,0.013814084,-0.003050311,-0.036794521,-0.015280108,-0.012696946,-32.95688415,222.373629,0.628496503,719,11033,227391,5598575,18145,232874,3944476,80347982,556739,6594980,100411130,1789254560,0.300993325,0.058108724,0.106551223,0.056133702,0.055972991,0.004861191,0.003245437,0.03225059,0.023212143,0.032700418,0.004207948,0.005484281,0.011547395,0.006484077,0.016907578,0.010519844,0.012723567,0.01046575,0.012321203,0.004688875,0.012385945,0.003991248,0.007231982,0.002647368,0.006693683,0.005746489,0.006456897,0.014963781,0.009172197,0.003769161,81.3449235,853.2364395,0,10,12,10,2,3,0,24.55634958
34,34,4,11,blind_0038.tif,vhip,725,1350,445,903,415,858,429.4482759,879.3724138,725,-3.52E-13,33759.31034,1905.239001,4.2632564145606e-13,606.9655172,-15786.86564,243753.0872,74075.44828,52572.60499,2218183.209,1024998.204,4.717229539,1003,0.737859934,30.3825389,-5,0.537037037,0.211988836,0.205155308,0.005888428,0.000121561,4.04208599209288e-05,2.57016848759911e-09,7.37455383759301e-07,1.19261186011765e-09,102.1856333,46.55196477,46.56456599,-0.837193817,-0.837193817,102.1730321,40.43476392,44.18144407,8.246211251,2.904182416,2.236067977,29,27.29160011,NA,NA,0.064226988,0.000134618,NA,0.00115475,-0.001115452,0.000639641,0.14092832,0.003714621,0.00582081,9.98941559005281e-05,-0.003944609,-0.001698189,-0.000770085,4.71732567362895e-06,0.86233603,207.3086579,0.722831505,725,10475,185105,3651881,15495,224483,3957893,77989103,405241,5933551,103827977,2019040243,0.472898909,0.056252948,0.171246078,0.048191863,0.03907935,0.009662037,0.000804513,0.015069786,0.019978864,0.028509652,0.009042431,0.001906537,0.025634489,0.015408589,0.004736841,0.021077482,0.014805131,0.001953656,0.001565278,0.006377593,0.001732059,0.015317551,0.004139775,0.00994133,0.01224122,0.008848292,0.003147515,0.002426553,0.00627215,0.004804071,429.4482759,879.3724138,0,11,13,11,1,1,5,13.07106805
35,35,4,12,blind_0038.tif,vhip,780,2065,592,949,533,914,554.3141026,931.6717949,780,-9.09E-13,118236.0449,1169968.094,-9.09E-13,-11431.58974,-225739.6834,-9786515.875,37763.97949,-48125.9666,4541424.88,48009569.62,4.873066251,1315,0.835547039,31.5139151,-3,0.377723971,0.205209605,0.256410296,0.018907113,0.007538192,0.004547002,2.63498033389693e-05,0.000619732,-3.79E-06,153.6262388,46.37379243,151.5846729,14.65588429,14.65588429,48.41535832,49.57842092,58.69412236,11,3.427779858,2.828427125,33.37976287,27.23932229,NA,NA,0.194339324,0.068855322,NA,-0.018789595,-0.013285301,-0.020622642,0.062070972,-0.002832324,0.00956992,0.003622402,-0.000424762,-0.000618024,-0.00044562,-0.00112563,-82.06972483,218.5512986,0.593155894,780,16625,472583,16282841,13784,282362,7638342,247946390,281352,5544606,142028114,4316779470,0.288280652,0.078456007,0.111687376,0.056750336,0.052268477,0.013806281,0.020580884,0.038153017,0.019813461,0.012339895,0.006193365,0.003328588,0.015545723,0.008068215,0.012786281,0.009141552,0.007820308,0.005038562,0.007999927,0.001992649,0.012775122,0.006292581,0.002473607,0.003356075,0.005729759,0.004061227,0.002333869,0.011698569,0.00709763,0.001907622,554.3141026,931.6717949,0,12,14,12,4,0,5,17.31370848
36,36,5,1,blind_0049.tif,vhip,1295,4980,548,80,465,20,495.8332046,48.85559846,1295,7.105427357601e-14,400469.9722,5494153.617,-3.09E-13,-98601.19073,-3063524.759,-114110280.9,176051.9969,607756.8329,73359568.91,1763128484,10.45120441,2918,0.826224295,40.60597506,-12,0.260040161,0.095682752,0.34377661,0.031735101,0.030636212,0.011738577,0.000221181,0.002090943,2.516654495179e-05,337.9432616,107.2474481,309.2432218,76.13991562,76.13991562,135.947488,73.53293266,82.49242389,12.04159458,3.400299176,2.236067977,47.16611347,41.42413753,NA,NA,0.238797855,0.091038769,NA,-0.058795302,-0.050762964,-0.052543073,0.104978755,0.010070602,0.033779053,0.022560035,0.011833904,-0.020227517,-0.01154096,-0.014785679,-69.34665929,412.4041123,0.443797121,1295,39929,1631609,80497433,37368,1053574,37937148,1644100000,1254328,33592316,1109054234,43299928850,0.23152825,0.061177041,0.083410291,0.044109271,0.042823179,0.014185995,0.00598474,0.042206519,0.00015118,0.011527512,0.02118129,0.009025625,0.006493195,0.018137557,0.00399839,0.00641434,0.002397337,0.00577306,0.012562494,0.007306778,0.010244159,0.009610001,0.002234612,0.007096596,0.004939478,0.005215558,0.007395815,0.007544822,0.005409962,0.004904919,495.8332046,48.85559846,0,1,1,1,10,11,2,109.8111845
37,37,5,2,blind_0049.tif,vhip,1687,9240,757,111,652,23,716.1327801,70.43746295,1687,1.53477230924182e-11,1242074.257,-20284606.12,7.00595137459459e-12,656064.0083,-16952206.95,1182157441,644017.1523,-10785864.91,887026615,-32151097839,21.88801108,5407,0.930892769,46.34603664,-17,0.182575758,0.045687111,0.662723807,0.256724746,0.148402135,0.11431884,0.014708008,0.056887579,0.002321364,986.3922138,131.6228482,736.2621561,-388.8938994,-388.8938994,381.752906,125.6275265,134.3167897,10.44030651,2.86198199,2,58.22263396,45.89080051,NA,NA,0.436432813,-0.17353172,NA,0.230523947,-0.145023552,0.246223824,0.226290993,-0.092271434,0.184752959,-0.163039569,-0.063944205,0.138516232,-0.116165866,0.178477508,57.25155321,681.1858582,0.312002959,1687,108192,8180728,663683574,80027,5788418,455271192,37499246246,4440295,336226622,26937045768,2.23954e+12,0.118918499,0.022613547,0.051584842,0.026251332,0.024101486,0.005801433,0.004576503,0.030702788,0.007730222,0.011380465,0.011956915,0.00094846,0.004205516,0.01851676,0.009342746,0.004916081,0.006513797,0.010259627,0.003509735,0.000391459,0.000349626,0.008337989,0.006529429,0.005775983,0.003625336,0.002827514,0.008424421,0.006496029,0.002091033,0.000303576,716.1327801,70.43746295,0,2,2,2,23,21,5,278.877203
38,38,5,3,blind_0049.tif,vhip,1497,5025,334,160,267,85,295.4001336,128.492986,1497,-5.97E-13,304867.32,2360310.121,2.38742359215394e-12,-313280.2986,-3225400.523,-191101204.3,608948.1764,4528318.381,216252185.2,4632454902,11.56918941,3245,0.930060758,43.65821341,-10,0.297910448,0.086436479,0.407769668,0.096581368,0.018476757,0.017834565,0.000323595,0.005475816,9.95658170296668e-06,537.8310061,72.60018713,203.6521844,209.2720766,209.2720766,406.7790089,92.76473521,93.50935782,11.3137085,3.098307982,2.236067977,42.77963583,34.08229737,NA,NA,0.136040203,0.027221658,NA,-0.139794306,-0.037198819,-0.056963678,0.271729465,0.052225482,0.064460713,0.035689043,-0.070145101,-0.080203898,-0.041996433,-0.040263473,-32.05594345,466.5168107,0.461325116,1497,42515,1512299,62626349,65109,1535824,44754594,1499855092,3440733,74994604,1996916578,59963218024,0.217982571,0.050146753,0.073168704,0.057739244,0.026946292,0.017948688,0.009493371,0.046546009,0.020213296,0.009616065,0.016954035,0.004876066,0.012553264,0.017951976,0.016490516,0.00873115,0.009522549,0.006877038,0.005039896,0.000731717,0.004810567,0.012804619,0.004413707,0.005369771,0.004708978,0.007782097,0.007004409,0.001052521,0.003741402,0.000695243,295.4001336,128.492986,0,3,3,3,11,9,4,146.75231
39,39,5,4,blind_0049.tif,vhip,700,1855,270,284,235,231,250.11,261.2842857,700,8.66862137627322e-13,39130.53,85520.9934,-9.09E-13,34987.11,81905.17723,4749986.595,101550.4271,-43622.44111,7547242.696,23377377.37,6.610618115,1131,0.894374962,29.85410661,-2,0.377358491,0.151271785,0.287103994,0.036620721,0.000967307,1.13898785579836e-05,-3.65E-10,-2.11E-06,-1.14E-09,167.4642919,33.50850401,55.90075714,-49.98158571,-49.98158571,145.0720388,51.76319803,58.66856058,8.485281374,2.436646118,2,27.5137892,23.15461216,NA,NA,0.079858224,0.006596714,NA,0.071402265,0.006317806,0.013848357,0.20724577,-0.003364843,0.022003623,0.00257604,-0.007289862,0.032943589,0.0014407,0.006243019,24.13285956,241.1431816,0.618921309,700,10577,198949,4274165,21199,355304,7164244,161866724,743547,13310492,280878508,6569980796,0.258938896,0.0517588,0.117294785,0.036451644,0.044068274,0.018005163,0.033624764,0.023126594,0.009453079,0.023821165,0.025774849,0.004379482,0.013455137,0.013173123,0.001475381,0.008834067,0.004942773,0.014535175,0.003217506,0.004843449,0.00765709,0.011383267,0.007853469,0.008227152,0.004787088,0.002428481,0.007313718,0.005965454,0.007440032,0.002583492,250.11,261.2842857,0,4,5,4,4,0,8,14.48528135
40,40,5,5,blind_0049.tif,vhip,1294,6942,672,307,594,218,635.9559505,264.633694,1294,-1.71E-12,285354.4892,-124641.7567,-3.98E-13,-246726.8794,847377.618,-119951908.4,409524.3709,-1048760.111,131362336.9,-1009336780,13.55477814,3379,0.919479965,40.59029405,-9,0.186401613,0.073774723,0.414992786,0.092346348,0.004496459,0.000518219,5.59740704584469e-07,0.000117373,5.58975981182161e-07,465.1141982,71.88646655,220.5212436,190.6699223,190.6699223,316.4794211,86.26602559,96.26006441,10.77032961,2.811747731,2,40.98525249,33.91435485,NA,NA,0.170418272,-0.002069321,NA,-0.147349244,0.01406829,-0.055361052,0.244574514,-0.017411672,0.060627273,-0.012949892,-0.002290776,-0.090886179,0.012892608,-0.030872014,-37.93783058,469.4812768,0.382953537,1294,54291,2563185,131360859,60344,2285063,99674841,4809606491,3223588,111188367,4486495385,2.03141e+11,0.176201034,0.012087727,0.093588737,0.029106797,0.014901615,0.004574607,0.051783167,0.0224094,0.00935199,0.011691159,0.013657562,0.00230793,0.034127697,0.011556114,0.002855451,0.007095143,0.002752229,0.013434962,0.00604953,0.00138578,0.018650825,0.008062724,0.002278711,0.005840815,0.005362454,0.002744152,0.009362969,0.004872946,0.003082542,0.000744006,635.9559505,264.633694,0,5,6,5,15,13,5,160.5096704
41,41,5,6,blind_0049.tif,vhip,978,2542,68,359,27,297,39.80470348,328.1595092,978,9.37916411203332e-13,55023.69836,354992.0959,-2.05E-12,-13081.53374,138897.7077,-676211.5804,205937.1166,-145353.0874,8007653.607,-19539366.62,4.90751275,1692,0.860058856,35.28779215,1,0.384736428,0.203769211,0.272833435,0.025642529,0.000832245,9.87870111024486e-05,-1.06E-08,-2.62E-06,2.62762402971363e-08,211.7205117,55.1105874,56.26145027,13.37580137,13.37580137,210.5696488,58.20247578,62.8171951,10.77032961,3.429275253,2.828427125,39.28699446,29.69460217,NA,NA,0.057527045,0.011867836,NA,-0.013676689,0.004643527,-0.00072288,0.215306389,-0.004859338,0.008560295,-0.00066792,0.002404024,-0.008919689,0.002955933,-0.000612959,-4.917655833,245.5868325,0.578014184,978,12523,215377,4521955,30474,377129,6514929,139126757,1155492,13835151,234942003,4928737695,0.315567226,0.033857616,0.137591075,0.046560922,0.021470934,0.006782715,0.049391183,0.039986085,0.022353616,0.012945246,0.004642574,0.012302269,0.022944881,0.017071545,0.024818138,0.01153001,0.005811564,0.002089899,0.010858255,0.003771951,0.003279371,0.003465638,0.013473697,0.00733068,0.01187379,0.003369441,0.002424555,0.003381285,0.005222701,0.001298309,39.80470348,328.1595092,0,6,7,6,0,0,4,0
42,42,5,7,blind_0049.tif,vhip,1916,4968,627,497,558,425,592.3491649,464.0187891,1916,-4.26E-12,415909.4087,-1317915.497,-1.20E-11,-144253.5699,-793409.3964,-100015217,517711.3236,4321232.93,159737531.2,1902276436,6.942738941,3630,0.702586579,49.39156778,-9,0.385668277,0.144035374,0.254319393,0.006945345,0.00793511,0.001012474,2.66498923899719e-06,8.43538542078562e-05,1.06470787565293e-06,323.4764881,163.7994682,217.0717164,75.28891959,75.28891959,270.2042399,71.9418085,89.82761268,14.86606875,4.567713482,3.16227766,60.16268374,51.19366651,NA,NA,0.113294215,-0.008201604,NA,-0.039294843,-0.004937517,-0.014219344,0.141025177,0.026891741,0.022710174,0.00617859,-0.020814231,-0.017746401,-0.005981394,-0.006495048,-35.28211366,408.8538598,0.527823691,1916,65813,2676531,119190971,74760,2423690,93731610,3958314026,3434756,111045034,4307089214,1.82073e+11,0.302333247,0.040527658,0.145407857,0.026474986,0.038989489,0.015795128,0.041889067,0.02257232,0.017447324,0.017764866,0.026145081,0.003967204,0.011876256,0.01152561,0.013994725,0.012391999,0.002382064,0.017357642,0.003784369,0.003405604,0.00769337,0.005037151,0.005321771,0.013454688,0.00691966,0.007741888,0.008607229,0.004480742,0.006370233,0.001490616,592.3491649,464.0187891,0,7,9,7,10,9,1,88.74011654
43,43,5,8,blind_0049.tif,vhip,1008,4020,446,611,379,551,410.3204365,582.0585317,1008,-1.85E-12,140163.499,416775.328,-1.14E-12,48154.09425,136368.268,23815460.44,167909.5466,-1030429.542,30525399.66,-279875098,9.02516716,2544,0.700672168,35.82492793,-1,0.250746269,0.110801272,0.303202402,0.009729994,0.013865029,0.00115982,3.83661481950673e-06,0.000113776,-2.63E-06,202.5289402,103.0990812,139.0510903,-47.77191889,-47.77191889,166.5769312,56.92506516,70.9365914,10.63014581,3.096940041,2.236067977,53.42338133,40.6150871,NA,NA,0.13794751,0.012919648,NA,0.047392777,0.00422729,0.023252914,0.165254892,-0.031942358,0.029804357,-0.008607012,-0.032475411,0.016629581,-0.004402426,0.006112028,36.96424823,338.1137444,0.396226415,1008,31571,1128981,44556917,31307,1028703,38217275,1562214351,1140259,37674171,1415585831,58773913491,0.25044412,0.011084582,0.129972197,0.019627135,0.021674419,0.018028722,0.057658543,0.016807137,0.012095097,0.015586438,0.016940173,0.002996329,0.025160059,0.013302672,0.010878543,0.002253502,0.003187441,0.006481054,0.008335723,0.003755755,0.004575867,0.013773058,0.008912032,0.004651162,0.004360805,0.004511528,0.003261671,0.006464236,0.004363235,0.003108267,410.3204365,582.0585317,0,8,10,8,10,7,5,121.1248925
44,44,5,9,blind_0049.tif,vhip,1126,6000,556,905,456,845,493.7619893,864.3028419,1126,9.54258894125814e-12,492994.2131,8968672.812,1.84741111297626e-12,214786.1616,5443071.16,361690622.5,143727.7309,2929117.804,198286542.1,9258833782,7.139318262,2246,0.964472011,37.86380498,-2,0.187666667,0.140069396,0.502195754,0.190679711,0.1222941,0.10447294,0.011807145,0.0450203,0.000202036,528.5807891,36.89163008,437.827898,-190.7514757,-190.7514757,127.6445212,91.96353966,107.9351657,11.18033989,3.602356486,2.828427125,28.71140218,24.29539218,NA,NA,0.388834723,0.21080563,NA,0.169406284,0.127937552,0.253350682,0.113361031,0.068847926,0.138892267,0.193273326,0.034132893,0.079873886,0.109842056,0.188054598,64.55652636,317.8355698,0.501335708,1126,42520,2098634,125450152,21735,1035543,62174177,4318693137,563275,32491469,2242782503,1.71975e+11,0.123061607,0.047478365,0.038640664,0.033795673,0.033573396,0.019912797,0.002703196,0.024883931,0.013744042,0.01469614,0.022810273,0.010077037,0.001719804,0.008524966,0.013038828,0.006006641,0.00900445,0.012981023,0.012399142,0.005766277,0.000968404,0.00481676,0.009215712,0.005270366,0.002460048,0.006130959,0.005160062,0.007536104,0.006731253,0.003398511,493.7619893,864.3028419,0,9,11,9,5,1,5,57.59798026
45,45,5,10,blind_0049.tif,vhip,1126,6014,736,917,639,855,691.883659,884.7282416,1126,-1.93E-12,366257.7593,-2902836.812,-7.07E-13,47613.39964,3647361.562,39769534.62,227284.8419,2061365.913,91339648.33,1717590427,18.58356186,3841,0.664957123,37.86380498,-11,0.187229797,0.053810997,0.468139314,0.017655643,0.106518795,0.009634195,-0.000306937,-0.00125589,3.22657034961463e-05,338.3707996,188.7540683,325.2733209,-42.28543485,-42.28543485,201.851547,73.57943186,101.2422837,8.94427191,2.198484006,1.414213562,56.0330724,54.9551189,NA,NA,0.288875063,-0.0682302,NA,0.037553672,0.085730003,0.027857064,0.179264251,0.048451711,0.063979989,0.035853804,0.010410552,0.029632139,0.037112592,0.03091758,72.79017035,512.7888886,0.293152825,1126,59547,3515321,221738301,33474,1817841,113187615,7609795311,1222408,69537699,4568016173,3.23605e+11,0.139870022,0.040856635,0.058456665,0.004028638,0.039851631,0.009596951,0.008286197,0.012730228,0.012337813,0.021205538,0.01227587,0.00296702,0.009461179,0.009213858,0.009823393,0.002633522,0.007168637,0.006669635,0.000805618,0.002269472,0.015559884,0.006332448,0.001489808,0.00115892,0.004713628,0.003366312,0.006127194,0.005342604,0.005950769,0.001021091,691.883659,884.7282416,0,10,12,10,15,12,4,182.1370873
46,46,5,11,blind_0049.tif,vhip,1160,3233,861,955,808,894,833.5810345,916.6991379,1160,-3.55E-13,181634.3828,111146.938,2.40163444686914e-12,88075.78103,-559366.4128,22326878.64,181079.9991,-118880.4093,23970463.08,-111699245.3,5.142565208,2040,0.808571822,38.43120961,0,0.358799876,0.194455483,0.269555872,0.017137416,0.005021467,0.000453795,6.80032420546748e-07,-1.13E-06,-8.25E-08,232.2701795,80.41463252,156.5813644,-75.92739744,-75.92739744,156.1034475,60.96165083,68.50547423,10.63014581,3.663338308,3,41.43994728,35.86968247,NA,NA,0.134983935,0.002425228,NA,0.065454653,-0.012205383,0.014303886,0.134571938,-0.002593972,0.015356861,-0.002101103,0.033507182,0.020074696,-7.25E-05,0.003637472,45.09016025,273.7939392,0.568627451,1160,29674,940726,33468682,26331,761650,25300442,912017146,778771,23801376,800271676,28684996176,0.31471508,0.095751023,0.088700735,0.018920711,0.062485817,0.025996584,0.010134593,0.015067657,0.032123273,0.019118531,0.017554959,0.013634253,0.015546811,0.010413625,0.026782781,0.005585288,0.011484907,0.006763551,0.013705782,0.003254162,0.020581812,0.004624108,0.005828992,0.0033686,0.005612066,0.00393413,0.003976961,0.002001076,0.006354725,0.003777937,833.5810345,916.6991379,0,11,13,11,3,0,3,18.48528171
47,47,6,1,blind_0051.tif,vhip,1452,7104,882,75,771,11,822.2665289,36.41115702,1452,-4.41E-12,1094695.853,10524641.18,-4.48E-12,-75267.11777,-2421690.572,-132669328.8,181621.5393,-3789593.608,190310769.6,-5600713336,19.06451103,4411,0.916851429,42.99702105,-15,0.204391892,0.052453483,0.605376356,0.192660452,0.087167824,0.007077173,0.000173929,0.003106376,2.5437184340003e-05,758.1671646,120.8393041,753.922764,51.83685797,51.83685797,125.0837047,110.1393419,117.0469991,8.94427191,2.343430536,2,60.10142701,43.97077285,NA,NA,0.519230554,0.131005871,NA,-0.035700315,-0.030144085,-0.043338181,0.086145802,-0.04717111,0.062167516,-0.048013149,0.023150792,-0.019835926,0.018642017,-0.024169661,-85.3190652,589.7949853,0.329177057,1452,74439,4910925,374533233,36897,1816314,114653228,8418734472,1119217,49763528,2934926206,2.04274e+11,0.133718506,0.028328998,0.05370276,0.018721134,0.02671084,0.018789421,0.017537036,0.011874467,0.009121065,0.01841163,0.018424183,0.006585543,0.003531736,0.006099145,0.009483395,0.011114544,0.010326165,0.012940519,0.00400164,0.001750837,0.002677718,0.005683025,0.007618442,0.010306089,0.004948309,0.004962936,0.009734958,0.002882681,0.004256673,0.005121077,822.2665289,36.41115702,0,1,1,1,19,15,5,227.9655144
48,48,6,2,blind_0051.tif,vhip,767,2090,989,159,934,121,966.3298566,144.0847458,767,-3.24E-12,121781.5463,-857109.8623,1.56319401867222e-13,14411.55932,-260306.0378,8455499.088,34065.49153,27339.81915,4635795.065,-56246613.68,3.773745077,1369,0.862593167,31.25019569,-2,0.366985646,0.264988752,0.264915777,0.024632401,0.00532936,0.002959038,1.07471513677598e-05,0.000427665,4.75157538688022e-06,161.7844238,41.40597756,158.7764619,-18.78951672,-18.78951672,44.41393941,50.87780243,54.23098745,11,3.408897576,2.828427125,35.41020126,25.73899068,NA,NA,0.207009729,-0.052607551,NA,0.024497414,-0.015977022,0.018739291,0.057906049,0.001678059,0.010273966,-0.004501037,-0.003133841,0.002731211,-0.001331227,0.001997397,80.90484951,190.7167748,0.560262966,767,24797,923465,36872741,17706,586844,21989496,879596114,442804,15008504,565133784,22591059134,0.331582385,0.10406408,0.083255058,0.066757854,0.053208679,0.038191098,0.005343449,0.013344351,0.01758402,0.021016554,0.024516952,0.010531063,0.006736779,0.012449191,0.004347113,0.006237716,0.013510635,0.011304561,0.003502788,0.004382348,0.008371721,0.006713158,0.007958148,0.011785331,0.006896204,0.014314316,0.003963377,0.012095233,0.00143385,0.001677335,966.3298566,144.0847458,0,2,4,2,1,0,1,7.656854212
49,49,6,3,blind_0051.tif,vhip,1995,18396,453,224,327,78,396.8671679,162.4962406,1995,-4.55E-12,1341065.799,-19286100.64,-1.44E-11,573116.5038,-15044691.25,719981731.6,1396396.722,-26088430.82,1099411934,-32325054039,26.79179051,10263,0.768611635,50.39953265,-17,0.108447489,0.037324866,0.687800333,0.083135216,0.121318881,0.119195097,0.011699203,0.034024133,-0.008281149,973.691784,398.4698809,672.2134333,-287.276443,-287.276443,699.9482315,124.816139,145.7737974,12.72792206,2.862515886,1.414213562,97.89350143,79.84684148,NA,NA,0.336949089,-0.108489368,NA,0.143998217,-0.084630329,0.090676088,0.350851244,-0.146754257,0.138462365,-0.091146314,-0.147847173,0.18170791,-0.1472515,0.121219151,43.61818263,819.5533906,0.194387606,1995,139385,11079501,942200195,168570,12350625,1001215545,85571835267,15639928,1163481425,94364894105,8.02636e+12,0.116839683,0.032626646,0.039777689,0.021319564,0.02510193,0.007159046,0.004122106,0.028877015,0.002356576,0.001319717,0.016331997,0.005474468,0.008535883,0.016855416,0.006158642,0.003529921,0.012897942,0.013414472,0.004137954,0.001753002,0.006029175,0.00331146,0.006855865,0.001568357,0.000856371,0.006996266,0.005106184,0.005123672,0.001703399,0.003879515,396.8671679,162.4962406,0,3,6,3,31,27,5,386.8010859
50,50,6,4,blind_0051.tif,vhip,1344,7452,699,288,607,207,659.8229167,260.8779762,1344,-5.21E-12,762063.8542,-8629152.114,-2.17E-12,-91123.04167,-2599899.667,-166728428.1,275837.9881,3953885.493,215101427.7,2896319366,18.1065138,4961,0.816657762,41.36706357,-17,0.180354267,0.055228743,0.574589579,0.082636115,0.096481362,0.021866324,-0.001004302,-0.005053538,9.86693122826185e-06,579.3006645,192.94773,567.0117963,67.79988219,67.79988219,205.2365983,96.27466246,114.5600279,9,2.644655672,1.414213562,59.29254957,55.5622505,NA,NA,0.421883777,-0.130307662,NA,-0.050446341,-0.039260734,-0.068677084,0.152705802,0.059707091,0.0886024,0.032542357,-0.090669568,-0.0831038,-0.066037152,-0.064451878,-79.72655514,552.9959954,0.270913122,1344,70994,4512174,310225910,72412,3733890,230880134,15372841836,4177250,214789364,13183078968,8.66716e+11,0.130389664,0.03626458,0.048837932,0.009711754,0.038986661,0.008063948,0.006197689,0.020298346,0.007546321,0.017564604,0.01833729,0.001171543,0.01310891,0.016242758,0.007788467,0.003774381,0.009228134,0.017449438,0.001529282,0.000934267,0.002932118,0.00791736,0.005092963,0.006645211,0.001634532,0.006861136,0.009477281,0.003752379,0.003852903,0.001339444,659.8229167,260.8779762,0,4,8,4,21,18,3,232.0071445
51,51,6,5,blind_0051.tif,vhip,1410,4488,1014,459,946,393,985.0468085,420.7964539,1410,-3.41E-13,282484.9106,-2424860.238,3.97903932025656e-12,94262.43404,-511296.2378,73650493.92,343428.5823,1274476.387,71061743.79,-177602594.8,9.566880608,3124,0.69345071,42.37060016,-1,0.314171123,0.104527279,0.314829985,0.009931776,0.009196231,0.000614268,-1.46E-06,-5.25E-05,9.88820592313408e-08,292.2142373,151.6960413,200.3439083,-66.8527901,-66.8527901,243.5663704,68.37709995,76.83749085,12.64911064,3.276777642,2.236067977,58.14248847,49.26597874,NA,NA,0.142087878,-0.032481713,NA,0.047413326,-0.006848963,0.026273524,0.172742107,0.017071985,0.025350033,-0.001687262,0.026260501,0.014622088,0.002434346,0.005635202,36.04287296,411.7178208,0.45134443,1410,55056,2432246,114606852,39193,1624624,74457812,3630573694,1432855,62463214,2954268518,1.47705e+11,0.302135916,0.044148422,0.108973338,0.023001127,0.039220876,0.021879007,0.018984623,0.020956455,0.026348941,0.0146177,0.024826814,0.003151851,0.012347355,0.02997661,0.024393983,0.006413834,0.002180954,0.013641026,0.008928889,0.001735101,0.008973634,0.009396698,0.008520361,0.007038073,0.008395473,0.001601254,0.003148337,0.01486401,0.00282808,0.003890995,985.0468085,420.7964539,0,5,9,5,6,4,3,56.52691263
52,52,6,6,blind_0051.tif,vhip,1835,11760,651,576,581,408,615.0250681,467.2256131,1835,-2.84E-12,415120.8469,406911.0736,-1.91E-11,-765625.3782,3966807.625,-409991176.7,3270654.596,-28572142.31,984280632.4,-12419716727,21.72078988,7130,0.967297165,48.33626552,-18,0.156037415,0.046038841,1.094603254,0.925966907,1.126950863,1.013792243,1.083541464,0.970485082,-0.012821149,1887.18281,121.4141619,226.2238948,417.2345385,417.2345385,1782.373077,173.7668696,167.2991333,13.60147051,3.046348957,2,53.05420051,44.07523784,NA,NA,0.123282776,0.002821041,NA,-0.22737577,0.027501157,-0.066353877,0.971320478,-0.198085476,0.159298151,-0.046922965,0.96025592,-0.479584491,0.172215654,-0.12743384,-14.10098954,707.7188668,0.257363254,1835,62436,2539510,115062942,108679,2932185,102269933,4150489221,9707235,211027925,6032624169,2.05678e+11,0.083475457,0.024245451,0.021467145,0.027671069,0.017343277,0.008499864,0.004784946,0.023817901,0.011051211,0.004286476,0.015365153,0.001581676,0.001929742,0.006921659,0.013406563,0.004289377,0.008748388,0.011573605,0.005956061,0.000789863,0.006469257,0.003683504,0.008486132,0.004500592,0.001852642,0.003563996,0.002708313,0.009762706,0.001415462,0.001139536,615.0250681,467.2256131,0,6,10,6,25,26,4,299.1909124
53,53,6,7,blind_0051.tif,vhip,2279,24318,955,647,762,521,879.3615621,591.2742431,2279,1.04023456515279e-11,3557586.073,-175639678.5,-1.00E-11,470539.0237,-10761722.24,3823791708,1228963.598,23830764.23,2258322455,11131149510,48.10719943,14895,0.829628343,53.86754981,-28,0.093716589,0.020786909,0.921581864,0.233841718,1.003620779,0.380141528,0.227305703,0.181820247,0.058858745,1601.172638,499.1124301,1561.029431,-206.4673206,-206.4673206,539.2556376,160.0586212,201.7622363,9.219544457,2.049822099,1,109.5065798,89.36329717,NA,NA,0.684962453,-0.708372708,NA,0.090595577,-0.043403122,0.323043682,0.236619411,0.096111899,0.190788844,0.019698578,-0.029248306,0.049561689,0.049847507,0.153588244,78.99731909,1173.76764,0.153004364,2279,267467,34947931,4760951813,160155,19266580,2555624066,3.5405e+11,12483735,1555074952,2.11379e+11,3.0027e+13,0.071281147,0.021030549,0.029450196,0.008055404,0.022155182,0.005282464,0.012784116,0.010976244,0.006048111,0.014288679,0.00504588,0.001152354,0.003299235,0.010012265,0.002757477,0.003774945,0.008904172,0.006572374,0.002484336,0.001123918,0.004907375,0.008492763,0.003733809,0.001633208,0.002623529,0.003269201,0.007098943,0.001735088,0.001049434,0.001244052,879.3615621,591.2742431,0,7,11,7,39,37,5,565.612274
54,54,6,8,blind_0051.tif,vhip,1761,10350,650,850,535,760,587.4701874,810.9744463,1761,-3.89E-11,1164600.685,2130445.267,1.81898940354586e-12,-382119.8416,3689314.626,-301154276.5,863129.8501,9143238.562,745000528.1,17338614064,36.8800122,7794,0.759389669,47.35160861,-22,0.170144928,0.027114958,0.653870176,0.070183047,0.068106575,0.011190126,-0.0001392,0.002963383,0.000275781,808.9954827,342.4698978,661.3291794,216.9902564,216.9902564,490.1362011,113.7713836,119.0042016,6.08276253,1.73256662,1.414213562,86.68518827,74.02376891,NA,NA,0.375541839,0.016370879,NA,-0.123219907,0.028349624,-0.055145613,0.278328337,0.070258951,0.136420147,0.07565831,-0.089057106,-0.094416241,-0.034993769,-0.052987988,-55.7639126,903.4001077,0.225943033,1761,92400,6012846,439839234,89766,4327919,270091011,19544078261,5438902,255566751,15992531395,1.18443e+12,0.147224986,0.018236042,0.05365726,0.01938429,0.011784899,0.018321944,0.016883745,0.010640593,0.006059229,0.007230406,0.014043409,0.009083847,0.003555596,0.004746406,0.008160711,0.002366164,0.00850737,0.009663564,0.004729796,0.000733653,0.002532823,0.007872319,0.007493327,0.003528314,0.007026613,0.009756211,0.00354803,0.002943969,0.005580423,0.000858444,587.4701874,810.9744463,0,8,12,8,36,34,4,385.5878823
55,55,6,9,blind_0051.tif,vhip,990,2848,792,836,703,804,744.1505051,820.6686869,990,-6.86E-12,366690.5747,1546949.274,-1.21E-13,-49054.63434,-620451.2272,-59054913.31,38901.32929,158071.909,15711590.5,242648850.4,6.637097785,1792,0.956642612,35.50362164,-1,0.34761236,0.150668264,0.413827063,0.121873521,0.004888134,0.003450199,1.41669390419821e-05,0.001110353,2.38923024442293e-07,377.650818,32.03797395,370.3945199,49.5501357,49.5501357,39.29427201,77.73296011,88.68483523,9.899494937,3.202040269,2.236067977,26.85334607,22.64083884,NA,NA,0.374135879,0.05016353,NA,-0.050050642,-0.020119615,-0.060862593,0.039691184,0.00512586,0.016192525,0.007947949,0.000288265,-0.004047888,-0.002636184,-0.004774527,-81.66862294,287.3502884,0.552455357,990,40739,2043121,115801415,16502,630011,29398447,1545404903,313968,11442661,506990993,25040923957,0.159944141,0.010728339,0.092368379,0.028321521,0.012475662,0.005069936,0.059443081,0.020550272,0.014272124,0.006710858,0.00783081,0.003523217,0.040027618,0.012249365,0.011062976,0.008832365,0.002791433,0.005688137,0.006563205,0.002485933,0.017608261,0.011944231,0.003934108,0.007206202,0.006023009,0.003098101,0.005769965,0.005766543,0.005027827,0.001789744,744.1505051,820.6686869,0,9,13,9,7,5,2,59.11269939
56,56,6,10,blind_0051.tif,vhip,1116,5600,372,885,292,815,339.2903226,844.3100358,1116,2.28794760914752e-12,248063.9355,-1524016.995,-1.56E-12,187958.5484,-1177086.096,126439545.9,316478.7276,-211722.8382,116048351.1,-1429183216,12.23739196,3167,0.89847862,37.69529589,-2,0.199285714,0.081716758,0.453281901,0.09411936,0.015228418,0.001810561,-3.88E-06,-0.000302696,-8.68E-06,424.119444,81.74315737,222.2795121,-168.4216383,-168.4216383,283.5830892,82.37664173,101.9803903,8.062257748,2.329833973,2,46.54151607,36.16476902,NA,NA,0.19917519,-0.036629359,NA,0.150915447,-0.028290964,0.090968356,0.254106711,-0.005088704,0.083492293,-0.030779618,0.036667346,0.089081349,-0.004182125,0.058943855,39.84269124,414.2680733,0.35238396,1116,52776,2743858,151695960,32710,1734825,97022731,5666696403,1275210,71111513,4134079311,2.48948e+11,0.136383544,0.029191315,0.071233986,0.011909081,0.035994423,0.005754501,0.020895418,0.007777788,0.004191091,0.025039152,0.012546333,0.00072733,0.001551958,0.008711438,0.001569503,0.005540064,0.014589367,0.012556174,0.003617213,0.001237467,0.009336981,0.006364202,0.007048089,0.007017499,0.003973768,0.009176882,0.008592551,0.003446292,0.00495563,0.001215142,339.2903226,844.3100358,0,10,14,10,6,1,6,56.87005883
57,57,6,11,blind_0051.tif,vhip,1196,5168,1021,892,945,824,980.2650502,867.1931438,1196,-1.10E-12,276086.9791,820792.0303,2.89190893454361e-12,94878.77341,88006.01058,69308983.62,221060.3838,13719.58669,63861342.9,-532064014.7,8.08393386,3610,0.754180498,39.02299957,-1,0.231424149,0.12370215,0.347554392,0.019078268,0.001942988,0.001443946,-4.21E-07,-0.00018605,2.38171935631619e-06,290.435741,125.2393116,230.8419558,-79.3300781,-79.3300781,184.8330968,68.16870144,80.05623024,10.29563014,3.188732633,2.236067977,64.3046645,44.76414844,NA,NA,0.193011669,0.016592246,NA,0.066329497,0.001779035,0.040513148,0.154542723,0.00027734,0.037328841,-0.008993003,-0.03582846,0.008555656,-0.008129818,0.010159707,53.08564874,348.5634919,0.331301939,1196,42177,1763461,82481775,51659,1916636,82949240,3995247254,2452375,94693072,4215424928,2.07223e+11,0.237602511,0.067752794,0.075679415,0.019515009,0.048253996,0.015791386,0.026700982,0.024049592,0.013779001,0.027115546,0.012881828,0.016059978,0.015866834,0.018144866,0.001168213,0.00993999,0.011552283,0.010956656,0.016623448,0.003914404,0.000696043,0.003282226,0.016327856,0.013333816,0.006516697,0.003357463,0.003579552,0.002999402,0.002838991,0.001514962,980.2650502,867.1931438,0,11,15,11,4,3,1,42.52691185
58,58,7,1,blind_0053.tif,vhip,1396,6384,495,165,439,51,474.5293696,89.99140401,1396,4.54747350886464e-13,180181.7958,-1776862.402,-8.79E-12,155396.3524,-639268.015,47094089.65,897299.8968,5732132.204,104200273.2,317721798.2,18.43622736,3859,0.916965683,42.15972491,-13,0.218671679,0.054241032,0.552890418,0.160839696,0.162943055,0.077575751,0.008666344,0.031107444,0.000982116,665.8491878,105.9858357,129.0700543,-111.3154387,-111.3154387,642.7649691,103.2162148,113.1105654,9.055385138,2.197415745,1.414213562,53.82353718,41.17976895,NA,NA,0.092457059,-0.024402833,NA,0.079738853,-0.008779493,0.017310521,0.460433359,0.078723184,0.03830122,0.003125705,0.281955353,0.098595179,0.021147539,0.010577832,11.71574308,568.7005769,0.361751749,1396,49599,1942403,80038983,54432,2089331,86140021,3688275323,3019680,125137703,5408560389,2.39312e+11,0.138829958,0.048703846,0.037702374,0.039661662,0.020023143,0.016154469,0.013208786,0.026641768,0.009817546,0.003889922,0.01737624,0.000465613,0.013238835,0.010309513,0.012477637,0.008287395,0.004875474,0.007039669,0.00773553,0.004673459,0.00733957,0.007378294,0.006585782,0.003340921,0.00854582,0.006311499,0.00662408,0.00477731,0.001657558,0.003413665,474.5293696,89.99140401,0,1,2,1,21,16,5,177.9949509
59,59,7,2,blind_0053.tif,vhip,1225,3744,344,135,292,63,315.1893878,100.884898,1225,8.81072992342524e-13,182580.062,279456.3945,3.5527136788005e-12,52448.70367,-840185.8894,15013398.21,221468.7706,-1577274.641,36296125.02,-462539032.5,9.15803739,2208,0.658547714,39.49327085,-13,0.327190171,0.109193701,0.269253699,0.005557944,0.009973895,0.001800014,7.62675165555901e-06,0.000134143,4.2289241389438e-08,210.5807587,119.2550231,149.0449486,-42.8152683,-42.8152683,180.7908332,58.04560396,72.56721023,9.899494937,2.805740379,2.236067977,46.01688653,43.68157929,NA,NA,0.121669346,0.005320762,NA,0.034951239,-0.015996875,0.008167154,0.147584354,-0.030030814,0.019744766,-0.007189059,-0.018491202,0.021954249,-0.010974391,0.005828277,34.82935053,375.4690835,0.554800725,1225,28407,841321,28257015,46409,1128645,33465681,1111689849,1979669,48304065,1410407201,45955907109,0.294610515,0.072872752,0.112169174,0.030694086,0.046463251,0.019304166,0.01633626,0.027635424,0.016238474,0.001813621,0.018400511,0.005180706,0.012423928,0.003530863,0.008806937,0.01032194,0.009099489,0.009683544,0.005225868,0.005958119,0.013566285,0.005801175,0.003851068,0.009086501,0.00410766,0.00192547,0.015797353,0.011041959,0.006963124,0.005323008,315.1893878,100.884898,0,2,3,2,5,0,7,25.38477641
60,60,7,3,blind_0053.tif,vhip,1520,3906,937,152,875,89,904.7888158,122.5638158,1520,9.27258270166931e-13,266185.2099,-789042.3436,-2.18E-12,-145562.0151,453316.5561,-59538279.62,312137.8099,394541.944,63323783.64,-93223293.04,8.765940138,2725,0.821686383,43.99231874,-5,0.389144905,0.114077895,0.250312941,0.016273077,0.001675159,0.000227876,1.72897795340695e-08,-1.22E-05,-1.40E-07,287.1879741,93.28769679,175.1218486,95.76448364,95.76448364,205.3538223,67.78648527,77.98717843,12.64911064,3.780964272,2.828427125,45.1025879,38.63422251,NA,NA,0.115211742,-0.008759743,NA,-0.06300295,0.005032602,-0.01695374,0.135101199,0.004380102,0.018031676,-0.000680882,-0.019478869,-0.020544995,-0.001650176,-0.005165291,-40.51506466,409.1909089,0.557798165,1520,45279,1614993,63178371,51017,1374174,45986404,1713976572,2024463,50929664,1631433250,58749981806,0.318205213,0.023766703,0.155405569,0.041594438,0.01015128,0.01911351,0.054664642,0.025158879,0.010650946,0.011140005,0.011229858,0.01334566,0.01717724,0.008537903,0.002328993,0.004749764,0.007215953,0.0119982,0.011767529,0.007535197,0.005265948,0.007730887,0.012547926,0.001293321,0.001934429,0.007135687,0.009015217,0.005427883,0.008496895,0.003812534,904.7888158,122.5638158,0,3,4,3,7,4,3,60.76955342
61,61,7,4,blind_0053.tif,vhip,1411,8643,291,425,162,358,236.1722183,390.0687456,1411,5.17275111633353e-12,1081233.151,-15796186.56,1.13686837721616e-13,183195.2948,-6513526.026,323977347,184252.3317,10557.50092,174496953.3,-3173788638,23.39858882,5016,0.931276543,42.38562253,-16,0.1632535,0.04273762,0.635628175,0.236849641,0.117357075,0.050796307,0.003865671,0.023399013,0.000662067,791.7827775,105.0885781,766.2885549,-129.8336604,-129.8336604,130.5828006,112.5545398,128.0624847,8.062257748,1.990087715,1.414213562,54.22371438,41.00508808,NA,NA,0.543081896,-0.211219845,NA,0.092015351,-0.087096082,0.115327693,0.09254628,0.00014117,0.062116476,-0.030076926,0.008089118,0.025154607,-0.008410667,0.022431054,78.89070628,644.1147904,0.281299841,1411,104657,8843875,800568563,45249,3539414,304274454,27571395500,1635331,133056372,11610050372,1.05607e+12,0.109545183,0.028332667,0.04696349,0.020683179,0.025334799,0.008889721,0.008071339,0.02040725,0.00351171,0.014919963,0.01497721,0.002400757,0.001330666,0.006964715,0.007226346,0.004204699,0.013931229,0.010777247,0.005805028,0.001001593,0.004380943,0.001557655,0.00806564,0.002982034,0.004002519,0.010382334,0.004036201,0.007218095,0.001566983,0.000882371,236.1722183,390.0687456,0,4,8,4,18,18,6,258.350291
62,62,7,5,blind_0053.tif,vhip,1637,10120,470,495,360,403,402.8766035,446.1270617,1637,-1.71E-12,655845.0739,11717143.95,1.37845290737459e-12,-584073.3335,-5123724.116,-794829417.6,1005687.571,-1263480.756,656305474.3,11492965917,15.65536487,5585,0.920073209,45.65405935,-2,0.161758893,0.063875867,0.62002831,0.207063485,0.055362724,0.009300772,0.000139437,-0.001028299,0.00015843,879.9452858,135.0410582,400.638408,356.7949502,356.7949502,614.347936,118.6554869,129.5299193,7.280109889,2.306916643,2,60.93949066,46.48286706,NA,NA,0.244739406,0.108068735,NA,-0.217956598,-0.04725677,-0.181187359,0.375288904,-0.011653247,0.149609781,0.064753275,0.045060037,-0.153663157,-0.020875275,-0.122944647,-36.66391319,567.4934701,0.293106535,1637,70189,3665311,225114049,70599,2442972,102864208,5033327664,4050415,122025824,4452008028,1.83664e+11,0.124075972,0.024637432,0.054485765,0.019305756,0.028550206,0.008441242,0.018028704,0.010401948,0.010991364,0.022179483,0.012423135,0.003122204,0.007083235,0.005237316,0.009581832,0.006874429,0.012405145,0.010130505,0.007355659,0.000774797,0.006066662,0.006686199,0.003516497,0.006399817,0.004473662,0.008840492,0.005440643,0.008026413,0.00198886,0.001280559,402.8766035,446.1270617,0,5,9,5,4,2,2,48.62741774
63,63,7,6,blind_0053.tif,vhip,1478,5832,84,577,12,496,50.36129905,535.7780785,1478,-5.47E-12,400129.0663,-2739370.465,2.59348098552437e-12,156728.5061,-2555635.657,116756126.9,352377.2097,-106828.9959,154546123.6,-1425229552,13.63015175,4039,0.769995753,43.38027256,-1,0.253429355,0.073366755,0.344477815,0.02106793,0.012483633,0.001338161,5.40597666395628e-06,0.000154883,-8.30E-07,361.8334478,147.3047633,270.7233196,-106.0409378,-106.0409378,238.4148916,76.08768077,101.6710382,10.04987562,2.582775946,2,58.0473839,48.54766949,NA,NA,0.183168687,-0.032618552,NA,0.071746237,-0.030430764,0.036162328,0.161309128,-0.001272047,0.047866846,-0.011482179,0.016661652,0.038678852,-0.007136652,0.020242256,49.33090464,503.1442277,0.365932161,1478,56698,2575138,126745210,58792,2412066,111903024,5556244488,2691010,115592528,5492849646,2.77266e+11,0.181803383,0.019225436,0.10650209,0.015530011,0.022111266,0.004026323,0.041707023,0.01621737,0.009799121,0.015167369,0.009847013,0.0027694,0.009075483,0.013116116,0.013244481,0.004819626,0.010198242,0.013515654,0.006313231,0.001100335,0.000211606,0.010491371,0.011542858,0.006018595,0.003084672,0.005415436,0.012202528,0.007772628,0.001820038,0.001016608,50.36129905,535.7780785,0,6,11,6,4,1,5,29.55634975
64,64,7,7,blind_0053.tif,vhip,845,3042,758,670,680,631,718.791716,655.8390533,845,-4.41E-13,218903.342,-1050798.158,-2.64E-12,-35338.32663,750438.8628,-26636679.98,62222.11124,-99328.74656,9931930.015,-176745716.8,7.603401168,1809,0.871122622,32.80072279,-2,0.277777778,0.131520089,0.393719342,0.057948922,0.018419558,0.003262016,2.13417200670114e-05,0.000783556,1.3560211867001e-05,268.0530823,64.63976181,259.0572095,41.82050488,41.82050488,73.63563461,65.48930689,78.26237921,7.810249676,2.329268147,2,38,32.15954274,NA,NA,0.306576579,-0.050626456,NA,-0.049491722,0.036155431,-0.044147891,0.087142763,-0.004785565,0.016461277,-0.010077445,-0.022316205,-0.003418586,0.004275156,-0.003963507,-77.86027399,284.1431816,0.4671089,845,32779,1490457,73749859,20989,778861,35030311,1733041381,583569,20782773,916516823,44754940041,0.175239337,0.018723823,0.095750397,0.021260464,0.023821496,0.005861927,0.036065196,0.020936918,0.013053506,0.015444653,0.008304129,0.002921509,0.011714907,0.01657464,0.017538059,0.006469972,0.003597784,0.007360525,0.006841128,0.002061932,0.001505208,0.016432666,0.012838405,0.007564756,0.004708668,0.007999162,0.006152631,0.008356911,0.003725487,0.001228669,718.791716,655.8390533,0,7,12,7,2,0,2,3
65,65,7,8,blind_0053.tif,vhip,1074,1968,760,717,719,669,734.3510242,695.1266294,1074,1.01607611213694e-12,74128.66387,200493.6801,9.27968812902691e-12,32432.26071,381577.3551,7272845.281,165724.7784,278482.7887,11404062.25,97879119.22,2.365613414,1492,0.798466227,36.97917348,0,0.545731707,0.422723338,0.20793969,0.009468011,0.002046602,0.000163201,-6.52E-08,-1.49E-05,-6.81E-08,163.9157044,59.41152305,69.0211023,-30.19763567,-30.19763567,154.3061251,51.21182745,52.43090692,12.16552506,4.624326332,4.123105626,36.18336751,30.83154827,NA,NA,0.064265458,0.005303835,NA,0.028116979,0.0100942,0.005870722,0.143674232,0.007366949,0.009205486,0.002410877,-0.011722905,0.007015553,0.00236712,0.001448269,17.65226172,178.6812409,0.719839142,1074,16487,327221,7499573,28060,463182,9926496,243712590,898838,15771258,354338212,9035024970,0.486254252,0.121210685,0.117182544,0.042642809,0.077312296,0.014944448,0.033116409,0.022486097,0.026026487,0.004071481,0.012028779,0.004869773,0.012488092,0.009103656,0.020474369,0.012569962,0.00827699,0.008586334,0.005465819,0.002243662,0.014400152,0.011750528,0.006040873,0.01054681,0.003505821,0.011056116,0.004639682,0.002714053,0.004925894,0.006354905,734.3510242,695.1266294,0,8,13,8,2,0,2,6.656854212
66,66,7,9,blind_0053.tif,vhip,922,2915,523,731,468,678,491.9154013,701.5184382,922,-5.68E-13,166427.4013,535265.1829,-1.55E-12,1362.438178,-152945.2187,-3809625.653,95588.18655,742416.9209,22350803.37,299934129.7,8.804211814,2086,0.652605616,34.26261607,-2,0.316295026,0.113582002,0.308223173,0.0069545,0.004615068,0.002484472,-6.85E-06,0.000199455,4.88279240882873e-06,180.5353527,103.6464129,180.5069428,-1.477698674,-1.477698674,103.6748227,53.74537787,58.69412236,9.219544457,2.754535988,2,45.5942073,40.72275293,NA,NA,0.195777595,0.020736798,NA,0.00160271,-0.005925276,-0.004860596,0.112445578,0.028762098,0.028516773,0.012602818,6.60082950023033e-05,0.002483952,0.000118381,0.000337268,88.89858334,319.3858223,0.441994247,922,22050,693762,25087218,21684,519944,16228420,577567046,605562,15288760,492135196,17775658726,0.328598375,0.05800647,0.099420043,0.035817413,0.037305163,0.039046979,0.014533319,0.020282601,0.007443923,0.024377161,0.033213288,0.008546985,0.020051019,0.016401103,0.014163323,0.007516052,0.01586489,0.006694018,0.014633911,0.011494904,0.00660333,0.000904462,0.009066327,0.00547648,0.001630411,0.005870836,0.012133237,0.008431612,0.004457391,0.005466862,491.9154013,701.5184382,0,9,14,9,6,3,3,79.25483525
67,67,7,10,blind_0053.tif,vhip,906,3021,672,792,615,739,636.2218543,762.6931567,906,1.62003743753303e-12,119756.4073,668415.6835,1.29318777908338e-12,67113.6755,421585.2146,29622655.61,131644.6976,59187.89136,21938112.85,299742755.6,9.079939462,1780,0.835417688,33.96402549,-4,0.299900695,0.110132893,0.306274463,0.026950245,0.003123092,0.001123881,2.01931155838588e-06,0.000145445,5.96544355479621e-07,213.109211,64.37545218,132.181465,-74.07690452,-74.07690452,145.3031982,58.39304219,65.4369926,8.062257748,2.489652913,2,37.02650601,32.09372579,NA,NA,0.145895657,0.027053667,NA,0.081762588,0.017063373,0.039832668,0.160378806,0.002395589,0.029499501,0.013390599,-0.001043952,0.023721463,0.006158211,0.012646372,42.4693081,321.5218613,0.508988764,906,19227,527789,16951983,21466,522662,15775126,548786480,640242,16826580,534981144,19523331318,0.268801623,0.077023142,0.086286995,0.03589798,0.046831373,0.018995294,0.028338618,0.001968523,0.020727911,0.023679515,0.005353982,0.00993298,0.021252934,0.018113183,0.004998113,0.007901313,0.017103264,0.010980456,0.012651085,0.003128267,0.000761278,0.003704335,0.006192317,0.013170934,0.004505169,0.008618479,0.006845061,0.006964356,0.003554865,0.00210011,636.2218543,762.6931567,0,10,15,10,3,2,6,49.35533929
68,68,7,11,blind_0053.tif,vhip,687,1624,799,900,741,872,769.3668122,885.56623,687,-1.99E-13,133665.5633,-189106.3958,-4.81E-13,-5426.689956,-280870.6379,-5679535.677,21014.73654,144738.2515,4102439.163,54302720.87,4.604355278,1075,0.919257767,29.57559073,-4,0.423029557,0.217185673,0.327734025,0.057498237,0.007678349,0.000378758,-6.45E-07,-8.74E-05,-3.65E-08,194.943781,30.20949388,194.5641387,7.899112018,7.899112018,30.58913615,55.84890774,58.46366393,6,2.535144934,2.236067977,25.32907197,21.98526557,NA,NA,0.283208353,-0.015286722,NA,-0.01149798,-0.022704634,-0.01751631,0.044525671,0.011700151,0.012652372,0.00638959,0.003576273,-0.00026445,-0.001903539,-0.001839732,-87.24840276,199.373629,0.639069767,687,19488,686478,26867418,9320,258952,8724172,321807640,147452,4180242,139591074,5019192198,0.255914443,0.061873355,0.091133322,0.034568162,0.061485096,0.019876635,0.002770531,0.014920353,0.022809143,0.031453861,0.019681433,0.012439081,0.013648517,0.002218986,0.017795355,0.011565012,0.010313709,0.012500812,0.017977052,0.010513884,0.007875472,0.003285899,0.008834555,0.007148486,0.005540698,0.0033433,0.007369952,0.011605084,0.014752762,0.006146975,769.3668122,885.56623,0,11,16,11,2,0,3,2.414213538
69,69,7,12,blind_0053.tif,vhip,1002,3772,984,994,938,912,956.5808383,951.7025948,1002,-3.73E-13,67861.9521,211187.1814,-1.46E-12,-10533.91018,-281646.9686,-1681900.503,304851.3733,359684.4826,7210099.753,17317115.05,12.61439938,2345,0.882759624,35.71814698,-4,0.265641569,0.079274484,0.371226933,0.056157231,0.002322399,0.000340796,-2.92E-07,-7.51E-05,8.0841553547189e-08,304.7092536,67.26013293,67.7264991,10.51288441,10.51288441,304.2428875,69.82369267,81.49846624,6.708203932,2.236467478,2,43.52634338,32.8049101,NA,NA,0.067591316,0.00664505,NA,-0.010491901,-0.008862082,-0.001671849,0.303635616,0.011317549,0.007167012,0.000543799,0.013121356,-0.010084041,-0.001887187,-0.000339078,-2.540055078,398.5401513,0.427292111,1002,18618,413800,10421802,39782,728649,15755829,385480551,1884300,34535111,724649059,16928696045,0.192078594,0.018852152,0.102322755,0.025712739,0.024610397,0.005322226,0.047028051,0.011807505,0.01577559,0.018928396,0.011745805,0.003431993,0.008901329,0.009078844,0.009467586,0.010542274,0.010469753,0.013382847,0.007505054,0.002239829,0.000407215,0.009129546,0.00958909,0.004733614,0.007836469,0.004657667,0.007133458,0.008827075,0.004830589,0.001741259,956.5808383,951.7025948,0,12,17,12,6,2,8,55.69848526
81,81,9,1,blind_0060.tif,vhip,4440,53724,624,241,382,19,533.4382883,103.5587838,4440,7.27595761418343e-12,11776267.09,-589872935.7,-6.39E-11,1073784.607,-206807364.1,25952556092,8828694.657,-132000691.9,14488251778,-9.78E+11,93.6046366,33182,0.548411888,75.18765576,-29,0.082644628,0.010683231,1.045215574,0.034223742,0.602531046,0.319508428,-0.069357213,0.026694358,-0.121829657,2731.071027,1909.686124,2652.312408,-241.8433799,-241.8433799,1988.444743,209.0386003,246.4183435,13.92838828,2.310377844,1,192.1690526,174.7998226,NA,NA,0.597367659,-0.44905656,NA,0.05446923,-0.157437641,0.296504458,0.447847915,-0.10048906,0.165526325,-0.167753488,0.289755591,-0.089450593,-0.039080356,0.092611724,71.96166309,2285.309883,0.133807486,4440,672386,113601252,20180461676,375441,57929927,9724400547,1.71231e+12,40575529,6194283807,1.00928e+12,1.72472e+14,0.087323824,0.025867936,0.021916697,0.010335393,0.020304911,0.010269,0.009680282,0.01096417,0.004185846,0.003864844,0.012268129,0.004765531,0.005657511,0.003807618,0.006403968,0.003171931,0.008047962,0.008643793,0.006713046,0.0018762,0.000763715,0.003253906,0.00674025,0.004861263,0.001622546,0.006188691,0.003058774,0.004655773,0.002388362,0.001552589,533.4382883,103.5587838,0,1,4,1,75,73,8,1267.976857
82,82,9,2,blind_0060.tif,vhip,2140,11865,405,202,292,97,346.1369159,137.0939252,2140,-3.93E-12,1306668.884,-272231.6836,-1.14E-12,-788731.5201,7789540.805,-1228370887,1029274.121,-11659372.98,1277114867,-20084453525,22.57183323,6661,0.901954791,52.1989715,-3,0.18036241,0.044303003,0.510075772,0.122317731,0.02801614,0.015882055,0.000310175,0.003796476,-0.000126595,920.0023608,171.5597909,610.5929363,368.5661309,368.5661309,480.9692154,121.3261628,141.4496377,9.899494937,2.744956061,2,69.90878663,52.39233393,NA,NA,0.285323802,-0.001285003,NA,-0.172227164,0.036768628,-0.125339568,0.22475197,-0.055035227,0.130313269,-0.044300825,0.075970393,-0.135847379,0.070161822,-0.108407108,-49.98670924,779.1036431,0.321273082,2140,115853,7578593,551487467,85801,3856270,226246098,15213175114,4469373,167052012,8990739228,5.81511e+11,0.136182158,0.031598094,0.062082122,0.014551134,0.038158224,0.00794063,0.017726735,0.003250299,0.00799225,0.025663415,0.008659516,0.005237008,0.003648725,0.007593986,0.004554458,0.005426501,0.013625026,0.003681742,0.004939627,0.004555871,0.014814954,0.002715734,0.007926598,0.003039078,0.002894974,0.007253865,0.000869928,0.003924698,0.00614362,0.003086245,346.1369159,137.0939252,0,2,5,2,16,10,8,188.4802337
83,83,9,3,blind_0060.tif,vhip,1753,11781,237,234,84,157,148.792356,202.8996007,1753,1.9554136088118e-11,1683290.418,36502509.36,-1.62E-12,-321849.5454,-11091718.48,-1265667249,464948.3297,2410637.47,422872217.8,19855462999,30.415557,6998,0.884051465,47.24393,-6,0.148798914,0.032877912,0.699066858,0.201062024,0.104927828,0.104521072,0.010484764,0.045565462,-0.003143606,1005.754177,219.7100253,960.234123,183.5992843,183.5992843,265.2300797,126.8545105,159.3988708,10.19803903,2.228401971,1.414213562,68.30519746,59.29047483,NA,NA,0.547766185,0.283705615,NA,-0.104734332,-0.086207301,-0.234949104,0.151300673,0.01873601,0.07849887,0.088032556,-0.028029888,-0.029109702,-0.026267043,-0.061349007,-76.075353,818.5472939,0.250500143,1753,113581,9042471,840514213,80462,4891473,362247309,31104202917,4158122,242279627,16890706839,1.34345e+12,0.087845912,0.013079636,0.050055508,0.012790384,0.017764403,0.001031398,0.022026048,0.011086914,0.005942005,0.016294523,0.00264995,0.000920032,0.002003207,0.009316852,0.004465256,0.003883799,0.007608856,0.007232935,0.002604143,0.000633212,0.007124612,0.006479249,0.002526343,0.003272272,0.002859764,0.002316306,0.008789142,0.001710619,0.002678801,0.000399299,148.792356,202.8996007,0,3,8,3,20,19,7,263.4924272
84,84,9,4,blind_0060.tif,vhip,1784,9380,432,351,298,281,348.7247758,322.9702915,1784,1.34434685605811e-11,2049379.865,50510591.09,1.32160948851379e-12,-690241.5869,-21780175.34,-2153295484,551751.4254,6505808.674,1024514114,48150912428,35.59925291,6573,0.937190916,47.6598295,-21,0.190191898,0.028090477,0.817283203,0.409566807,0.25558818,0.219166741,0.050688985,0.13908784,-0.011014687,1299.873485,158.1597491,1148.75553,386.9067191,386.9067191,309.2777048,144.2150331,141.7921013,10,2.352854376,1.414213562,65.42622608,50.30463186,NA,NA,0.643921261,0.37574683,NA,-0.216875964,-0.162022096,-0.379244315,0.173361942,0.048396523,0.18044024,0.200780969,-0.036142374,-0.074325219,-0.095351663,-0.167164615,-68.66538679,893.3523805,0.271413358,1784,90493,6639617,595212343,74875,3107776,186861786,14185575742,3694277,135957900,7093749762,4.68562e+11,0.112979823,0.027958416,0.03359522,0.031344909,0.019805007,0.010529681,0.000130789,0.021015392,0.013936538,0.005115689,0.013553181,0.006395826,0.002482553,0.001616622,0.011940189,0.008055857,0.002542427,0.007376342,0.009868151,0.004459147,0.003770738,0.004510871,0.004066006,0.008225338,0.005123523,0.000738158,0.002666108,0.007840803,0.00751668,0.002979027,348.7247758,322.9702915,0,4,11,4,26,26,2,451.8010876
85,85,9,5,blind_0060.tif,vhip,1204,5104,159,390,71,332,118.8347176,352.1187708,1204,8.5407236838364e-12,584966.1088,-3409121.771,-1.90E-12,-209893.3646,2672306.867,-248208016.9,173748.0158,-2714716.315,169711699.3,-4275037080,13.28685446,3070,0.934310221,39.15329375,-3,0.235893417,0.075262358,0.523389728,0.164330175,0.021310253,0.025010528,0.000566462,0.008431815,0.000111867,559.1173198,71.0439132,485.8522498,174.3300371,174.3300371,144.3089832,94.58264702,93.81364506,9,2.574507883,2,42.01310733,33.71502056,NA,NA,0.403531769,-0.067776057,NA,-0.14479239,0.053127589,-0.142212033,0.119857959,-0.053970723,0.097237172,-0.07059065,0.047809269,-0.071027476,0.05855756,-0.078528469,-67.20461706,448.3624817,0.39218241,1204,57593,3339911,212317955,24223,948807,49786831,2966046447,661085,20462505,958980433,53869060401,0.173635386,0.038842886,0.057183944,0.038863418,0.036795828,0.015761298,0.014886947,0.012458833,0.020759567,0.026875913,0.014428972,0.00842148,0.003527465,0.006128166,0.00920813,0.013771882,0.0153317,0.006116103,0.00908003,0.005560205,0.016816777,0.010548981,0.002851213,0.009677061,0.008236104,0.004282942,0.001889361,0.007565018,0.003270301,0.00429423,118.8347176,352.1187708,0,5,12,5,13,8,5,153.0243893
86,86,9,6,blind_0060.tif,vhip,2179,20640,986,493,826,364,905.9843965,427.9187701,2179,-6.68E-11,3331837.469,32725178.86,-4.26E-12,-943005.7618,-6076412.417,-3356376417,988280.6223,12069191.28,2739739899,70155579448,43.08472899,11920,0.906079728,52.67246879,-24,0.105571705,0.02321008,0.909873797,0.401407957,0.003399888,0.043710617,0.000257177,0.027340029,0.000466689,1681.579447,301.0355558,1529.067219,432.7699687,432.7699687,453.5477844,164.0282633,173.5569071,10.77032961,2.216868621,1.414213562,87.36621169,69.40150497,NA,NA,0.701728875,0.147651871,NA,-0.19860944,-0.027416005,-0.324413539,0.208144922,0.054454666,0.264811989,0.145265308,-0.02609628,-0.161887582,-0.080737318,-0.258934918,-70.58706047,1086.163564,0.182802013,2179,174286,17271998,1947205534,139279,10197141,947076963,1.0155e+11,9890823,682629163,61498318689,6.49128e+12,0.091781669,0.011349141,0.040864134,0.015354551,0.013123066,0.005459617,0.01799868,0.012810675,0.005538982,0.012502385,0.010396871,0.002453172,0.010738888,0.007468091,0.003167656,0.003964947,0.010031385,0.008004487,0.001958784,0.001975496,0.005366171,0.004379847,0.001728384,0.00439059,0.002215183,0.009517014,0.003890082,0.004941379,0.003914668,0.001059008,905.9843965,427.9187701,0,6,15,6,34,42,4,534.712778
87,87,9,7,blind_0060.tif,vhip,1818,12960,573,522,429,432,502.2227723,469.6743674,1818,2.33484342970769e-11,1130396.777,9592899.708,4.02877731175977e-12,-228157.1188,-11234193.46,-660144275.3,508197.2255,7537631.027,417932888.8,15454119218,26.06758324,7450,0.800172587,48.11184358,-14,0.140277778,0.038361822,0.495773836,0.054500497,0.072922816,0.01901804,0.000639437,0.004169261,0.000304507,662.8675714,238.4492618,621.7804055,125.4989652,125.4989652,279.5364277,102.9848588,145.7154762,12.04159458,2.785374683,1.414213562,87.45991519,61.76720966,NA,NA,0.342013424,0.068071482,NA,-0.069031334,-0.079718148,-0.10986446,0.153760411,0.053487239,0.069554449,0.060320604,0.014591217,-0.01507934,-0.02583783,-0.034448398,-71.8720462,771.7066735,0.244026846,1818,133119,10877739,971632677,68492,4787017,365165149,29807861755,3088590,216501403,16321849135,1.2949e+12,0.109016601,0.010314137,0.070043894,0.007749462,0.016739219,0.004048905,0.042271308,0.004698378,0.006280864,0.018315962,0.005461029,0.002156709,0.024199743,0.002945332,0.006097297,0.002846819,0.014939164,0.003496156,0.002369644,0.000871211,0.012224944,0.001342065,0.00374431,0.00100029,0.002346112,0.00897927,0.003253587,0.001262348,0.003241761,0.001034303,502.2227723,469.6743674,0,7,19,7,23,16,8,303.119845
88,88,9,8,blind_0060.tif,vhip,5300,43596,695,607,522,355,618.2086792,486.4686792,5300,-2.35E-11,5919253.201,-105130730,-1.21E-10,-4450465.359,96724435.21,-16640161045,18363275.8,-51310978.99,26385532851,-4.87E+11,134.9859268,31456,0.879237442,82.14724333,-51,0.121570786,0.00740818,0.864454575,0.296661593,0.029521582,0.006214831,4.70077869017535e-05,-0.001508872,6.98333735212001e-05,3734.170839,847.4384062,1116.840227,839.7104451,839.7104451,3464.769019,244.4314493,269.0910627,11.18033989,1.812475658,1,151.3588106,116.4431814,NA,NA,0.210724571,-0.051409101,NA,-0.158435933,0.047298409,-0.111771201,0.653730004,-0.025091153,0.177230417,-0.044942361,-0.028257866,-0.167972724,0.040079034,-0.106001679,-17.78764585,2998.383043,0.168489318,5300,509906,54976636,6323065874,696784,62586203,6468083371,7.1898e+11,109968548,9358424177,9.36969e+11,1.01815e+14,0.09319389,0.00675292,0.045041871,0.014489399,0.009153489,0.000805665,0.01595466,0.013978904,0.002058077,0.011870631,0.001988968,0.001627617,0.009052561,0.007311589,0.000487398,0.001992467,0.010928711,0.00374678,0.001923338,0.000690711,0.005989129,0.002802336,0.003967691,0.00130303,0.002199037,0.006705446,0.004148258,0.001742978,0.001295718,0.000149261,618.2086792,486.4686792,0,8,20,8,117,117,4,1618.251028
89,89,9,9,blind_0060.tif,vhip,2542,16470,382,509,199,419,300.7195122,469.5110149,2542,-7.70E-12,3944557.012,-58836458.49,2.12523332265846e-11,-30231.64634,-16482743.01,-966344198.4,694241.1916,-6843799.976,843301149,-11247613251,28.97023363,10895,0.907790742,56.89090369,-7,0.154341226,0.034518189,0.717884188,0.25310411,0.031478333,0.04547419,0.001701283,0.017751974,0.000256397,1551.863956,272.9976503,1551.753349,11.89285851,11.89285851,273.1082579,157.5748181,183.4693435,13.89244399,3.341059827,2,80.00393463,66.09056215,NA,NA,0.610445849,-0.180595805,NA,-0.004678544,-0.050593022,-0.058830861,0.107438339,-0.021006729,0.051340022,-0.013581444,-0.018909553,0.008672751,-0.011493687,-0.001419442,-89.46714532,961.9858941,0.233318036,2542,258571,30246273,3820276507,128399,13030452,1505136908,1.86031e+11,7179805,720428400,81516996048,9.81069e+12,0.096071373,0.011963389,0.051460347,0.015702219,0.014443297,0.003326691,0.025371965,0.012498481,0.00800124,0.01148341,0.007000026,0.002304879,0.005961394,0.014411308,0.004350934,0.005302908,0.008769076,0.008254511,0.003986564,0.002026156,0.004464574,0.014212386,0.001713471,0.00409104,0.003539093,0.003237661,0.007452247,0.004936359,0.001866761,0.001925342,300.7195122,469.5110149,0,9,22,9,23,22,4,415.102604
90,90,9,10,blind_0060.tif,vhip,2705,17520,839,635,693,515,770.8853974,585.6229205,2705,-1.51E-11,2641394.473,7855387.998,-8.98E-12,782420.1054,-28176551.21,2308194960,1821829.379,-54470927.42,2958093079,-1.38E+11,35.22787945,11364,0.753068823,58.68656549,-14,0.154394977,0.028386608,0.609977942,0.058283126,0.2108612,0.057012142,0.006176378,0.007713908,0.000962984,1151.514343,498.4759901,976.485942,-289.2495768,-289.2495768,673.5043915,135.7358814,164.6481096,11.66190379,2.712117441,1.414213562,100.8476441,89.30630348,NA,NA,0.360992955,0.02064189,NA,0.106931452,-0.074040554,0.116619367,0.248984988,-0.143135248,0.149454855,-0.13439322,-0.130916804,0.134784556,-0.134820902,0.152591857,58.82136272,1094.288455,0.238032383,2705,210680,19050290,1903046912,191035,15661257,1439088767,1.44362e+11,15313279,1248723479,1.13775e+11,1.13212e+13,0.127046847,0.038897653,0.04136674,0.016631111,0.032615638,0.003865594,0.00732874,0.022640771,0.01110762,0.008240599,0.00447621,0.003168259,0.00781639,0.019248152,0.010201661,0.004132309,0.00452365,0.012901987,0.004232367,0.0010683,0.000797048,0.010285467,0.002414872,0.003985041,0.002356646,0.003363883,0.011273578,0.003602787,0.002338867,0.001557443,770.8853974,585.6229205,0,10,27,10,28,30,5,456.5290087
91,91,9,11,blind_0060.tif,vhip,3762,27126,507,717,233,618,418.9330144,650.030303,3762,-5.82E-11,14140247.12,-1021334418,1.45519152283669e-11,1027803.636,-3723340.668,-1191178504,1456284.545,27112197.26,4690426125,-37778856758,54.6924816,19075,0.950488413,69.20929972,-39,0.138686131,0.018284049,1.102022468,0.82431666,1.615498704,1.312509345,1.901040992,1.166302209,-0.196828979,3780.699641,365.1088824,3758.70471,-273.2067082,-273.2067082,387.1038133,245.9495767,274.9254444,12.36931688,2.372937279,1.414213562,94.25158319,76.43129018,NA,NA,0.999124059,-1.17657872,NA,0.072622729,-0.004289294,-0.022372807,0.102898409,0.03123329,0.088095947,-0.01156866,0.0306178,0.035178204,0.025093248,0.037753571,85.39724102,1607.970742,0.197221494,3762,699480,144196672,31047865008,120498,23432360,4997145016,1.0978e+12,5315872,1081350026,2.37301e+11,5.32239e+13,0.062580778,0.02224977,0.019641291,0.018137805,0.016203692,0.007682812,0.003133573,0.012864966,0.007651624,0.006838206,0.010856487,0.002809958,0.000992253,0.005183441,0.007074236,0.003394462,0.005544972,0.005849295,0.006002601,0.002885298,0.001738203,0.00141532,0.004570689,0.0032331,0.002113243,0.004205024,0.003183105,0.005391185,0.002730999,0.003332842,418.9330144,650.030303,0,11,31,11,55,54,3,747.6488562
92,92,9,12,blind_0060.tif,vhip,5460,25403,668,836,535,645,605.8212454,731.9668498,5460,-1.46E-11,3199067.536,-23127386.9,-1.01E-10,18000.64542,-5274526.146,-540670674.4,5413929,40851864.12,2382893321,34576615029,45.25696894,15120,0.639646194,83.37798219,-18,0.214935244,0.022096045,0.288914266,0.005521248,0.004650606,0.000114601,2.81834790858486e-08,-9.68E-07,-7.88E-08,991.5888801,585.8830128,585.909805,-3.296821506,-3.296821506,991.5620879,125.9580171,190.0947132,21.21320344,4.993200508,2.532247551,125.0965321,96.82008162,NA,NA,0.107309488,-0.010498928,NA,0.000603813,-0.002394428,-0.003321658,0.181604778,0.018545147,0.014639514,0.002874804,0.009455576,0.006074576,0.000711905,-0.000451996,0.46561386,1762.154508,0.361111111,5460,386684,30584510,2596029596,474839,33646690,2657113618,2.24378e+11,46709181,3351985154,2.66167e+11,2.24712e+13,0.192381224,0.038384625,0.10987864,0.007079174,0.038143543,0.001863309,0.046036929,0.006244488,0.006608816,0.021945593,0.00230372,0.002974202,0.018604916,0.003958932,0.004516101,0.003232671,0.010628778,0.002193017,0.005082802,0.001400387,0.006074475,0.003303654,0.005993441,0.002676608,0.001780407,0.001557375,0.00294937,0.007423167,0.002912707,0.000554074,605.8212454,731.9668498,0,12,33,12,55,49,16,698.151378
93,93,9,13,blind_0060.tif,vhip,677,1980,50,814,5,770,32.45790251,786.9423929,677,-2.56E-13,54490.05022,-394120.3916,9.09494701772928e-13,25653.8582,-105510.7416,4706245.706,58290.75332,97771.17716,3591171.768,-25407477.18,3.505277899,1274,0.791544687,29.35954992,1,0.341919192,0.285284086,0.246069534,0.012600486,0.005848121,0.000838392,-1.28E-06,-8.60E-05,-1.34E-06,121.2918013,45.29727333,80.48751879,-37.89343899,-37.89343899,86.10155587,44.05302284,51.85556865,9.219544457,3.461557385,2.828427125,30.14921794,26.92129962,NA,NA,0.118888506,-0.033048917,NA,0.055972583,-0.00884759,0.015167311,0.127181028,0.00819859,0.011573645,-0.003147032,0.02370871,0.014723478,8.13444155994927e-05,0.003088662,42.88172957,172.6873375,0.531397174,677,18589,564905,18109351,11470,340596,10874134,360854808,252620,7903462,259222604,8727552226,0.319914116,0.118923441,0.073262263,0.031972469,0.075808635,0.008259058,0.023818961,0.024166889,0.010400872,0.026975028,0.004721707,0.005499533,0.006618487,0.006799047,0.017310307,0.014896983,0.007393678,0.007239934,0.006159187,0.007547926,0.004435544,0.005371737,0.006045016,0.006398589,0.003886687,0.011939102,0.010249366,0.006296541,0.010768122,0.003100356,32.45790251,786.9423929,0,13,35,13,4,1,3,24.97056282
94,94,9,14,blind_0060.tif,vhip,1837,11155,328,836,213,739,262.4071856,792.1203048,1837,-6.57E-12,1115759.425,18407282.37,7.24753590475302e-13,-658486.988,-27631212.03,-1390646039,1179552.413,23516171.73,1379979925,60466332610,25.15287021,6572,0.854228764,48.36259964,-11,0.164679516,0.039756894,0.680179258,0.152663625,0.358873867,0.165651769,0.040107867,0.06459625,-0.004758657,983.6227395,265.8665571,607.3812875,358.4578051,358.4578051,642.1080091,125.4510416,123.9758041,10.63014581,2.540908706,1.414213562,80.26133785,65.22165985,NA,NA,0.330637609,0.127267286,NA,-0.195132175,-0.191041203,-0.224330918,0.349541649,0.162589963,0.222610323,0.227578684,-0.094676391,-0.187812892,-0.212035378,-0.254262085,-43.61340681,761.9970414,0.279519172,1837,90761,5600005,405340835,97582,4162765,204774783,11223402937,6363138,267942853,12536575327,6.28088e+11,0.15195386,0.048824248,0.021875047,0.043925922,0.021435659,0.010588703,0.014728674,0.031895682,0.006144432,0.008762649,0.011739777,0.008958116,0.002206649,0.008922764,0.011962466,0.004764071,0.00637752,0.003433911,0.010607317,0.001984489,0.010033464,0.003480626,0.009899806,0.001091893,0.007327059,0.002848346,0.001426111,0.007324108,0.003098051,0.001314684,262.4071856,792.1203048,0,14,37,14,25,20,5,297.2619801
95,95,9,15,blind_0060.tif,vhip,2918,15416,862,870,698,776,789.5945853,825.976011,2918,8.85336248757085e-12,3821537.394,-38874954.62,1.18021148409753e-11,1105643.621,-4912395.224,3153487758,1006010.321,-11413329.34,1769538224,-27457009828,33.23887277,9504,0.922836326,60.95336735,-13,0.189283861,0.030085256,0.566964674,0.176784706,0.000393571,0.012610841,2.64189493237071e-05,0.005191077,-9.56E-06,1440.649293,213.7536251,1309.642699,-378.9045994,-378.9045994,344.7602196,151.8235446,167.3708457,12.16552506,3.035788425,2,84.30858551,58.48126197,NA,NA,0.448815181,-0.084519453,NA,0.129850788,-0.010680217,0.126921526,0.118149493,-0.024814134,0.071220347,-0.020457602,-0.014951945,0.031159044,-0.01084804,0.028107014,70.92712892,1104.004184,0.30702862,2918,267273,28302297,3253526469,145830,14462882,1612065448,1.9223e+11,8294012,858784576,98560068650,1.20323e+13,0.132537269,0.016072927,0.066160928,0.024895253,0.013237283,0.0079823,0.022812821,0.023477772,0.010301448,0.01246683,0.008949543,0.005078033,0.00377004,0.016426718,0.009450717,0.006306283,0.009637809,0.009222401,0.00538789,0.003779658,0.000636095,0.011438533,0.006903396,0.005382004,0.004378334,0.001208509,0.00918682,0.002897509,0.005724417,0.002595856,789.5945853,825.976011,0,15,38,15,24,28,3,433.6295137
96,96,9,16,blind_0060.tif,vhip,1094,6205,468,929,383,856,424.2230347,899.7129799,1094,-5.37E-12,253409.5795,883794.4472,3.58824081558851e-12,-233474.9671,-2004853.68,-131131876,429347.8757,3076773.388,125155077.5,2367304331,12.6997831,3307,0.918967109,37.32189789,-8,0.176309428,0.078741502,0.570468682,0.173829707,0.044515433,0.047970733,0.002179211,0.01931953,-0.000406314,540.1064768,83.98626102,231.6358131,213.4140467,213.4140467,392.4569248,92.96076392,91.78779875,9.899494937,2.909027107,2,43.29801073,36.65760735,NA,NA,0.211732919,0.022325848,NA,-0.195076825,-0.050645327,-0.100151235,0.358735763,0.077723474,0.095586488,0.054663,-0.144190157,-0.126509904,-0.05936122,-0.061659549,-34.67724882,417.8416665,0.330813426,1094,45098,2112486,108859502,47822,1737893,71089111,3189243821,2519790,86538391,3286873885,1.34418e+11,0.16503,0.035975441,0.051764032,0.040749691,0.028012983,0.012791539,0.009684041,0.044813544,0.0052854,0.010450144,0.015795657,0.00502712,0.003780888,0.020167032,0.013318552,0.004230674,0.006835528,0.008557045,0.006831696,0.001514456,0.004282659,0.007276656,0.01054237,0.005134353,0.004319063,0.002597869,0.009227314,0.002898605,0.002195915,0.000563838,424.2230347,899.7129799,0,16,39,16,11,7,4,163.4386023
97,97,9,17,blind_0060.tif,vhip,1476,5974,684,955,581,897,633.296748,924.6863144,1476,-2.57E-12,673620.0244,651581.3107,7.89412979429471e-12,68238.39431,-3352774.512,10053405.7,180453.7636,318759.4222,73637287.45,340124825.2,10.87212388,3834,0.865633059,43.35091196,0,0.247070639,0.091978349,0.392033047,0.055168185,0.014903796,0.001594019,-4.75E-06,-0.000355482,-6.15E-06,462.6611542,115.9796235,456.3821303,-46.23197446,-46.23197446,122.2586474,86.0382384,102.019606,10.77032961,2.994944957,2.236067977,54.97476886,43.07753448,NA,NA,0.309201985,0.007784894,NA,0.031322476,-0.040057925,0.003126469,0.082831062,0.00380844,0.02290017,0.002753189,0.001853037,0.00471558,-0.008100488,-0.000766282,82.26566256,449.0609665,0.384976526,1476,77190,4710406,317446770,40865,2205345,134198299,8832852621,1311855,72703049,4420745083,2.86084e+11,0.180563179,0.01055888,0.099019873,0.02382318,0.018412697,0.005287207,0.041622666,0.023793144,0.008638341,0.020784227,0.006825747,0.001963953,0.018062901,0.020210536,0.006897382,0.004661611,0.011589171,0.007021606,0.003825736,0.000783976,0.009462409,0.01379231,0.004953402,0.002323999,0.003808683,0.002598912,0.009062873,0.005939771,0.00263674,0.000573963,633.296748,924.6863144,0,17,40,17,2,1,5,25.72792226
98,98,9,18,blind_0060.tif,vhip,1719,15846,529,1011,390,897,454.4968005,953.4223386,1719,3.97903932025656e-12,1644715.732,-7923315.4,9.919176591211e-12,-881335.6771,20677474.88,-1742559667,796811.3822,-16202347.5,1263491106,-52369261626,29.57596624,7300,0.943181804,46.78353105,-19,0.108481636,0.033811237,0.826246815,0.438163322,0.293239748,0.099960099,0.015301806,0.051681315,-0.007664437,1279.095761,141.2225135,956.7863481,512.7025463,512.7025463,463.5319268,143.0577932,146.1095479,10.29563014,2.424651814,1.414213562,76.78007989,47.53483161,NA,NA,0.556594734,-0.064672143,NA,-0.298256281,0.168774881,-0.343052057,0.269652081,-0.132247737,0.248739387,-0.248662836,0.078576407,-0.205653484,0.199702589,-0.296484593,-57.8445616,799.3046533,0.235479452,1719,110870,8795476,771514550,96990,5374209,403252137,34790349405,6269214,288687857,19992730365,1.67349e+12,0.100884421,0.022028916,0.038427076,0.01847905,0.027138584,0.0079849,0.003545307,0.014697746,0.005780063,0.017534193,0.013916232,0.003233894,0.009510237,0.0098733,0.001056657,0.005263349,0.006879162,0.013605514,0.003130333,0.00173102,0.012078924,0.005405517,0.00595237,0.004375647,0.003138352,0.00039686,0.009118669,0.002127773,0.001884184,0.00224825,454.4968005,953.4223386,0,18,41,18,21,18,5,333.9188354
99,99,9,19,blind_0060.tif,vhip,1487,10208,188,1002,100,886,146.3765972,959.194351,1487,1.46371803566581e-12,322897.1056,-2618447.836,-1.89E-11,370637.1634,-7187852.194,357745683.3,976786.8325,-15015595.75,598081078.5,-16751778378,16.23663131,4953,0.929508296,43.51215006,-2,0.145670063,0.06158913,0.587781367,0.199837549,0.249169301,0.184720887,0.039625528,0.081572451,-0.000578073,769.3836886,104.6472045,217.1466749,-249.251623,-249.251623,656.8842183,110.9510659,130.3840481,11,3.053614412,2,50.80199645,40.9188865,NA,NA,0.146030044,-0.030709059,NA,0.167620459,-0.084298863,0.108803157,0.441751324,-0.176102348,0.181897679,-0.132121206,-0.292463568,0.318828216,-0.248116781,0.240520535,24.29198888,550.8183259,0.300222088,1487,68962,3521120,190628854,108840,5418266,284916022,15702143306,8943260,453999464,24150591268,1.34434e+12,0.111371012,0.027962004,0.051522268,0.023672702,0.033024194,0.007848452,0.017897114,0.023881243,0.006163381,0.013646862,0.015292549,0.00466355,0.006798388,0.014341372,0.01064238,0.00263789,0.005174498,0.011582529,0.006791113,0.00281917,0.00293856,0.008826221,0.009572277,0.002164127,0.002988169,0.00672753,0.003866784,0.008067453,0.003867598,0.001305103,146.3765972,959.194351,0,19,42,19,14,7,7,191.4091659
100,100,9,20,blind_0060.tif,vhip,883,2205,857,997,794,962,815.3522084,978.7734994,883,5.11590769747272e-13,179135.4632,1951301.386,1.36424205265939e-12,29133.44168,316892.0094,12350078.28,48264.69989,-72068.70479,6884353.381,42680482.81,4.263699252,1530,0.87919556,33.53014342,0,0.400453515,0.234538118,0.291654959,0.033758319,0.010870233,0.006654453,5.60656624669769e-05,0.001196937,-7.73E-06,209.884389,47.64693952,202.8714192,-32.99370518,-32.99370518,54.65990927,57.94954895,62.28964601,11.70469991,3.62612396,2.828427125,32.98251355,27.61070503,NA,NA,0.229752457,0.084221427,NA,0.037365465,0.013677588,0.017938561,0.061902502,-0.003110606,0.009999564,0.002086252,-0.004989221,0.004590575,0.000806793,0.001801904,78.00009765,217.509668,0.577124183,883,18854,581710,22021970,14811,345381,11318331,441881889,296697,7240407,241843153,9482869335,0.287780531,0.089264608,0.080646921,0.073866134,0.033433788,0.026984256,0.011516061,0.038749742,0.024591314,0.016077004,0.007504987,0.006512682,0.006028579,0.017703115,0.00504621,0.008623742,0.012388489,0.012106887,0.001563186,0.003256083,0.003565385,0.010907434,0.007838567,0.003742932,0.003360855,0.008903302,0.007396645,0.007033172,0.003758441,0.006080174,815.3522084,978.7734994,0,20,43,20,4,1,4,19.31370854
101,101,10,1,blind_0062.tif,vhip,797,3245,811,117,756,58,777.8531995,84.38895859,797,-1.99E-13,122681.8243,482758.7816,3.73034936274053e-13,-101395.4918,-153479.6488,-33362577.38,129551.4228,-50451.78928,30932135.44,108936910.5,5.488266964,1462,0.94425887,31.85548488,1,0.245608629,0.18220688,0.397087017,0.102038033,0.002721715,0.000598158,1.78861134617494e-07,-6.96E-05,7.41958477233021e-07,285.5335961,30.94475666,153.9295161,127.2214452,127.2214452,162.5488367,67.59095752,69.65629907,7.211102551,2.572115881,2.236067977,24.14179809,22.25120461,NA,NA,0.193136156,0.026920578,NA,-0.159625402,-0.008558645,-0.065899881,0.203950862,-0.002813395,0.061099118,0.007622035,0.012682007,-0.068618436,0.001908399,-0.027326137,-44.02991607,234.4507935,0.545143639,797,17417,503299,16843433,21032,358221,8696425,255788013,684564,9558019,199089231,5187163567,0.209145078,0.037755143,0.086379666,0.037471274,0.042888452,0.016881742,0.024168198,0.019245057,0.012773638,0.025271398,0.029204622,0.005436367,0.01402632,0.007988348,0.002527984,0.007553918,0.010159504,0.019163766,0.013045462,0.000910622,0.011621273,0.012988353,0.00843161,0.005039637,0.006376117,0.002284228,0.004011378,0.009733443,0.002878817,0.002347792,777.8531995,84.38895859,0,1,1,1,0,0,0,0
102,102,10,2,blind_0062.tif,vhip,1120,2144,547,171,515,104,532.0133929,134.6464286,1120,9.9475983006414e-14,51580.79911,-85721.44551,-1.07E-11,59786.30357,-299040.851,7448143.966,353263.9857,-692398.6318,16928697.57,-107887772.7,2.411729533,1448,0.94332575,37.76278976,1,0.52238806,0.414640193,0.322739784,0.066926633,0.003708955,0.000437603,-4.01E-07,-9.43E-05,3.87402105976738e-07,325.6073001,35.86125779,46.05428492,-53.38062819,-53.38062819,315.414273,72.17836796,66.61080993,8.94427191,3.976680558,3.605551275,26.29723279,23.95370795,NA,NA,0.041119897,-0.002041947,NA,0.047661275,-0.007123369,0.005301442,0.281619887,-0.016493436,0.012049513,-0.002294611,0.016820948,0.020577995,-0.003792321,0.002325224,10.81048845,184.2375901,0.773480663,1120,19055,375771,8062547,34324,643754,13251334,291189746,1405172,26878818,554909466,12170069742,0.321394701,0.049119938,0.096916143,0.077798327,0.055537764,0.01823394,0.002240172,0.043239307,0.032951456,0.035219128,0.024859762,0.006932243,0.007696104,0.002252014,0.019911508,0.016623509,0.015471236,0.014174103,0.00901547,0.00241659,0.007121144,0.007532796,0.002181498,0.007469631,0.009826507,0.007025573,0.003205477,0.006170928,0.002914483,0.00070449,532.0133929,134.6464286,0,2,2,2,1,0,1,7.242640734
103,103,10,3,blind_0062.tif,vhip,1021,2700,783,356,708,320,742.0029383,343.8971596,1021,-9.66E-13,384224.9912,1464654.1,-3.20E-12,31214.30852,562678.4007,22705601.1,46418.20176,-407248.2411,18515549.03,-88541101.76,4.425012599,1720,0.942057025,36.05520178,1,0.378148148,0.225988057,0.413110376,0.108597202,0.010312565,0.001042101,3.39725965005643e-06,0.00033772,-3.60E-07,379.123474,42.66221936,376.3222245,-30.57229042,-30.57229042,45.46346892,77.88437317,74.33034374,7.810249676,2.956056738,2.828427125,33.4072905,26.12652885,NA,NA,0.368582002,0.043971443,NA,0.029943477,0.016892576,0.021333189,0.044528373,-0.012226295,0.017396399,-0.002603483,-0.01103199,0.008669393,-0.003643285,0.004106095,84.76477346,238.273124,0.593604651,1021,34717,1564705,80798779,24399,860852,40077440,2119235012,629485,22488958,1066400238,57357814714,0.234598707,0.02497237,0.086914286,0.057551822,0.014179577,0.005528163,0.032692023,0.043408417,0.019318508,0.012414259,0.008735762,0.007806506,0.022425332,0.0219897,0.019143206,0.014705008,0.010304544,0.00848863,0.008647251,0.010350215,0.013889965,0.011926537,0.013449468,0.010732649,0.013990826,0.008298798,0.003134702,0.005503515,0.009932275,0.00687161,742.0029383,343.8971596,0,3,3,3,0,0,0,0
104,104,10,4,blind_0062.tif,vhip,625,1053,984,435,945,408,966.7264,421.5488,625,9.80548975348938e-13,49490.2144,-86076.63148,0,-14620.1552,55103.94547,-2571834.424,25434.7616,1973.535148,1828849.27,-6466266.919,1.561421165,700,0.81939595,28.20947918,1,0.59354226,0.640442196,0.191807939,0.009395638,0.000462911,8.45842170219658e-05,1.67224520279322e-08,8.08706690118703e-06,7.02613069638119e-10,90.23094908,29.64901252,79.18434304,23.39224832,23.39224832,40.69561856,37.99598907,41.34005322,10.29563014,4.240954884,3.605551275,21.80880757,21.78036272,NA,NA,0.126694949,-0.008814247,NA,-0.037427597,0.005642644,-0.010534234,0.06511299,0.00020209,0.007490967,-0.001059433,-0.002415421,-0.004895062,0.000180439,-0.00116337,-64.72174392,110.7401154,0.892857143,625,13579,344513,9549439,8468,169359,4087555,109699497,140166,2651105,61441425,1595984243,0.465637633,0.101400485,0.160172371,0.069323822,0.045422575,0.031855073,0.030014372,0.025011818,0.015833971,0.014331683,0.005158485,0.012950557,0.007352431,0.013788486,0.010391518,0.007711464,0.015318108,0.007981677,0.00300344,0.004117507,0.002642587,0.002938794,0.010047695,0.010156488,0.010670431,0.01391386,0.006426248,0.004604178,0.002274668,0.000437238,966.7264,421.5488,0,4,4,4,0,0,0,0
105,105,10,5,blind_0062.tif,vhip,697,1305,880,469,835,440,859.5968436,456.2711621,697,-3.94E-13,84313.71306,-373376.4925,1.63424829224823e-12,3627.196557,-65493.74969,982919.35,25247.75036,45311.33673,1793019.6,3474777.558,2.52488537,929,0.839023842,29.79006483,1,0.534099617,0.396057584,0.225523742,0.015005332,0.001782237,0.000691428,7.19541112612283e-07,7.96865561705516e-05,2.67177828875817e-07,121.2849681,35.90507983,120.9665898,-5.204012276,-5.204012276,36.22345819,44.05178191,44.55333882,10.04987562,3.655791723,3,26.7401287,23.96833906,NA,NA,0.173553213,-0.02911153,NA,0.007466302,-0.005106436,0.002902816,0.051970528,0.003532848,0.005295253,0.000388698,-0.000989386,0.001071793,-0.000129711,0.000164313,86.49904208,148.7106781,0.750269107,697,17144,506002,16220378,11341,282580,8346182,266657914,209779,5323250,156936828,4977051944,0.447077059,0.091892963,0.126072923,0.074669953,0.05290932,0.034252879,0.017798102,0.011897278,0.024165685,0.003380802,0.020564003,0.012851949,0.017262707,0.024130317,0.016489981,0.015524163,0.007252688,0.006229997,0.005697734,0.003536643,0.006485769,0.006169874,0.01636798,0.008101317,0.012266543,0.010223615,0.011956841,0.011067924,0.002611789,0.001334712,859.5968436,456.2711621,0,5,5,5,0,0,0,4
106,106,10,6,blind_0062.tif,vhip,778,1496,534,778,500,734,515.4485861,758.8187661,778,-1.63E-13,44990.44344,86738.50575,1.64845914696343e-12,-1714.749357,18746.5939,-531705.4846,63473.44602,-120180.3115,2028078.23,-1430976.293,2.016339806,968,0.543533556,31.47348671,0,0.520053476,0.495948152,0.179195038,0.000964555,0.000879829,8.31047536479846e-05,2.02615938395239e-08,2.09833818660914e-06,9.71851657306749e-09,81.7881551,57.62558457,57.82833348,2.204048017,2.204048017,81.58540619,36.17472158,43.18564576,12.72792206,4.489587007,3.802775638,30.20047956,30.36460691,NA,NA,0.074329477,0.005137631,NA,-0.002832967,0.001110384,-0.0011291,0.104865561,-0.007118432,0.004306713,-0.000108944,-0.010008765,0.001277827,3.9513282592015e-06,-5.75E-05,-5.255808914,140.4030663,0.803719008,778,12019,230667,5040295,19309,296582,5690636,124203302,542699,8178636,153848254,3301007532,0.530225568,0.127443537,0.153429513,0.032185998,0.035995103,0.015471204,0.017309566,0.011581921,0.035025958,0.0209616,0.01021392,0.005320308,0.004017109,0.026964697,0.01086966,0.014643157,0.009462509,0.002061405,0.007458072,0.007460746,0.008860889,0.005114061,0.000334988,0.004859687,0.015844929,0.005641705,0.007843444,0.005543081,0.005193098,0.001800965,515.4485861,758.8187661,0,6,6,6,0,0,0,8.07106781
107,107,10,7,blind_0062.tif,vhip,1100,2301,802,933,763,874,782.0572727,908.7081818,1100,-1.08E-12,89515.39182,-77813.57852,-9.38E-13,13735.38455,264676.946,4152982.441,156743.3264,382814.9872,9654445.234,73280767.98,3.490334084,1558,0.674900076,37.42410319,0,0.47805302,0.286505525,0.203519602,0.003602376,0.002478094,0.00022463,9.95849484694285e-08,1.60419041017134e-06,1.34799995700444e-07,144.9466681,78.92489393,81.37762893,-12.48671322,-12.48671322,142.4939331,48.15751955,59.66573556,13.41640786,4.357063688,3.16227766,36.27744397,35.53587346,NA,NA,0.073979663,-0.001938982,NA,0.011351557,0.006595298,0.003120197,0.129539939,0.009539096,0.007253528,0.001660029,-0.019513067,0.003717257,0.002143514,0.000996687,11.11298645,219.6518036,0.706033376,1100,20963,489013,12653279,38179,741323,17760947,473422589,1481867,29576619,724978239,19747591089,0.392692133,0.123706383,0.117559289,0.029092022,0.065484701,0.009994886,0.011897677,0.018696263,0.022180255,0.013102354,0.002035609,0.002636883,0.02333133,0.010141153,0.014609089,0.011812094,0.00481696,0.006461563,0.010387245,0.001630589,0.012002293,0.006045382,0.008788432,0.010940823,0.009161208,0.001759349,0.004422784,0.007283778,0.002195892,0.004828747,782.0572727,908.7081818,0,7,7,7,0,0,2,15.31370848
108,108,11,1,blind_0064.tif,vhip,959,3834,554,129,500,58,526.5599583,97.08133472,959,-6.75E-13,113400.3024,-24859.69633,2.03925765163149e-12,-56304.67675,147341.7016,-28022230.94,209185.6559,-354654.7439,24585609.09,-154157512.2,11.69417477,2331,0.792797091,34.94333589,-8,0.250130412,0.085512661,0.350758533,0.025839869,0.002212358,0.000258414,-8.90E-08,-3.94E-05,-1.74E-07,245.2673066,91.11012645,118.2484905,58.71186314,58.71186314,218.1289425,62.64404924,70.57619995,7.280109889,2.260783004,2,41.42583735,38.18064985,NA,NA,0.123303953,-0.000872869,NA,-0.061221964,0.005173437,-0.031772171,0.22745458,-0.012452578,0.027875659,-0.005644163,-0.014164909,-0.01008285,0.00347328,-0.009221553,-24.80777972,375.4041123,0.411411411,959,25471,789909,26978905,37479,939136,28027140,918932296,1673915,39703534,1137520502,35593568374,0.240656119,0.044473226,0.097049908,0.021278845,0.037154799,0.010540289,0.026280465,0.017077248,0.012539384,0.020895259,0.007228659,0.013564423,0.008920565,0.017545968,0.011642566,0.004992324,0.01542826,0.016123088,0.013320498,0.010060674,0.006187327,0.010763753,0.010351574,0.006339579,0.008681013,0.007943164,0.010777425,0.004327931,0.011895943,0.004216588,526.5599583,97.08133472,0,1,1,1,12,11,4,101.497476
109,109,11,2,blind_0064.tif,vhip,1244,4100,183,246,133,164,158.4614148,198.1109325,1244,2.94164692604681e-12,98139.14791,-391914.7699,-2.71E-12,74080.32476,52460.28551,12732842.74,344628.6913,1055572.333,22834000.41,92958063.71,6.55388053,2480,0.887430948,39.79836672,-6,0.303414634,0.152581359,0.286111495,0.034535801,0.007758398,0.004125664,2.25447300284099e-05,0.000756873,6.04613579453115e-06,293.5526509,62.37004948,78.88999028,-59.55010029,-59.55010029,277.0327101,68.53351307,82.20097323,10.19803903,3.458014085,2.828427125,40.20988026,31.58988433,NA,NA,0.063416391,-0.007180268,NA,0.047869856,0.000961125,0.006614001,0.222695105,0.019339135,0.011860988,0.001369039,0.062108882,0.027287926,0.004329995,0.002491199,15.50467825,320.0843071,0.501612903,1244,31674,904604,27638106,42434,1154510,34681726,1103576738,1792092,51738668,1613498748,52708150340,0.23441024,0.036568295,0.124220995,0.037450402,0.038717271,0.004309962,0.050334562,0.034684843,0.012776276,0.010511934,0.01192166,0.002482286,0.02065414,0.020216912,0.006934694,0.008137674,0.008727262,0.007829474,0.006366474,0.002135773,0.010475461,0.009385617,0.000429137,0.004775061,0.005964752,0.004776578,0.005413056,0.008040372,0.003096209,0.001796517,158.4614148,198.1109325,0,2,2,2,4,3,2,74.66904813
110,110,11,3,blind_0064.tif,vhip,2380,16520,495,264,355,146,418.4609244,213.7344538,2380,-8.23E-12,2003939.366,31794094.47,2.86490831058472e-11,382675.3042,-31286161.96,590846446.2,1658812.175,-37529774.35,2187812176,-77563599812,37.13433783,11065,0.610695567,55.04825262,-26,0.144067797,0.026929254,0.64662657,0.021968675,0.357581336,0.02668247,-0.000326761,-0.000664466,0.002585748,945.8654379,593.1057977,841.9913302,-160.7879429,-160.7879429,696.9799054,123.0197017,148.7615542,12.04159458,2.504866011,1.414213562,104.6378517,97.41505409,NA,NA,0.35377787,0.115054621,NA,0.067557959,-0.113216545,0.043827203,0.2928487,-0.135810566,0.162285293,-0.117933886,-0.048807099,0.110234939,-0.124396781,0.129474682,57.13625859,1053.855952,0.215092634,2380,151037,11588887,1021579265,161208,10613084,802250626,68454045722,12578148,812531730,59615689324,4.89591e+12,0.120667104,0.024587811,0.051489113,0.008580274,0.024171564,0.012561036,0.022112527,0.015811722,0.004883098,0.011853549,0.009602155,0.005712657,0.021343959,0.011532892,0.006017095,0.003597533,0.006688242,0.009073939,0.00535463,0.002735502,0.017263334,0.004809816,0.001722151,0.002833937,0.004773222,0.007754383,0.006385225,0.003990873,0.002792004,0.001723102,418.4609244,213.7344538,0,3,3,3,47,43,8,468.9432237
111,111,11,4,blind_0064.tif,vhip,2387,18369,775,376,658,219,734.0284876,302.8864684,2387,-7.62E-12,1063254.063,-21551264.86,-1.36E-11,103489.7202,9160360.83,-559894654.9,1915522.233,-16031884.87,774092366.1,-20190508578,27.38872223,11509,0.674476447,55.1291465,-4,0.129947194,0.036511378,0.522796957,0.023693568,0.023067834,0.018407172,-0.000141317,-0.002831068,0.000351993,807.6702224,440.2461143,445.4353007,-43.35555934,-43.35555934,802.481036,113.6781578,157.5087299,10.81665383,2.721152299,2,105.8264356,83.92817065,NA,NA,0.18660884,-0.077417959,NA,0.0181632,0.032906488,-0.041166985,0.336188117,-0.057590857,0.056916152,-0.030385318,-0.019497844,0.040472086,-0.006547436,-0.003932477,6.825210442,906.394011,0.207402902,2387,181480,14860904,1269975988,200237,15327206,1271525448,1.09858e+11,18712697,1424028942,1.18161e+11,1.02146e+13,0.122504849,0.02257013,0.064891383,0.00672999,0.029100663,0.003481053,0.028452287,0.009982126,0.005034655,0.021845064,0.010203052,0.001471104,0.008416827,0.008840095,0.003331334,0.006012498,0.013259374,0.005808299,0.004093643,0.002713097,0.004401834,0.007597424,0.003078639,0.005473571,0.003158412,0.010099272,0.005799024,0.004212944,0.002408898,0.000740545,734.0284876,302.8864684,0,4,4,4,27,25,8,332.8183305
112,112,11,5,blind_0064.tif,vhip,2160,8484,612,352,511,268,564.2652778,301.1912037,2160,6.91358081894577e-12,590970.9958,331212.2592,-9.49E-12,127853.4403,-1244393.26,55272418.04,520308.0329,-398408.2096,66905929.86,-212593915.7,10.25062822,4654,0.620836207,52.44232467,-3,0.254596888,0.097554997,0.238185663,0.003233179,0.001211352,0.000123969,4.76937705557603e-08,-2.25E-06,-5.76E-09,318.6504471,195.8305847,273.5976833,-59.19140754,-59.19140754,240.8833486,71.40313126,100.0049999,16.15549442,4.364421179,3,66.11051354,55.97579258,NA,NA,0.126665594,0.001527468,NA,0.027403429,-0.005738829,0.005484628,0.111520069,-0.001837358,0.006639011,-0.000453903,0.016868648,0.007909744,-0.000182796,0.000959603,52.72389869,527.4812768,0.464116889,2160,115053,6719301,421193115,71693,3946601,235397593,14924563475,2899885,162551991,9724576571,6.12437e+11,0.274224944,0.018490561,0.15919072,0.013115155,0.019536577,0.006045323,0.06631124,0.016041547,0.011985785,0.011463677,0.004500923,0.004815672,0.013250548,0.009119864,0.008602307,0.005779443,0.003600554,0.006266882,0.003582886,0.003097275,0.005504792,0.000918166,0.005902715,0.004932823,0.004896576,0.008450285,0.004023842,0.007365155,0.004971005,0.0038545,564.2652778,301.1912037,0,5,5,5,6,1,10,58.87005848
113,113,11,6,blind_0064.tif,vhip,1695,6351,975,333,902,246,940.619469,298.3268437,1695,1.84741111297626e-12,370805.5575,-1137566.602,6.82121026329696e-13,-88309.18584,-4456726.427,-3431301.996,690036.9286,135973.9221,219600834.4,231367719.9,11.68890758,4572,0.715404176,46.4557965,-13,0.266887104,0.085551194,0.369242344,0.016125311,0.001358742,0.013584752,-5.78E-05,0.001372489,-8.39E-06,420.5530789,205.3126946,218.7643407,52.09981466,52.09981466,407.1014328,82.02956334,96.04165763,12.72792206,4.010014067,2.828427125,68.8877464,57.31494669,NA,NA,0.129064508,-0.009617287,NA,-0.030737354,-0.037678336,-0.000704612,0.240177836,0.001149559,0.045094635,0.001154008,-0.078567305,-0.02046927,-0.032858064,-0.004895399,-14.47702944,498.9726548,0.370734908,1695,65460,2898836,139454568,88694,3337006,140409304,6382307098,5331114,196778884,8016320830,3.5212e+11,0.232084391,0.051333072,0.084412893,0.032237614,0.047130586,0.018357214,0.005056815,0.031098685,0.017629728,0.030749239,0.009488952,0.00649272,0.004071546,0.014870436,0.019334786,0.009018407,0.020985888,0.006171434,0.001555104,0.005107805,0.001099631,0.010007369,0.004999249,0.007741416,0.005781874,0.010683874,0.003278799,0.004329464,0.007037265,0.004874974,940.619469,298.3268437,0,6,6,6,16,15,3,194.2375934
114,114,11,7,blind_0064.tif,vhip,1285,5621,101,428,24,355,66.18677043,397.1206226,1285,1.64845914696343e-12,232575.1751,-839432.867,1.86872739504906e-12,-46531.94942,1506477.362,-44626649.05,312660.3035,-431554.5842,52377175.99,-818717576.7,13.47788058,3389,0.606293806,40.44889139,-3,0.228607009,0.074195642,0.330200596,0.0055288,0.01478306,0.000842809,-2.26E-06,-5.11E-05,-1.93E-06,259.92755,164.3802155,180.9923542,36.21163379,36.21163379,243.3154113,64.48907504,82.75868534,10.29563014,2.728182207,2,54.01530534,51.2843392,NA,NA,0.140850081,-0.014181695,NA,-0.02818026,0.025450996,-0.021032209,0.189350515,-0.007290846,0.024684975,-0.010763987,-0.044989133,-0.020809155,0.002296599,-0.008246811,-24.64335807,466.5168107,0.379167896,1285,54210,2519520,125074170,54125,2236827,103704163,5165793477,2592439,105015165,4838583665,2.40254e+11,0.230411492,0.056670364,0.092636139,0.008621448,0.041752739,0.010596984,0.027791444,0.022828823,0.0116176,0.018503591,0.012845915,0.009622541,0.00822559,0.01508626,0.010885038,0.013494101,0.00801069,0.011910189,0.00334008,0.003137928,0.001244389,0.009301668,0.007512285,0.01003919,0.001238038,0.004668929,0.00665485,0.00242793,0.008009738,0.004233799,66.18677043,397.1206226,0,7,7,7,10,6,6,92.91168934
115,115,11,8,blind_0064.tif,vhip,1652,9804,651,572,537,486,586.3565375,518.6428571,1652,-1.95E-12,881638.9994,6929891.953,-2.17E-12,205963.3571,-10069064.26,41503491.55,479821.2857,-982275.7401,247974154.7,-1484376221,21.98283861,5995,0.770838986,45.8627488,-9,0.168502652,0.045490031,0.498867132,0.044460353,0.104288525,0.005650014,6.96404973652773e-05,-0.000837954,-0.000118153,586.2315032,237.8969987,533.6797817,-124.6751557,-124.6751557,290.4487202,96.84887223,113.5341358,12.08304597,2.65217305,2,80.43559879,61.69563987,NA,NA,0.323050715,0.062474294,NA,0.075469223,-0.090774529,0.009205651,0.175816417,-0.008855403,0.055001722,-0.008100444,0.038095989,0.040775545,-0.019039559,0.011197269,67.14413073,675.5411973,0.275562969,1652,81537,4906023,336103497,53926,2867564,170408820,11027181590,2240120,123028756,7217506568,4.47526e+11,0.15875241,0.020398728,0.074514126,0.015898104,0.025548114,0.018465485,0.034098881,0.007648192,0.008546973,0.026291412,0.015595663,0.007327848,0.018284014,0.006210359,0.007274413,0.004535382,0.017882885,0.006824285,0.007636109,0.004214947,0.002020449,0.003876998,0.00323273,0.002197313,0.002427828,0.009116552,0.004668722,0.004214085,0.005394084,0.002948621,586.3565375,518.6428571,0,8,9,8,22,20,6,251.664
116,116,11,9,blind_0064.tif,vhip,2008,10750,441,662,316,576,389.1962151,619.7709163,2008,-1.06E-11,1261096.691,-18008687.96,-1.30E-11,-270438.741,252385.7131,-510747799.8,628056.6215,6326665.909,557758024.1,2995068448,22.31856331,7207,0.782196616,50.56347502,-16,0.186790698,0.044805751,0.468532571,0.042644101,0.041986428,0.004190294,5.45958920236452e-05,0.000600203,1.04145620122004e-05,677.7372009,263.0762019,628.0362008,134.6806479,134.6806479,312.7772019,104.1335451,135.6023599,10,2.591513705,2,68.96627838,64.8784959,NA,NA,0.312767032,-0.099671915,NA,-0.067072036,0.001396868,-0.063083442,0.155765539,0.035015927,0.068889765,0.008255317,-0.004542876,-0.039885834,-0.006657501,-0.038814155,-69.744501,750.4467889,0.27861801,2008,146978,12019330,1046375786,87892,6162923,486759289,40998722723,4475170,310217469,24432912747,2.05782e+12,0.13854271,0.01255307,0.079855468,0.012384407,0.016698231,0.00490651,0.035032463,0.012099663,0.005631515,0.010955121,0.007666606,0.003887864,0.012417719,0.011031484,0.005813441,0.003140008,0.004260164,0.006064215,0.006211557,0.002403951,0.007259799,0.011149708,0.006368845,0.003335964,0.002613283,0.003637945,0.000390335,0.007386414,0.003016204,0.001486822,389.1962151,619.7709163,0,9,10,9,17,10,7,223.5929322
117,117,11,10,blind_0064.tif,vhip,951,4125,829,691,774,616,805.1629863,657.0893796,951,-4.05E-13,98819.73712,-241601.9164,1.15818465928896e-12,-47568.85384,85082.41923,-6748448.679,235325.4027,344560.3083,32144775.4,70007712.23,11.12601902,2963,0.815379176,34.7972816,-2,0.230545455,0.089879408,0.36946569,0.033847153,0.006669992,0.00309025,1.29502084559494e-05,0.000505392,-5.40E-06,263.1615041,88.20036746,103.9113955,50.01982528,50.01982528,247.4504761,64.88901344,83.72574276,6.32455532,2.242939754,2,54,37.56602028,NA,NA,0.1092654,-0.008662616,NA,-0.052597082,0.003050623,-0.007846255,0.26020029,0.012354181,0.037373937,0.002639454,-0.058517932,-0.069432769,-0.007031152,-0.017129021,-17.43729625,364.6406563,0.320958488,951,29636,1022366,37777412,39076,1170156,39128692,1414869372,1840934,53804412,1771600688,63691970652,0.172731927,0.014875409,0.100907164,0.018421133,0.019090855,0.001191781,0.054812779,0.01071388,0.011849726,0.008146465,0.001746685,0.00250747,0.023734748,0.00606054,0.009980329,0.007206499,0.001016682,0.01081379,0.009169368,0.001293671,0.008820076,0.003317459,0.007434003,0.006306061,0.0046845,0.005725337,0.011655115,0.006592798,0.004853805,0.000860495,805.1629863,657.0893796,0,10,11,10,11,7,8,74.42640752
118,118,11,11,blind_0064.tif,vhip,2323,6413,744,713,691,592,712.9496341,644.5867413,2323,-4.60E-12,279367.1072,318425.0293,-6.82E-12,-160970.3513,973238.4924,-29492343.44,1305779.272,-934170.0639,155024649.3,380919179.1,7.648288245,4567,0.899192682,54.38506654,-5,0.362232964,0.13074821,0.293745318,0.039737403,0.000154944,0.000141505,6.82737462158911e-09,2.80758736598774e-05,-1.98E-08,572.7214155,109.6489585,120.2613462,69.29416757,69.29416757,562.1090278,95.72639473,120.4159458,16.76305461,5.094101701,4,51.53615337,41.88535945,NA,NA,0.051769843,0.00122429,NA,-0.029829603,0.003741935,-0.002352673,0.241975475,-0.003591724,0.01236668,0.000630464,0.007915671,-0.01990671,0.002073601,-0.001561348,-8.707182361,472.510714,0.508649004,2323,50989,1398557,43280251,122159,2520375,67452313,2077901709,7729723,151800609,3969795595,1.21902e+11,0.203981756,0.053519861,0.099102038,0.025825919,0.046878931,0.01852452,0.047675075,0.012379678,0.011438358,0.029887315,0.013576667,0.009694257,0.017307587,0.005095549,0.011994921,0.001669872,0.015614757,0.0035537,0.011342695,0.003825627,0.001763263,0.00736181,0.003283518,0.006384107,0.00248678,0.007229564,0.004566743,0.006459244,0.005321416,0.002277233,712.9496341,644.5867413,0,11,12,11,3,2,2,47.87005842
119,119,11,12,blind_0064.tif,vhip,1582,7452,598,729,460,675,519.0145386,706.1232617,1582,-2.67E-12,1038430.666,7515715.139,-2.01E-12,-8028.835019,5737472.691,-68728971.19,186232.964,-1707862.613,87823117.36,-1975575105,13.66866899,4647,0.905949841,44.88056327,-5,0.212292002,0.073160013,0.489332275,0.115986907,0.052369704,0.005016965,5.51242254872121e-05,0.000579843,5.97862281436558e-05,656.4515178,117.6721418,656.4037077,5.075116953,5.075116953,117.7199519,102.4852394,137.6154061,11.66190379,3.112456878,2.236067977,52.20612912,43.3907164,NA,NA,0.414920169,0.075501245,NA,-0.003208039,0.057637407,-0.017358828,0.074412106,-0.017156818,0.022181423,-0.012545006,-0.01747657,0.003544091,0.002764952,-0.00454671,-89.46026148,521.2802666,0.340434689,1582,93361,6548087,516513061,49237,2897670,208587662,16938738654,1718649,99217648,7175845880,5.88059e+11,0.106361018,0.022896434,0.061721614,0.012129723,0.02670086,0.002976368,0.037127577,0.009272728,0.007229704,0.024252605,0.007882785,0.003616374,0.015674797,0.00890263,0.002962376,0.006247733,0.014840172,0.006294853,0.000196233,0.003315485,0.008172231,0.004682458,0.002999227,0.003815458,0.004246751,0.0094774,0.006424387,0.002898966,0.002991334,0.002441226,519.0145386,706.1232617,0,12,13,12,12,8,6,130.0538258
120,120,11,13,blind_0064.tif,vhip,775,2166,301,756,244,718,275.2567742,736.8270968,775,-2.10E-12,134903.9019,-699437.6425,7.105427357601e-14,19134.40774,-239660.2894,8966280.231,70644.83097,426733.0829,11995811.51,95680340.12,8.497239567,1598,0.730462396,31.41274657,1,0.357802401,0.117685278,0.342224737,0.015505819,0.016696562,0.000297027,5.55017085364219e-07,3.67155206266593e-05,3.59850672489964e-07,180.8645024,84.35966913,174.0695509,-24.68955838,-24.68955838,91.1546206,53.7943495,58.82176468,5.385164807,2.016828167,2,37,36.73900796,NA,NA,0.224605872,-0.041830663,NA,0.031857495,-0.014333156,0.019262258,0.117618865,0.025521257,0.0257706,0.007383576,0.008762685,0.005067703,1.0625728526748e-05,0.002478563,74.61226526,287.6700936,0.484981227,775,24224,892068,35617052,14591,475202,17751550,713141084,345351,11941782,459909674,18856526964,0.283770282,0.027614345,0.105574118,0.032679603,0.010387616,0.021845501,0.025784442,0.016104884,0.016840459,0.009692169,0.029041501,0.019632391,0.021401238,0.010126034,0.010807394,0.015228436,0.012679963,0.014397534,0.022077228,0.006316851,0.007122543,0.007625646,0.008748603,0.014727119,0.002923845,0.006706812,0.013427973,0.011595754,0.003204261,0.004483257,275.2567742,736.8270968,0,13,14,13,1,0,2,2
121,121,11,14,blind_0064.tif,vhip,907,5475,277,803,202,730,243.0429989,762.8853363,907,1.55608859131462e-12,150315.323,-417139.2516,-2.16E-12,79680.47189,1691457.563,26325708.22,227138.075,1646031.72,63048793.7,593173778,12.05474268,3275,0.79890491,33.98276426,-3,0.1656621,0.082954902,0.458826788,0.046246889,0.073661945,0.014331282,0.00027515,0.002972613,0.000375648,305.6035304,110.552366,165.7280298,-87.8505754,-87.8505754,250.4278666,69.92607873,78.49203781,8.94427191,2.454904448,2,61.23076061,42.05755409,NA,NA,0.182721091,-0.016836927,NA,0.096858407,0.068272041,0.035282407,0.276105696,0.066438525,0.084499652,0.026397113,0.040681909,0.075240705,0.055008712,0.0397606,32.13139457,370.6700936,0.276946565,907,37226,1678182,80799266,29827,1303870,63419688,3294376114,1208009,56466982,2937078768,1.61672e+11,0.176393921,0.033552759,0.07423821,0.021756124,0.033541574,0.021437518,0.026599566,0.023061195,0.003104504,0.017884987,0.018302027,0.002000434,0.010574339,0.017744443,0.006201961,0.009997436,0.00736067,0.013277852,0.000657013,0.003522745,0.002699164,0.012367047,0.002558927,0.012441433,0.002414945,0.005892275,0.012225636,0.003633371,0.007044892,0.005089328,243.0429989,762.8853363,0,14,15,14,9,5,4,103.5685436
122,122,11,15,blind_0064.tif,vhip,1217,4104,172,843,136,729,151.483977,774.1676253,1217,-9.09E-13,70141.93755,171897.7844,6.30961949354969e-12,-97087.73131,-559321.8911,-13256851.27,788447.8044,-1087167.425,54551321.77,90342519.56,7.935280981,2570,0.963616206,39.364102,-5,0.296539961,0.126019482,0.579701653,0.252398438,0.149499943,0.114286582,0.014936937,0.056690974,-0.000230776,658.4544217,47.04249035,57.63511713,79.77627881,79.77627881,647.8617949,102.641467,115.9525765,12.20655562,3.722665961,2.236067977,31.73121316,27.43501131,NA,NA,0.047358354,0.003326931,NA,-0.065551585,-0.010825186,-0.007354762,0.532343299,-0.021041175,0.030264503,0.00143673,0.348423746,-0.110769858,0.01063887,-0.01008481,-7.563443577,348.3624817,0.473540856,1217,18844,361922,7948042,54969,754051,12781227,249924367,3271267,40794611,626150195,11131450631,0.115249723,0.02307591,0.057629147,0.024675522,0.029257941,0.004099724,0.014634217,0.030989807,0.008886543,0.014553651,0.011653681,0.000926618,0.003284265,0.02528444,0.010912154,0.005125141,0.006451375,0.011071853,0.003831832,0.001004047,0.001966939,0.013239776,0.011233807,0.005028907,0.003657362,0.005098789,0.007015584,0.004757818,0.001278489,0.00107832,151.483977,774.1676253,0,15,16,15,12,12,3,135.1959607
123,123,11,16,blind_0064.tif,vhip,872,2440,839,851,778,811,803.2786697,827.7637615,872,2.70006239588838e-12,166143.2833,662374.8203,7.95807864051312e-13,47241.40596,892347.9435,26875642.89,58637.33486,555776.4693,17449242.27,357739974,4.302464241,1325,0.882071473,33.32063749,0,0.357377049,0.232424942,0.295614608,0.035429097,0.01422353,0.005287665,4.46436855727818e-05,0.000737454,1.047601412641e-05,210.9545857,46.82135256,190.5312881,-54.17592427,-54.17592427,67.24465007,58.09710294,62.62587325,10,3.585790033,3,29.44620281,27.37045197,NA,NA,0.218499184,0.029499361,NA,0.062128354,0.039741387,0.040533061,0.077115424,0.024751923,0.026316439,0.018270893,0.008678267,0.015990623,0.011972962,0.010584564,69.34450706,217.1309883,0.658113208,872,22043,723361,27347741,14618,416765,15406999,643562111,303690,9816543,396294661,17585332545,0.283086406,0.063730638,0.105543052,0.058687028,0.05045744,0.014761339,0.016316355,0.0410275,0.023864721,0.03003673,0.001583928,0.01204633,0.004071794,0.009819699,0.014686603,0.013296033,0.013155666,0.005484772,0.010637077,0.007112201,0.004559933,0.007029827,0.00092288,0.00875355,0.007247211,0.008504638,0.002874812,0.007610483,0.005103028,0.003773022,803.2786697,827.7637615,0,16,17,16,7,5,2,57.76955342
124,124,11,17,blind_0064.tif,vhip,1320,5772,638,906,564,828,592.1257576,863.3848485,1320,-1.71E-12,295775.1242,1913119.487,7.15516534910421e-12,-78252.88485,-698935.8562,-48231829.44,304140.497,3465951.451,93784687.69,2079558725,10.14351011,3800,0.643641296,40.99605102,-3,0.228690229,0.098585203,0.34430419,0.008091033,0.020399434,0.007247013,-8.68E-05,-0.000113684,1.49028269360753e-05,286.6078787,167.8736525,224.0720638,59.28248852,59.28248852,230.4094674,67.71798918,77.41446893,12.72792206,3.705671727,2.236067977,67.79034975,51.82642608,NA,NA,0.169751564,0.030220891,NA,-0.044910976,-0.01104085,-0.020970652,0.174552627,0.054750444,0.040776518,0.02488642,0.016225958,0.005125119,0.006262085,0.002486624,-43.47020056,410.1909089,0.347368421,1320,37126,1339972,56238646,46708,1235445,42313927,1697082069,1956896,52967201,1846124151,74671297265,0.25704298,0.076909719,0.068751858,0.017643963,0.061827898,0.033098746,0.014654349,0.011402422,0.018722836,0.023169579,0.021914109,0.009755909,0.018054089,0.002832885,0.017428754,0.006227208,0.006911813,0.000842439,0.004468538,0.008925306,0.01425286,0.004684742,0.007647059,0.001622308,0.00619007,0.004852244,0.000402449,0.010494153,0.010818255,0.00442561,592.1257576,863.3848485,0,17,18,17,13,9,6,111.1248928
125,125,11,18,blind_0064.tif,vhip,955,3136,346,942,297,878,320.7413613,908.2115183,955,-9.84E-13,100517.1162,-291681.6153,3.12994075102324e-12,27327.24503,532906.044,9358239.784,196961.2733,1547509.441,24169176.43,321845600.9,8.675365536,2049,0.736857714,34.87038522,-7,0.304528061,0.115268918,0.326173503,0.014773674,0.031592202,0.004003383,3.71707484735327e-05,0.000243351,-2.54E-05,213.7865427,97.70915311,105.2535248,-28.61491626,-28.61491626,206.242171,58.48576479,63.34824386,7.280109889,2.545562982,2,43.46916148,39.53917614,NA,NA,0.110213115,-0.010349053,NA,0.029963263,0.018907853,0.010744447,0.215960388,0.054906641,0.027749281,0.011957373,0.026014349,0.019426698,0.012692734,0.008011969,14.77002091,322.6639969,0.466081015,955,22673,638805,19647245,28852,712313,21129747,687096275,1068624,28569293,902330059,30879453671,0.295640634,0.076085417,0.077592219,0.027044627,0.056449009,0.025906752,0.00474299,0.029395702,0.032259816,0.01980154,0.012788327,0.010926658,0.002922364,0.013112308,0.019396217,0.003464184,0.006446262,0.005327801,0.009667994,0.015605823,0.005206562,0.007555748,0.011983664,0.006967958,0.007035128,0.008139943,0.001649697,0.007212034,0.008409976,0.00731565,320.7413613,908.2115183,0,18,19,18,10,8,5,85.740116
126,126,11,19,blind_0064.tif,vhip,727,1924,894,978,857,926,873.9491059,952.3535076,727,8.5265128291212e-13,33621.11692,18308.44381,2.06767936106189e-12,19268.07978,-48019.72228,4031280.053,125036.1486,-308327.5997,8528340.555,-28982718.31,3.938260951,1286,0.877179834,30.42441699,0,0.377858628,0.253919182,0.30018649,0.035231765,0.005655916,0.002832647,1.12804036763046e-05,0.000492612,-1.14E-06,177.3471993,40.88837903,46.24637816,-26.50354853,-26.50354853,171.9892002,53.26870741,58.00862005,9.486832981,3.159731517,2.236067977,26.81341862,25.57760866,NA,NA,0.063612625,0.00128474,NA,0.03645605,-0.003369641,0.010491552,0.236573865,-0.02163597,0.022195314,-0.002797491,-0.04580835,0.029994443,-0.007962515,0.007072039,11.42896853,189.6812409,0.565318818,727,12322,242468,5267620,19159,343996,6995016,157015420,629943,11384206,234286598,5365153798,0.275080282,0.033327831,0.124282824,0.044502586,0.035885038,0.020255174,0.042289677,0.046175218,0.011102168,0.010503306,0.013257249,0.011737227,0.014555211,0.027616308,0.006362098,0.011710269,0.007444925,0.006138164,0.01290865,0.004477937,0.008116558,0.011163062,0.003152365,0.00575446,0.010427413,0.004390633,0.011950342,0.006524517,0.00866798,0.000926298,873.9491059,952.3535076,0,19,21,19,1,0,3,4.828427136
127,127,12,1,blind_0092.tif,vhip,863,2322,853,174,810,120,835.1066049,148.0556199,863,-8.81E-13,75718.19235,-285874.829,3.08375547319883e-12,18775.88297,202811.8129,3844768.08,90455.33024,502797.1104,7001005.43,68094344.92,2.765076875,1200,0.625041488,33.14823867,1,0.37166236,0.361653598,0.223120891,0.002933792,0.00831191,0.000105873,-9.29E-08,-4.55E-06,3.49950000290989e-08,119.6486424,72.90468622,87.73834572,-21.75652719,-21.75652719,104.8149829,43.75360875,53.75872022,12.04159458,4.056303447,3.605551275,39.55255934,34.15369642,NA,NA,0.101666681,-0.013066189,NA,0.025210344,0.009269712,0.005981881,0.12145421,0.022980834,0.010892512,0.003606395,-0.012021564,0.004304566,0.00305481,0.001935825,34.28627236,173.1665222,0.719166667,863,21667,619703,19074817,24212,626657,18531761,589781993,769738,20881843,641326639,21057003619,0.34290816,0.038597721,0.16937406,0.017974155,0.036274219,0.031409085,0.055044986,0.023718794,0.015638362,0.012186496,0.022352537,0.011603079,0.003198511,0.016428516,0.01531863,0.008455441,0.006734004,0.004127872,0.011256777,0.011382511,0.008502209,0.004603699,0.010466658,0.008641929,0.007610383,0.009755252,0.008708436,0.00657329,0.008843314,0.002486123,835.1066049,148.0556199,0,1,1,1,0,0,0,0
128,128,12,2,blind_0092.tif,vhip,829,2397,552,181,505,130,529.8214717,156.7961399,829,-1.22E-12,74527.5778,-292513.427,9.66338120633736e-13,24518.82871,267626.1958,5368855.148,110664.5476,472808.7299,6222018.156,64597718.6,3.367838904,1387,0.703580188,32.48869931,0,0.345848978,0.296926316,0.269471882,0.007856386,0.012169185,0.000290462,3.83814870059098e-07,-1.22E-05,3.8845986742081e-07,148.4358225,74.95636747,89.90057636,-29.57639169,-29.57639169,133.4916136,48.73369634,50.48762225,9.219544457,3.29061377,2.828427125,39.71653405,34.63093818,NA,NA,0.108444604,-0.014782895,NA,0.035677191,0.013525156,0.009423627,0.161027278,0.023894567,0.010921133,0.003938006,-0.027927913,0.004961122,0.002605776,0.001639623,26.80632511,187.3086579,0.597692862,829,20577,585279,17934741,22214,575903,17168031,551197865,705914,19308653,597698885,19756382603,0.402499457,0.021205722,0.126478367,0.044747321,0.032310348,0.061913058,0.029732367,0.037543545,0.018304643,0.0287849,0.037117799,0.018424292,0.023005122,0.005816394,0.01697009,0.011386007,0.005319866,0.005454919,0.019602531,0.013526627,0.005161279,0.002955791,0.011977483,0.008164649,0.008651972,0.008706179,0.003388306,0.010673919,0.009923527,0.002466415,529.8214717,156.7961399,0,2,2,2,0,0,1,0
129,129,12,3,blind_0092.tif,vhip,1195,2970,945,313,900,247,924.5631799,275.3506276,1195,-2.12E-12,115557.9799,-403148.2569,-2.61E-12,-87020.97238,-180796.7859,-11059680.29,282212.087,-256810.006,29036536.12,-62276634.91,3.9121438,1919,0.868623689,39.0066822,1,0.402356902,0.255614326,0.278545591,0.028473231,0.000926792,0.000399855,-9.01E-08,5.34059575643201e-05,2.26125820797341e-07,267.2532171,65.60876363,96.70123842,72.82089739,72.82089739,236.1607423,65.39152448,69.28924881,11.70469991,3.689955131,3.16227766,40.21456647,32.39969472,NA,NA,0.080921538,-0.00816667,NA,-0.060937989,-0.003662444,-0.006480953,0.197624052,-0.005202261,0.017015358,-0.001055693,0.018532769,-0.031798983,0.002417342,-0.003951312,-23.12111901,242.3797257,0.622720167,1195,29353,836561,25822393,33879,745155,19261209,550186275,1242703,25333729,606435063,16236305485,0.316387165,0.040168314,0.13148583,0.053443936,0.019088326,0.011072245,0.045081017,0.030021141,0.032359514,0.005250981,0.002168752,0.014009628,0.02949212,0.009473085,0.033596579,0.01109794,0.006872492,0.013637468,0.021316664,0.004669683,0.006492042,0.01235443,0.017862136,0.004243568,0.006886197,0.001384641,0.009021983,0.009714671,0.005800904,0.002890707,924.5631799,275.3506276,0,3,3,3,0,0,0,0
130,130,12,4,blind_0092.tif,vhip,706,1369,756,345,719,308,735.9929178,324.5184136,706,-5.68E-14,48504.96459,24767.55899,-7.67E-13,-4032.407932,29154.23218,418499.4474,40714.26062,-39906.40141,2020780.743,-5815656.671,2.008959595,924,0.472544994,29.98177978,0,0.515704894,0.497770091,0.178998357,0.000506107,0.000149612,1.20303196916301e-05,2.61680880974223e-10,-2.61E-08,-4.38E-10,71.12779471,55.24504554,68.70391585,5.711625966,5.711625966,57.6689244,33.73491834,39.39543121,11.18033989,4.104941998,3.605551275,29.78838931,29.73080437,NA,NA,0.097314328,0.001870129,NA,-0.008090122,0.002201354,0.001189271,0.081684029,-0.00301322,0.005742554,-0.000621988,0.001073346,-0.003833464,0.000381107,-0.000211401,-67.0047816,133.5035713,0.764069264,706,11997,252369,5961735,11662,194139,4060845,96889965,233352,3792207,77717685,1836640485,0.579191759,0.043262469,0.195440236,0.021646282,0.018899382,0.012509665,0.006992031,0.020278779,0.034881239,0.016614574,0.012033842,0.021347888,0.021751301,0.002411179,0.016425097,0.005606594,0.009561989,0.00844394,0.023619719,0.015351133,0.00376409,0.008415754,0.00464205,0.009210095,0.011455032,0.006567339,0.001990325,0.004151905,0.013445235,0.005593729,735.9929178,324.5184136,0,4,4,4,0,0,1,0
131,131,12,5,blind_0092.tif,vhip,1091,2640,573,450,529,390,553.127406,417.2456462,1091,7.95807864051312e-13,76701.29056,-140101.8816,-4.04E-12,-71001.14482,33185.22022,-14674038.03,237846.1668,-15002.10575,21216822.34,-108639947.6,3.351111087,1619,0.900849673,37.27069014,1,0.413257576,0.29840849,0.264263193,0.032561643,0.000391036,0.000544677,2.02790064662168e-07,9.1178907113004e-05,1.48539813836171e-07,242.5902006,45.72094277,70.30365771,65.07895951,65.07895951,218.0074856,62.30122959,64.89992296,10.81665383,4.076200702,3.605551275,29.58887932,27.04690526,NA,NA,0.06443965,-0.003563544,NA,-0.059650742,0.000844078,-0.011299921,0.199823543,-0.000381584,0.016338271,-0.002532812,0.022158377,-0.022607381,0.002942803,-0.005045634,-20.69339379,214.3441918,0.673872761,1091,26323,711807,20735161,29725,646186,16000680,428674786,1047723,21394892,502456130,12708318452,0.329464815,0.05358418,0.131801814,0.056136042,0.040478795,0.03443783,0.038174955,0.036764012,0.012458431,0.013509928,0.03406538,0.009654356,0.018153246,0.006379667,0.002690239,0.015635445,0.001199043,0.015142851,0.009106686,0.004204318,0.009464694,0.006100469,0.009579608,0.006717085,0.011397282,0.005171033,0.005529119,0.004086414,0.004784431,0.007016162,553.127406,417.2456462,0,5,5,5,0,0,1,0
132,132,12,6,blind_0092.tif,vhip,1048,2244,223,473,179,422,200.3091603,449.4236641,1048,-1.36E-12,105161.8321,98795.43972,2.52953213930596e-12,24118.73282,266765.1576,1669285.061,131037.8931,-392770.3538,9878851.827,-32240338.79,3.339799873,1491,0.613429403,36.52882482,0,0.467023173,0.299419138,0.215058604,0.002484037,0.002393803,7.86631997558064e-05,-3.19E-08,9.63105689315894e-07,-1.22E-08,138.8069292,86.57448799,100.3452596,-23.01405804,-23.01405804,125.0361576,47.126541,50.99019514,10.77032961,3.851082606,3,38.91497472,37.21816503,NA,NA,0.095749294,0.002778649,NA,0.021959979,0.007502844,0.001450263,0.119309311,-0.011046775,0.008582674,-0.000865237,-0.010712407,0.007638394,-0.000461277,0.000702009,30.89476094,209.7228714,0.70288397,1048,22332,581038,16962048,28740,636544,17228856,516739942,919194,20517330,560624186,16917546048,0.491297252,0.055885463,0.152821279,0.042832635,0.012663928,0.033292202,0.029756162,0.032841776,0.015623623,0.010787339,0.033901109,0.020411993,0.008497426,0.010353022,0.020677023,0.009678222,0.007905529,0.008673517,0.02041456,0.026966793,0.007164059,0.00832876,0.013856815,0.01129734,0.010490563,0.001439531,0.005442796,0.014418026,0.013447816,0.010761105,200.3091603,449.4236641,0,6,6,6,2,0,3,4.828427196
133,133,12,7,blind_0092.tif,vhip,700,1376,917,519,874,487,897.3585714,503.1828571,700,-1.22E-12,69972.99857,-337396.2261,-6.75E-14,6.102857143,-253559.8966,2422233.226,39634.59429,66109.54238,4500204.255,-7697084.192,2.99964992,1095,0.658462639,29.85410661,1,0.50872093,0.333372236,0.223688965,0.003833482,0.004930938,0.000898414,2.23425204781575e-07,-1.38E-06,1.87770272643278e-06,99.96142828,56.62084723,99.96142653,-0.008718367,-0.008718367,56.62084898,39.99228491,44.94441011,11.18033989,3.759973248,3,30.35928535,30.09873013,NA,NA,0.142802038,-0.026025263,NA,1.24548104956169e-05,-0.019558496,0.007061904,0.080886927,0.0050994,0.013120129,-0.00084817,-0.001901291,-0.002555988,-0.00402811,0.000249498,89.98847441,162.4386002,0.639269406,700,16351,451909,13487491,11328,264612,7059904,202929972,222954,5274194,139364902,3956816042,0.439733133,0.128588947,0.093339273,0.023199442,0.070631472,0.03236051,0.015654976,0.009713926,0.009603025,0.016989373,0.011391133,0.022490717,0.002907932,0.022065153,0.014238942,0.013286726,0.009296564,0.022919244,0.014981532,0.007778142,0.001143653,0.006041617,0.008469091,0.002067993,0.002314277,0.004674394,0.006545189,0.001647552,0.005918735,0.008931948,897.3585714,503.1828571,0,7,7,7,0,0,0,0
134,134,12,8,blind_0092.tif,vhip,770,1927,934,787,887,746,914.7116883,769.8935065,770,-3.42E-12,74729.99481,-541932.9536,4.54747350886464e-13,-33315.64156,57818.49759,-8330390.486,67093.26753,297476.4919,7031018.827,25840122.11,2.809825456,1097,0.801330006,31.31125116,1,0.399584847,0.355893993,0.239202669,0.012795614,0.008534513,0.000492962,-9.68E-07,-5.58E-05,2.90665249801522e-07,135.6433422,48.5427128,97.05194131,43.26706696,43.26706696,87.13411368,46.58640869,54.91812087,10.19803903,3.843177308,3.16227766,32.35721897,27.86904026,NA,NA,0.126041482,-0.032939632,NA,-0.056190996,0.003514309,-0.018247072,0.113161187,0.018081141,0.015400899,0.00203975,-0.020012395,-0.014942603,-0.004747491,-0.003966356,-48.26912006,164.8883476,0.701914312,770,21338,666042,22057004,18398,476524,14125432,446742514,506686,12746546,369810674,11479650656,0.324932464,0.092240505,0.113879127,0.013848271,0.080843471,0.008742823,0.000167603,0.009908297,0.025413289,0.028192161,0.013864733,0.004579104,0.020622166,0.007853978,0.006556608,0.008690763,0.003225526,0.016757719,0.003859869,0.00805123,0.001059469,0.010046799,0.006125548,0.006801165,0.014456914,0.003526633,0.00740142,0.004318921,0.006004793,0.001302617,914.7116883,769.8935065,0,8,8,8,0,0,0,0
135,135,13,1,blind_0101.tif,vhip,1497,6715,914,94,829,15,851.5978624,45.39478958,1497,-1.41E-12,401421.9132,10718461.9,-1.02E-11,-134609.3367,-1833100.715,-133082104,471067.6794,-2598112.416,97654030.1,446256209.6,10.22817555,4093,0.695255155,43.65821341,-2,0.22293373,0.097769147,0.389328911,0.015397722,0.065436511,0.011943357,-0.000198564,-0.001441386,0.000268427,384.2922257,198.5331534,268.1509106,89.91939658,89.91939658,314.6744685,78.41349126,99.02019996,12.72792206,3.261017456,2.236067977,60,56.36071729,NA,NA,0.179125525,0.123616934,NA,-0.060066397,-0.021141307,-0.039669274,0.210203386,-0.029964252,0.029108831,0.003438017,0.077466546,-0.037697675,0.010614823,-0.008193812,-37.74789719,438.646753,0.365746396,1497,33829,1165885,55207525,45501,893616,27519962,1214446350,1854061,31116858,816619412,31344949020,0.192352872,0.087876569,0.021550465,0.026153491,0.045808011,0.019545843,0.030643868,0.025030683,0.024450957,0.007836407,0.010657214,0.013679117,0.014938161,0.004100273,0.008727273,0.009324871,0.013885143,0.008083298,0.006013779,0.003434005,0.004328751,0.006873457,0.006966944,0.008903836,0.006470993,0.009517976,0.004888032,0.007272017,0.004418751,0.005743346,851.5978624,45.39478958,0,1,1,1,6,4,2,56.76955318
136,136,13,2,blind_0101.tif,vhip,873,1904,81,66,25,32,50.67353952,50.00343643,873,-9.45E-13,118949.9588,261922.7566,5.50670620214078e-13,4956.979381,297137.4333,-118755.6427,50306.98969,-170614.8212,4879129.123,-32311368.93,2.805797881,1263,0.762444501,33.33973789,1,0.458508403,0.35640486,0.222084383,0.008281349,0.0033674,5.26775942252265e-05,-9.17E-09,-1.15E-06,2.02021279166994e-08,136.6621698,57.21749619,136.2542483,-5.678097802,-5.678097802,57.62541774,46.76103846,55.03635162,12.04159458,3.956731119,3.16227766,32.37730513,30.25689903,NA,NA,0.156075886,0.011631551,NA,0.006504121,0.013195376,-0.000178489,0.066008497,-0.007576718,0.007333302,-0.001643635,-0.007175747,0.002640419,-7.49E-05,0.000124229,85.89086011,175.4446968,0.691211401,873,22413,694371,24196617,15717,408468,13052728,468191100,333267,8564014,274203238,9872815390,0.360943782,0.0608244,0.158651207,0.032337975,0.046868536,0.012112844,0.047106445,0.013871458,0.024283625,0.013196472,0.010452272,0.013163468,0.008926724,0.000538625,0.027856951,0.019674191,0.010485415,0.011310421,0.009311838,0.005035313,0.004117375,0.004995901,0.011723504,0.017052796,0.007839213,0.013385205,0.008571516,0.010690029,0.004028472,0.004364783,50.67353952,50.00343643,0,2,2,2,0,0,1,0
137,137,13,3,blind_0101.tif,vhip,1369,7395,480,132,393,47,444.7786706,83.23520818,1369,8.5265128291212e-14,401771.9372,-8143266.286,5.80513415116002e-12,-157451.7319,7774025.773,-279642470.3,386032.263,-4350190.063,244466271.7,-9134549324,10.43934676,3783,0.756078744,41.75002918,-2,0.185125085,0.095791434,0.420350333,0.028302494,0.114531318,0.046263807,0.00336377,0.007270036,0.000161153,402.8856001,172.5740056,293.4784055,115.012222,115.012222,281.9812001,80.28804146,97.24710793,10.81665383,3.220957563,2.236067977,57.11550867,52.54697031,NA,NA,0.214374292,-0.117432962,NA,-0.08401185,0.112108194,-0.108991539,0.205976041,-0.062733513,0.095281504,-0.09622215,0.005381584,-0.072939434,0.080228509,-0.092369112,-46.4307036,423.782792,0.361882104,1369,70885,4072103,244311247,49606,2411081,139022243,8514213791,2183516,97298773,5557304559,3.4369e+11,0.178822224,0.06544274,0.046498867,0.040307802,0.043694293,0.005696834,0.012929019,0.04001826,0.010128032,0.008327289,0.006316666,0.013463821,0.009248387,0.019743201,0.001389709,0.011123971,0.006729922,0.008103665,0.012618121,0.006198921,0.003814342,0.006476846,0.004302017,0.009117776,0.003138669,0.007336769,0.006073074,0.006945071,0.008013238,0.00383408,444.7786706,83.23520818,0,3,3,3,10,8,4,103.8822523
138,138,13,4,blind_0101.tif,vhip,965,3036,827,344,761,298,791.3917098,323.7813472,965,1.98951966012828e-13,218939.9337,623807.2188,-1.28E-13,4493.650777,693296.801,-6258097.497,60216.86425,-426267.5113,13809909.64,-201545092.9,4.698332716,1777,0.851881204,35.05247724,0,0.317852437,0.212841461,0.299773737,0.029144796,0.010555246,0.00033353,-5.62E-07,-3.87E-05,2.749852972493e-07,227.01249,62.26916593,226.8807603,-4.65663293,-4.65663293,62.40089559,60.26773465,66.70832032,9.219544457,3.363803847,2.828427125,43.96347379,31.56432567,NA,NA,0.235109596,0.021564139,NA,0.004825526,0.023966296,-0.006964026,0.064664141,-0.014735469,0.015367701,-0.007219824,-0.00702818,0.001900402,0.00222421,-0.002190723,88.37961427,238.6934342,0.543050084,965,29328,1110268,47674668,24879,760609,29590641,1298522257,701631,21129203,831322199,36833788235,0.26775141,0.032045979,0.12504844,0.035027718,0.037998148,0.012314835,0.046420199,0.027904065,0.019022005,0.030615633,0.008115033,0.009719846,0.007283048,0.018546928,0.012657964,0.010806799,0.017643999,0.014152408,0.004548557,0.01000993,0.007930989,0.008464255,0.005637869,0.009307288,0.001042159,0.005082423,0.006249529,0.007128814,0.004436607,0.010554355,791.3917098,323.7813472,0,4,4,4,3,0,3,5.828427196
139,139,13,5,blind_0101.tif,vhip,1287,5368,405,383,344,295,366.4366744,335.1437451,1287,9.9475983006414e-13,129824.589,1078195.598,-4.92E-12,-11950.78477,-2007851.726,-28903482.93,587828.4071,279410.4836,69791168.24,684218604.6,10.3865101,3423,0.883058488,40.48035689,-1,0.239754098,0.09627873,0.433268792,0.076666417,0.021291698,0.000636509,-2.25E-06,-0.000119722,6.57231049361355e-07,456.9852598,100.6316758,100.8738065,9.285769053,9.285769053,456.7431291,85.50885426,88.28363382,9.433981132,2.89587368,2.236067977,57.73695322,40.12613629,NA,NA,0.078379026,0.018144758,NA,-0.00721505,-0.033789773,-0.01355859,0.354889766,0.004702148,0.032738956,0.008946846,0.044491539,-0.003026369,-0.019366865,-0.005954677,-1.493675192,409.8538598,0.375985977,1287,28876,777706,24352996,51665,1147240,28675908,795520204,2661855,59043086,1427272334,37068164102,0.209647063,0.014750666,0.088140802,0.039225243,0.010480244,0.008370397,0.045361075,0.030263015,0.006080619,0.010670854,0.003237861,0.015769817,0.029294014,0.019891253,0.012282288,0.006621504,0.008980409,0.00227452,0.01183762,0.009166347,0.00364293,0.021289499,0.009137361,0.002874027,0.001811447,0.005084818,0.001842864,0.002436426,0.015009178,0.003643369,366.4366744,335.1437451,0,5,5,5,9,4,5,62.18376684
140,140,13,6,blind_0101.tif,vhip,1345,7426,729,523,650,429,690.0758364,495.2669145,1345,-4.69E-12,512162.2647,-1667936.262,6.3664629124105e-12,320595.7747,-5092808.277,317617783.7,484313.1777,-8658386.17,400913308.1,-9926989523,13.93496243,4248,0.885157557,41.38245024,-5,0.181120388,0.071761944,0.550835639,0.125864991,0.134593287,0.107210285,0.012758841,0.030879647,0.001751736,609.022861,131.8510738,380.7897879,-238.3611708,-238.3611708,360.084147,98.71355417,114.8085363,12,2.983011429,2,56.30807007,45.93056913,NA,NA,0.283115084,-0.02514049,NA,0.177220201,-0.076762943,0.130538302,0.267720555,-0.130506229,0.164772078,-0.111247323,-0.21130716,0.22877868,-0.187684757,0.188203361,46.24349184,485.3097039,0.316619586,1345,53902,2672330,146478586,89129,3892515,197690543,10956706395,6390617,289940721,14950442645,8.36631e+11,0.129729209,0.043465124,0.042612225,0.027569264,0.039466312,0.00876326,0.007511065,0.020574037,0.010941264,0.017112966,0.013692686,0.003614832,0.022393029,0.008801727,0.005370058,0.007583184,0.000962908,0.012184376,0.001854884,0.003565182,0.014838779,0.003888387,0.007416254,0.002527116,0.00581389,0.004747053,0.002105333,0.006304305,0.001913129,0.00307811,690.0758364,495.2669145,0,6,6,6,16,13,5,139.7106805
141,141,13,7,blind_0101.tif,vhip,899,2592,715,551,643,515,688.7096774,531.6874305,899,-8.88E-13,187007.2258,-2510691.74,-6.96E-13,37558.41935,-1144679.442,43101244.99,52881.16796,-274032.6689,17904002.18,-539849319.8,4.316388597,1494,0.883802065,33.83256347,-2,0.34683642,0.231675156,0.296817739,0.036179948,0.025280729,0.015324863,0.00030154,0.002823256,7.80360345916519e-06,218.9190916,47.92005609,208.0169364,-41.77799706,-41.77799706,58.82221131,59.18365877,73.38937253,12.64911064,3.982046833,3.16227766,28.44099877,27.68972549,NA,NA,0.231387026,-0.103608209,NA,0.046471632,-0.047237255,0.059321311,0.065430713,-0.011308451,0.024641722,-0.024780704,0.001204395,0.008826921,-0.00897089,0.012123676,75.37457121,220.8233765,0.601740295,899,41093,2065355,108992099,15002,723295,36754355,1940351359,303226,14839837,754872069,39655925737,0.212521788,0.067495789,0.085417272,0.048414224,0.051750039,0.016105316,0.019751216,0.040060318,0.016540896,0.019534809,0.011876157,0.008184019,0.008989848,0.015967625,0.011749546,0.007147166,0.00356732,0.004146358,0.004432596,0.006508014,0.010313556,0.00232669,0.004684455,0.003004691,0.003009247,0.004920627,0.006558349,0.003992385,0.007156005,0.004629578,688.7096774,531.6874305,0,7,7,7,5,2,4,39.79899043
142,142,13,8,blind_0101.tif,vhip,1342,5336,554,670,462,612,495.1512668,642.5543964,1342,6.97752966516418e-12,640348.2928,13626728.11,7.1267436396738e-12,-314507.5425,-4898389.749,-332667429,290859.5291,1502606.94,166964658.9,3881062863,9.338679988,2759,0.933705118,41.33627304,-16,0.25149925,0.107081515,0.517060764,0.159644504,0.06720873,0.058617185,0.003677634,0.02147388,0.000106436,615.049435,78.84611038,477.1596817,234.3573342,234.3573342,216.7358637,99.20076088,97.49871794,13,3.764552775,2.236067977,37.06703977,35.51813292,NA,NA,0.35555863,0.206542915,NA,-0.174632887,-0.074245827,-0.137642558,0.161502134,0.0227753,0.069082335,0.043834582,-0.003409445,-0.045621762,-0.017881161,-0.031051692,-59.52855278,396.8477631,0.486408119,1342,44489,2115215,126205499,41004,1044827,38878081,1999364453,1543712,33459439,987336733,40394411761,0.179748314,0.046093838,0.051141533,0.044383714,0.045641746,0.013092739,0.026228738,0.03685288,0.016370654,0.019609866,0.021644222,0.003464174,0.025166969,0.005266595,0.015081508,0.008714332,0.002225703,0.014207936,0.006136029,0.000866548,0.010782196,0.008828435,0.002860143,0.009507439,0.005313202,0.006124437,0.004062053,0.003348244,0.001203498,0.000296192,495.1512668,642.5543964,0,8,8,8,14,13,6,135.1959612
143,143,13,9,blind_0101.tif,vhip,779,3450,689,840,620,790,657.3363286,818.6919127,779,2.41584530158434e-12,168291.8819,-608159.7691,-1.55E-12,-53376.28113,1311382.681,-28429640.99,94894.05905,-520626.5648,21953147.43,-483129984.5,8.253781411,1901,0.812239343,31.49370739,1,0.225797101,0.121156589,0.433698351,0.045575225,0.06618341,0.007884901,0.00016765,0.00149665,-6.59E-05,252.0773492,85.77366616,216.0357919,68.51897449,68.51897449,121.8152234,63.5077758,70.09279564,7.211102551,2.116056385,2,43.96453654,37.04562941,NA,NA,0.277324508,-0.03590658,NA,-0.087957605,0.077425817,-0.060139388,0.156373843,-0.030738501,0.046439167,-0.036617011,-0.018745883,-0.031143694,0.023357461,-0.023917929,-62.25525211,284.2497834,0.409784324,779,29085,1254219,58786575,22351,781128,33311576,1581936444,736187,23902958,994399186,47120434718,0.199367675,0.039511397,0.075994858,0.031912747,0.02699819,0.009201048,0.012982654,0.032619918,0.010869138,0.013732932,0.006229272,0.013981915,0.003876398,0.015834109,0.006322264,0.009193818,0.018097366,0.013297596,0.015450819,0.002872747,0.005444758,0.001499271,0.004224422,0.009228532,0.001996674,0.016766803,0.005306259,0.004745962,0.008563888,0.006976535,657.3363286,818.6919127,0,9,9,9,3,0,4,3.828427076
144,144,13,10,blind_0101.tif,vhip,924,2162,311,917,264,871,279.974026,892.6028139,924,-9.95E-13,102449.3766,723213.0845,5.40012479177676e-13,-47129.53247,-433778.5666,-17266298.09,93819.23268,-47389.74549,15268629.89,172746778.4,2.841635967,1383,0.806667745,34.29975713,1,0.427382054,0.35190996,0.229883025,0.012290903,0.004284592,0.000789008,1.4408566231739e-06,6.62822837169342e-05,-1.69E-07,157.4252856,54.98662921,110.8759487,51.00598752,51.00598752,101.5359661,50.18769341,60.87692502,12.64911064,4.29777087,3.605551275,35.8460383,29.6611879,NA,NA,0.119995616,0.027866752,NA,-0.055201285,-0.016714299,-0.021886853,0.109887409,-0.001826015,0.019354598,0.00720374,0.006183979,-0.014803889,-0.003853445,-0.00615017,-47.61564258,181.645707,0.668112798,924,14760,338226,9399102,19961,271728,5367158,128915124,525033,6303240,111742018,2434060308,0.317450982,0.07904619,0.132526179,0.037660851,0.063185905,0.006145957,0.026736268,0.029197941,0.023404997,0.017111462,0.009008727,0.006016856,0.011792854,0.007175369,0.018039041,0.0114296,0.009195716,0.005655713,0.008304011,0.00450507,0.015779412,0.006775298,0.009525448,0.008125611,0.0108962,0.004759762,0.006998676,0.006578041,0.002653627,0.002314406,279.974026,892.6028139,0,10,10,10,0,0,1,0
145,145,14,1,blind_0103.tif,vhip,837,1323,110,67,83,18,95.46117085,41.68817204,837,-4.55E-13,36021.98805,7197.03372,5.11590769747272e-13,-4616.634409,-6194.713544,-200428.5932,98997.6129,5177.462173,3409708.006,-869174.3004,2.103567767,1041,0.800471628,32.64508384,1,0.632653061,0.475382831,0.192728483,0.008254295,5.44707099021438e-07,7.44503988884611e-07,4.65372275542087e-13,9.72121796843455e-09,-9.06E-14,118.6789139,42.63482683,43.03702276,5.515692244,5.515692244,118.2767179,43.57594086,48.25971405,12,4.459326516,4,26,26.11813985,NA,NA,0.051418187,0.000355091,NA,-0.006589835,-0.000305638,-0.000341809,0.141310296,0.000255448,0.005814881,-5.12E-05,-0.000304071,-0.003772376,-0.00053163,-0.000293204,-4.170540265,148.746212,0.804034582,837,10430,165992,2973404,19827,242451,3810795,67851873,568663,6872665,106309697,1866676999,0.457579003,0.039112286,0.197345943,0.056462461,0.02897916,0.014596541,0.027107462,0.034469894,0.015268297,0.00804423,0.021178957,0.002497332,0.014857809,0.00913876,0.010492978,0.010179013,0.014557166,0.00254789,0.004090484,0.005925166,0.008574883,0.011956794,0.004389337,0.007836298,0.008584039,0.005483414,0.012757318,0.005589062,0.007831871,0.005563155,95.46117085,41.68817204,0,1,1,1,0,0,0,0
146,146,14,2,blind_0103.tif,vhip,1018,2470,446,98,408,33,427.2642436,63.82416503,1018,-1.21E-13,48435.91847,-89386.42941,-3.32E-12,38882.29961,-278124.5719,5517723.609,264749.5255,-377701.9526,13609450.21,-125903889.7,4.119095544,1692,0.920094661,36.00219239,1,0.412145749,0.242771742,0.302208039,0.049199732,0.001595801,0.000283511,1.38793781448639e-07,-4.70E-06,-1.31E-07,266.7252457,40.92253822,47.57948769,-38.19479333,-38.19479333,260.0682962,65.32690051,66.40783086,10.77032961,3.351897417,2.828427125,31.72900455,25.58829052,NA,NA,0.0467382,-0.002703349,NA,0.037519443,-0.008411432,0.00523018,0.255469839,-0.01142299,0.012900224,-0.003740433,-0.000751391,0.021985433,-0.006910558,0.003626535,9.886738895,229.5512986,0.601654846,1018,19611,426227,9987717,31379,643375,14358043,340596139,1231981,25752509,577487325,13640417897,0.292244085,0.043469393,0.11762576,0.052855661,0.048660753,0.015378053,0.045187819,0.018390517,0.022881355,0.02956654,0.020255431,0.009881861,0.012445198,0.001742909,0.013423073,0.010913984,0.00611986,0.012248121,0.013810116,0.009756474,0.002883934,0.004916193,0.003206145,0.006770052,0.011001186,0.00608762,0.002131562,0.014550092,0.00553309,0.008717946,427.2642436,63.82416503,0,2,2,2,1,0,2,3.414213598
147,147,14,3,blind_0103.tif,vhip,1258,3654,305,156,242,98,279.3942766,133.2424483,1258,1.91135995919467e-12,207056.4388,-1745417.65,7.65254526413628e-12,-22233.25437,965125.2038,-20542314.92,163135.0533,251476.3364,13332589.26,-172968137.2,3.389513032,2055,0.53748755,40.02168596,1,0.344280241,0.295027631,0.233918813,0.00155973,0.008444395,0.000843009,-1.50E-06,-1.43E-06,1.67998625526821e-06,171.9762957,122.2935707,164.5917637,17.67349314,17.67349314,129.6781027,52.45589321,63.34824386,13.60147051,4.538522119,3.383914468,42.91652426,44.23456942,NA,NA,0.13083606,-0.031095515,NA,-0.014048882,0.017194203,-0.010318284,0.103082753,0.004480181,0.006696881,-0.002449536,-0.028797327,-0.003847182,0.000892834,-0.000747879,-67.32331934,231.4802307,0.61216545,1258,47042,1966158,87263090,44335,1635642,68594554,3069824694,1725609,63212268,2653109600,1.18901e+11,0.367093349,0.104505116,0.109531175,0.028406985,0.059069227,0.042508948,0.019265127,0.008286537,0.017553569,0.012187906,0.021194918,0.022687968,0.014844486,0.013274853,0.017716428,0.005187515,0.005873904,0.009682586,0.012403167,0.005069121,0.006264104,0.005731311,0.006144229,0.004975328,0.01184509,0.00381349,0.00975819,0.011097828,0.008903614,0.005715143,279.3942766,133.2424483,0,3,3,3,0,1,0,11.65685439
148,148,14,4,blind_0103.tif,vhip,1469,2805,835,172,780,121,808.3076923,147.7576583,1469,-6.11E-13,302920.9231,-110988.1065,-2.44E-12,-10203.46154,-956443.8623,-411310.9691,141963.7263,248841.8587,31409352.76,111671854.3,2.318018009,2030,0.731072769,43.24799292,1,0.523707665,0.431403033,0.206159726,0.005652741,0.001273833,0.000149283,-4.96E-08,-1.03E-05,-4.22E-08,206.6474924,96.20114578,206.2089333,6.94585537,6.94585537,96.6397048,57.50095545,60.80296045,13.60147051,5.201544959,4.472135955,42.53363434,39.23287311,NA,NA,0.140373678,-0.001341906,NA,-0.004728288,-0.011563918,-0.000129749,0.065786048,0.003008631,0.009908173,0.00091911,-0.00054001,-0.003117328,-0.001920772,-0.000618502,-86.38715932,206.8589104,0.72364532,1469,41584,1480068,58936306,39307,1102487,38069037,1470833189,1193727,33494457,1136845687,43112862111,0.504995686,0.057144384,0.162125688,0.058793875,0.052554958,0.024273164,0.014279146,0.048569583,0.016560942,0.018522832,0.008418364,0.018767591,0.006944841,0.010323463,0.009362963,0.013817349,0.011591587,0.009315869,0.014370078,0.004392507,0.014778046,0.005842218,0.005661609,0.005490289,0.001502381,0.004811669,0.012429016,0.006927827,0.012138189,0.007567745,808.3076923,147.7576583,0,4,4,4,1,1,1,20.55634934
149,149,14,5,blind_0103.tif,vhip,930,2989,483,298,434,237,449.4806452,272.9645161,930,5.6843418860808e-14,97600.15161,1220962.612,4.82458517581108e-12,31979.86129,915920.9237,22767069.08,222663.829,446344.6837,24015178.79,369142682.7,4.801942317,2080,0.780874913,34.41093978,1,0.31114085,0.208249065,0.370290185,0.026377537,0.033330387,0.005897624,-7.98E-05,-0.00071053,2.16881995210636e-05,247.7063429,96.66352878,104.9463996,-34.38694762,-34.38694762,239.4234721,62.95475745,63.65532185,9,3.085464768,2.236067977,42.17146151,39.3270449,NA,NA,0.112845591,0.046290833,NA,0.036975212,0.034725668,0.028304682,0.257444594,0.01692244,0.029856368,0.015048872,-0.078334223,0.002583793,0.005317079,0.007680292,13.54299305,236.8944443,0.447115385,930,14397,320475,9203949,33447,549761,13431787,419311739,1425569,24815353,642814255,20887296775,0.287976251,0.089931073,0.039282836,0.018126225,0.066196941,0.031083174,0.042274447,0.005884721,0.025513958,0.018516818,0.008130282,0.016850363,0.026305966,0.01539907,0.022535513,0.009789134,0.005607299,0.014972017,0.004389364,0.007573455,0.007828458,0.009503291,0.007826413,0.011707876,0.012463104,0.007882892,0.009780179,0.005487947,0.001568082,0.005327242,449.4806452,272.9645161,0,5,5,5,0,0,0,0
150,150,14,6,blind_0103.tif,vhip,1235,2592,830,387,794,315,814.7352227,351.8161943,1235,1.26121335597418e-12,53358.41781,-95289.77713,9.83391146291979e-12,-40079.10445,375318.4176,-7498345.585,451321.2761,-904165.8441,24913484.87,-162973334.8,2.622769983,1829,0.944239063,39.65414023,1,0.476466049,0.381276287,0.330888685,0.070841669,0.003433442,0.000366904,-4.09E-07,-9.43E-05,-4.40E-08,368.6781698,39.96935563,43.20519661,32.45271616,32.45271616,365.4423288,76.80397592,71.0070419,10,4.140901551,4,29.79760318,25.28852882,NA,NA,0.034983965,-0.001777784,NA,-0.026277503,0.007002167,-0.003980747,0.29590472,-0.016868665,0.013226155,-0.002461967,-0.011385587,-0.017575305,0.00418245,-0.002690207,-5.694107586,201.7523087,0.675232367,1235,25608,584346,14234052,45468,902710,20226616,488196244,2125280,40212868,878755350,20897886754,0.311870456,0.073258043,0.075240431,0.06427239,0.066365463,0.036314777,0.008021318,0.021341491,0.020397968,0.03138161,0.04046008,0.013785109,0.00178883,0.018997422,0.007453413,0.008312519,0.01449344,0.014097234,0.017254791,0.004074726,0.009494617,0.008534984,0.009887066,0.005979033,0.006185693,0.003681091,0.003030937,0.005294451,0.005853847,0.000121623,814.7352227,351.8161943,0,6,6,6,2,0,3,10.89949483
151,151,14,7,blind_0103.tif,vhip,2145,4200,668,504,612,429,638.4447552,470.9062937,2145,-3.40E-12,339439.7035,587110.5267,1.18376419777633e-11,75485.3958,-197231.6556,7490482.243,557920.165,-267263.3832,78020582.77,156644702.7,3.491464004,3139,0.675812034,52.25991603,1,0.510714286,0.286412805,0.195034773,0.003331497,0.000140222,0.000186903,1.85008244428981e-08,7.32266025782588e-06,2.39422168154304e-08,271.0785507,147.2710384,158.246948,-35.19132672,-35.19132672,260.102641,65.85785307,74.96665926,18.38477631,6.18240209,5,54.37205999,48.54211176,NA,NA,0.073774801,0.00275519,NA,0.016406213,-0.000925568,0.000758976,0.121259973,-0.001254213,0.007905463,0.000342705,-0.012663031,0.004710162,-0.001310148,6.87792487568915e-05,17.32230688,306.7766953,0.683338643,2145,56724,1839492,67184826,89889,2452578,80881446,2965676796,4324835,120428566,4002535186,1.46679e+11,0.485960645,0.063869509,0.179774922,0.050591922,0.034900261,0.007143864,0.008461755,0.025393229,0.018063775,0.018408555,0.009825706,0.001015267,0.000192607,0.012133219,0.02337271,0.015300339,0.011773554,0.018330838,0.005715047,0.003155894,0.000377642,0.004755186,0.013079652,0.014009574,0.007397732,0.007575219,0.001246094,0.006510284,0.003094574,0.001856663,638.4447552,470.9062937,0,7,7,7,2,3,2,44.18376583
152,152,14,8,blind_0103.tif,vhip,894,4485,354,564,285,499,320.6856823,526.417226,894,3.28981286656926e-12,208898.6767,65880.39969,-5.06E-12,-123657.7595,1854736.562,-88280664.61,179085.3747,-2728101.933,83670725.81,-2043219397,5.47939892,2178,0.884314365,33.7383484,1,0.199331104,0.18250177,0.485443663,0.097144518,0.141529789,0.038328579,0.002785393,0.010595711,-0.000459142,356.3143461,77.67228864,233.6674236,138.3196415,138.3196415,200.3192111,75.50516232,84.40379138,9.848857802,2.964039137,2.236067977,45.06041458,35.25275334,NA,NA,0.261372957,0.002756846,NA,-0.154719957,0.077613709,-0.123552927,0.224070706,-0.114160746,0.117101101,-0.095638705,0.083376197,-0.111329389,0.103583549,-0.108958814,-48.43685171,248.1076477,0.41046832,894,31903,1347379,63057403,24511,751034,29970508,1366718450,851109,20863598,747607668,32173066142,0.159423031,0.044315485,0.057686649,0.029360624,0.040404718,0.006433479,0.00578598,0.029762493,0.012230415,0.01957039,0.014762408,0.005154232,0.000644279,0.017734282,0.00734954,0.012307291,0.012108567,0.01777147,0.006450871,0.002324475,0.000261275,0.004913953,0.00414935,0.015014076,0.005141986,0.00797156,0.012972087,0.003066255,0.004037212,0.001274357,320.6856823,526.417226,0,8,8,8,0,0,0,0
153,153,15,1,blind_0110.tif,vhip,1295,4980,548,80,465,20,495.8332046,48.85559846,1295,7.105427357601e-14,400469.9722,5494153.617,-3.09E-13,-98601.19073,-3063524.759,-114110280.9,176051.9969,607756.8329,73359568.91,1763128484,10.45120441,2918,0.826224295,40.60597506,-12,0.260040161,0.095682752,0.34377661,0.031735101,0.030636212,0.011738577,0.000221181,0.002090943,2.516654495179e-05,337.9432616,107.2474481,309.2432218,76.13991562,76.13991562,135.947488,73.53293266,82.49242389,12.04159458,3.400299176,2.236067977,47.16611347,41.42413753,NA,NA,0.238797855,0.091038769,NA,-0.058795302,-0.050762964,-0.052543073,0.104978755,0.010070602,0.033779053,0.022560035,0.011833904,-0.020227517,-0.01154096,-0.014785679,-69.34665929,412.4041123,0.443797121,1295,39929,1631609,80497433,37368,1053574,37937148,1644100000,1254328,33592316,1109054234,43299928850,0.23152825,0.061177041,0.083410291,0.044109271,0.042823179,0.014185995,0.00598474,0.042206519,0.00015118,0.011527512,0.02118129,0.009025625,0.006493195,0.018137557,0.00399839,0.00641434,0.002397337,0.00577306,0.012562494,0.007306778,0.010244159,0.009610001,0.002234612,0.007096596,0.004939478,0.005215558,0.007395815,0.007544822,0.005409962,0.004904919,495.8332046,48.85559846,0,1,1,1,10,11,2,109.8111845
154,154,15,2,blind_0110.tif,vhip,1687,9240,757,111,652,23,716.1327801,70.43746295,1687,1.53477230924182e-11,1242074.257,-20284606.12,7.00595137459459e-12,656064.0083,-16952206.95,1182157441,644017.1523,-10785864.91,887026615,-32151097839,21.88801108,5407,0.930892769,46.34603664,-17,0.182575758,0.045687111,0.662723807,0.256724746,0.148402135,0.11431884,0.014708008,0.056887579,0.002321364,986.3922138,131.6228482,736.2621561,-388.8938994,-388.8938994,381.752906,125.6275265,134.3167897,10.44030651,2.86198199,2,58.22263396,45.89080051,NA,NA,0.436432813,-0.17353172,NA,0.230523947,-0.145023552,0.246223824,0.226290993,-0.092271434,0.184752959,-0.163039569,-0.063944205,0.138516232,-0.116165866,0.178477508,57.25155321,681.1858582,0.312002959,1687,108192,8180728,663683574,80027,5788418,455271192,37499246246,4440295,336226622,26937045768,2.23954e+12,0.118918499,0.022613547,0.051584842,0.026251332,0.024101486,0.005801433,0.004576503,0.030702788,0.007730222,0.011380465,0.011956915,0.00094846,0.004205516,0.01851676,0.009342746,0.004916081,0.006513797,0.010259627,0.003509735,0.000391459,0.000349626,0.008337989,0.006529429,0.005775983,0.003625336,0.002827514,0.008424421,0.006496029,0.002091033,0.000303576,716.1327801,70.43746295,0,2,2,2,23,21,5,278.877203
155,155,15,3,blind_0110.tif,vhip,1497,5025,334,160,267,85,295.4001336,128.492986,1497,-5.97E-13,304867.32,2360310.121,2.38742359215394e-12,-313280.2986,-3225400.523,-191101204.3,608948.1764,4528318.381,216252185.2,4632454902,11.56918941,3245,0.930060758,43.65821341,-10,0.297910448,0.086436479,0.407769668,0.096581368,0.018476757,0.017834565,0.000323595,0.005475816,9.95658170296668e-06,537.8310061,72.60018713,203.6521844,209.2720766,209.2720766,406.7790089,92.76473521,93.50935782,11.3137085,3.098307982,2.236067977,42.77963583,34.08229737,NA,NA,0.136040203,0.027221658,NA,-0.139794306,-0.037198819,-0.056963678,0.271729465,0.052225482,0.064460713,0.035689043,-0.070145101,-0.080203898,-0.041996433,-0.040263473,-32.05594345,466.5168107,0.461325116,1497,42515,1512299,62626349,65109,1535824,44754594,1499855092,3440733,74994604,1996916578,59963218024,0.217982571,0.050146753,0.073168704,0.057739244,0.026946292,0.017948688,0.009493371,0.046546009,0.020213296,0.009616065,0.016954035,0.004876066,0.012553264,0.017951976,0.016490516,0.00873115,0.009522549,0.006877038,0.005039896,0.000731717,0.004810567,0.012804619,0.004413707,0.005369771,0.004708978,0.007782097,0.007004409,0.001052521,0.003741402,0.000695243,295.4001336,128.492986,0,3,3,3,11,9,4,146.75231
156,156,15,4,blind_0110.tif,vhip,700,1855,270,284,235,231,250.11,261.2842857,700,8.66862137627322e-13,39130.53,85520.9934,-9.09E-13,34987.11,81905.17723,4749986.595,101550.4271,-43622.44111,7547242.696,23377377.37,6.610618115,1131,0.894374962,29.85410661,-2,0.377358491,0.151271785,0.287103994,0.036620721,0.000967307,1.13898785579836e-05,-3.65E-10,-2.11E-06,-1.14E-09,167.4642919,33.50850401,55.90075714,-49.98158571,-49.98158571,145.0720388,51.76319803,58.66856058,8.485281374,2.436646118,2,27.5137892,23.15461216,NA,NA,0.079858224,0.006596714,NA,0.071402265,0.006317806,0.013848357,0.20724577,-0.003364843,0.022003623,0.00257604,-0.007289862,0.032943589,0.0014407,0.006243019,24.13285956,241.1431816,0.618921309,700,10577,198949,4274165,21199,355304,7164244,161866724,743547,13310492,280878508,6569980796,0.258938896,0.0517588,0.117294785,0.036451644,0.044068274,0.018005163,0.033624764,0.023126594,0.009453079,0.023821165,0.025774849,0.004379482,0.013455137,0.013173123,0.001475381,0.008834067,0.004942773,0.014535175,0.003217506,0.004843449,0.00765709,0.011383267,0.007853469,0.008227152,0.004787088,0.002428481,0.007313718,0.005965454,0.007440032,0.002583492,250.11,261.2842857,0,4,5,4,4,0,8,14.48528135
157,157,15,5,blind_0110.tif,vhip,1294,6942,672,307,594,218,635.9559505,264.633694,1294,-1.71E-12,285354.4892,-124641.7567,-3.98E-13,-246726.8794,847377.618,-119951908.4,409524.3709,-1048760.111,131362336.9,-1009336780,13.55477814,3379,0.919479965,40.59029405,-9,0.186401613,0.073774723,0.414992786,0.092346348,0.004496459,0.000518219,5.59740704584469e-07,0.000117373,5.58975981182161e-07,465.1141982,71.88646655,220.5212436,190.6699223,190.6699223,316.4794211,86.26602559,96.26006441,10.77032961,2.811747731,2,40.98525249,33.91435485,NA,NA,0.170418272,-0.002069321,NA,-0.147349244,0.01406829,-0.055361052,0.244574514,-0.017411672,0.060627273,-0.012949892,-0.002290776,-0.090886179,0.012892608,-0.030872014,-37.93783058,469.4812768,0.382953537,1294,54291,2563185,131360859,60344,2285063,99674841,4809606491,3223588,111188367,4486495385,2.03141e+11,0.176201034,0.012087727,0.093588737,0.029106797,0.014901615,0.004574607,0.051783167,0.0224094,0.00935199,0.011691159,0.013657562,0.00230793,0.034127697,0.011556114,0.002855451,0.007095143,0.002752229,0.013434962,0.00604953,0.00138578,0.018650825,0.008062724,0.002278711,0.005840815,0.005362454,0.002744152,0.009362969,0.004872946,0.003082542,0.000744006,635.9559505,264.633694,0,5,6,5,15,13,5,160.5096704
158,158,15,6,blind_0110.tif,vhip,978,2542,68,359,27,297,39.80470348,328.1595092,978,9.37916411203332e-13,55023.69836,354992.0959,-2.05E-12,-13081.53374,138897.7077,-676211.5804,205937.1166,-145353.0874,8007653.607,-19539366.62,4.90751275,1692,0.860058856,35.28779215,1,0.384736428,0.203769211,0.272833435,0.025642529,0.000832245,9.87870111024486e-05,-1.06E-08,-2.62E-06,2.62762402971363e-08,211.7205117,55.1105874,56.26145027,13.37580137,13.37580137,210.5696488,58.20247578,62.8171951,10.77032961,3.429275253,2.828427125,39.28699446,29.69460217,NA,NA,0.057527045,0.011867836,NA,-0.013676689,0.004643527,-0.00072288,0.215306389,-0.004859338,0.008560295,-0.00066792,0.002404024,-0.008919689,0.002955933,-0.000612959,-4.917655833,245.5868325,0.578014184,978,12523,215377,4521955,30474,377129,6514929,139126757,1155492,13835151,234942003,4928737695,0.315567226,0.033857616,0.137591075,0.046560922,0.021470934,0.006782715,0.049391183,0.039986085,0.022353616,0.012945246,0.004642574,0.012302269,0.022944881,0.017071545,0.024818138,0.01153001,0.005811564,0.002089899,0.010858255,0.003771951,0.003279371,0.003465638,0.013473697,0.00733068,0.01187379,0.003369441,0.002424555,0.003381285,0.005222701,0.001298309,39.80470348,328.1595092,0,6,7,6,0,0,4,0
159,159,15,7,blind_0110.tif,vhip,799,3025,885,471,830,416,852.7058824,439.7459324,799,-4.41E-13,113501.8824,908230.0484,-2.01E-12,-19379.70588,382246.8826,613674.103,103417.4243,-710645.4513,13390819.81,-79582656.91,9.956927997,1940,0.558309246,31.89542908,-3,0.264132231,0.100432583,0.339785349,0.003935628,0.030332163,0.001766826,-1.12E-05,-7.81E-05,-6.47E-06,160.8067142,110.6817797,142.0549216,24.25495104,24.25495104,129.4335723,50.7238349,57.80138407,6.708203932,2.118291397,2,49.1934955,42.08216339,NA,NA,0.177790891,0.05033023,NA,-0.030356635,0.02118249,0.001203088,0.161994458,-0.039380936,0.026252268,-0.005519563,0.019400002,-0.015057041,0.007478026,-0.003331326,-52.29196175,316.1848122,0.41185567,799,18142,525432,17992948,18973,411419,11979053,423936725,553949,10946877,307069331,10931930955,0.266975441,0.025440517,0.110282051,0.01137793,0.035825935,0.032570486,0.029067659,0.021364355,0.004284583,0.029814526,0.017315457,0.003494817,0.009905399,0.012383273,0.003407428,0.013798409,0.011883458,0.009860999,0.008578075,0.002087365,0.007738678,0.006409478,0.000377536,0.015655887,0.006960759,0.005748965,0.014153147,0.013159577,0.003087335,0.005035296,852.7058824,439.7459324,0,7,8,7,10,10,2,77.15432924
160,160,15,8,blind_0110.tif,vhip,1916,4968,627,497,558,425,592.3491649,464.0187891,1916,-4.26E-12,415909.4087,-1317915.497,-1.20E-11,-144253.5699,-793409.3964,-100015217,517711.3236,4321232.93,159737531.2,1902276436,6.942738941,3630,0.702586579,49.39156778,-9,0.385668277,0.144035374,0.254319393,0.006945345,0.00793511,0.001012474,2.66498923899719e-06,8.43538542078562e-05,1.06470787565293e-06,323.4764881,163.7994682,217.0717164,75.28891959,75.28891959,270.2042399,71.9418085,89.82761268,14.86606875,4.567713482,3.16227766,60.16268374,51.19366651,NA,NA,0.113294215,-0.008201604,NA,-0.039294843,-0.004937517,-0.014219344,0.141025177,0.026891741,0.022710174,0.00617859,-0.020814231,-0.017746401,-0.005981394,-0.006495048,-35.28211366,408.8538598,0.527823691,1916,65813,2676531,119190971,74760,2423690,93731610,3958314026,3434756,111045034,4307089214,1.82073e+11,0.302333247,0.040527658,0.145407857,0.026474986,0.038989489,0.015795128,0.041889067,0.02257232,0.017447324,0.017764866,0.026145081,0.003967204,0.011876256,0.01152561,0.013994725,0.012391999,0.002382064,0.017357642,0.003784369,0.003405604,0.00769337,0.005037151,0.005321771,0.013454688,0.00691966,0.007741888,0.008607229,0.004480742,0.006370233,0.001490616,592.3491649,464.0187891,0,8,9,8,10,9,1,88.74011654
161,161,15,9,blind_0110.tif,vhip,1008,4020,446,611,379,551,410.3204365,582.0585317,1008,-1.85E-12,140163.499,416775.328,-1.14E-12,48154.09425,136368.268,23815460.44,167909.5466,-1030429.542,30525399.66,-279875098,9.02516716,2544,0.700672168,35.82492793,-1,0.250746269,0.110801272,0.303202402,0.009729994,0.013865029,0.00115982,3.83661481950673e-06,0.000113776,-2.63E-06,202.5289402,103.0990812,139.0510903,-47.77191889,-47.77191889,166.5769312,56.92506516,70.9365914,10.63014581,3.096940041,2.236067977,53.42338133,40.6150871,NA,NA,0.13794751,0.012919648,NA,0.047392777,0.00422729,0.023252914,0.165254892,-0.031942358,0.029804357,-0.008607012,-0.032475411,0.016629581,-0.004402426,0.006112028,36.96424823,338.1137444,0.396226415,1008,31571,1128981,44556917,31307,1028703,38217275,1562214351,1140259,37674171,1415585831,58773913491,0.25044412,0.011084582,0.129972197,0.019627135,0.021674419,0.018028722,0.057658543,0.016807137,0.012095097,0.015586438,0.016940173,0.002996329,0.025160059,0.013302672,0.010878543,0.002253502,0.003187441,0.006481054,0.008335723,0.003755755,0.004575867,0.013773058,0.008912032,0.004651162,0.004360805,0.004511528,0.003261671,0.006464236,0.004363235,0.003108267,410.3204365,582.0585317,0,9,10,9,10,7,5,121.1248925
162,162,15,10,blind_0110.tif,vhip,1126,6000,556,905,456,845,493.7619893,864.3028419,1126,9.54258894125814e-12,492994.2131,8968672.812,1.84741111297626e-12,214786.1616,5443071.16,361690622.5,143727.7309,2929117.804,198286542.1,9258833782,7.139318262,2246,0.964472011,37.86380498,-2,0.187666667,0.140069396,0.502195754,0.190679711,0.1222941,0.10447294,0.011807145,0.0450203,0.000202036,528.5807891,36.89163008,437.827898,-190.7514757,-190.7514757,127.6445212,91.96353966,107.9351657,11.18033989,3.602356486,2.828427125,28.71140218,24.29539218,NA,NA,0.388834723,0.21080563,NA,0.169406284,0.127937552,0.253350682,0.113361031,0.068847926,0.138892267,0.193273326,0.034132893,0.079873886,0.109842056,0.188054598,64.55652636,317.8355698,0.501335708,1126,42520,2098634,125450152,21735,1035543,62174177,4318693137,563275,32491469,2242782503,1.71975e+11,0.123061607,0.047478365,0.038640664,0.033795673,0.033573396,0.019912797,0.002703196,0.024883931,0.013744042,0.01469614,0.022810273,0.010077037,0.001719804,0.008524966,0.013038828,0.006006641,0.00900445,0.012981023,0.012399142,0.005766277,0.000968404,0.00481676,0.009215712,0.005270366,0.002460048,0.006130959,0.005160062,0.007536104,0.006731253,0.003398511,493.7619893,864.3028419,0,10,11,10,5,1,5,57.59798026
163,163,15,11,blind_0110.tif,vhip,1126,6014,736,917,639,855,691.883659,884.7282416,1126,-1.93E-12,366257.7593,-2902836.812,-7.07E-13,47613.39964,3647361.562,39769534.62,227284.8419,2061365.913,91339648.33,1717590427,18.58356186,3841,0.664957123,37.86380498,-11,0.187229797,0.053810997,0.468139314,0.017655643,0.106518795,0.009634195,-0.000306937,-0.00125589,3.22657034961463e-05,338.3707996,188.7540683,325.2733209,-42.28543485,-42.28543485,201.851547,73.57943186,101.2422837,8.94427191,2.198484006,1.414213562,56.0330724,54.9551189,NA,NA,0.288875063,-0.0682302,NA,0.037553672,0.085730003,0.027857064,0.179264251,0.048451711,0.063979989,0.035853804,0.010410552,0.029632139,0.037112592,0.03091758,72.79017035,512.7888886,0.293152825,1126,59547,3515321,221738301,33474,1817841,113187615,7609795311,1222408,69537699,4568016173,3.23605e+11,0.139870022,0.040856635,0.058456665,0.004028638,0.039851631,0.009596951,0.008286197,0.012730228,0.012337813,0.021205538,0.01227587,0.00296702,0.009461179,0.009213858,0.009823393,0.002633522,0.007168637,0.006669635,0.000805618,0.002269472,0.015559884,0.006332448,0.001489808,0.00115892,0.004713628,0.003366312,0.006127194,0.005342604,0.005950769,0.001021091,691.883659,884.7282416,0,11,12,11,15,12,4,182.1370873
164,164,15,12,blind_0110.tif,vhip,1160,3233,861,955,808,894,833.5810345,916.6991379,1160,-3.55E-13,181634.3828,111146.938,2.40163444686914e-12,88075.78103,-559366.4128,22326878.64,181079.9991,-118880.4093,23970463.08,-111699245.3,5.142565208,2040,0.808571822,38.43120961,0,0.358799876,0.194455483,0.269555872,0.017137416,0.005021467,0.000453795,6.80032420546748e-07,-1.13E-06,-8.25E-08,232.2701795,80.41463252,156.5813644,-75.92739744,-75.92739744,156.1034475,60.96165083,68.50547423,10.63014581,3.663338308,3,41.43994728,35.86968247,NA,NA,0.134983935,0.002425228,NA,0.065454653,-0.012205383,0.014303886,0.134571938,-0.002593972,0.015356861,-0.002101103,0.033507182,0.020074696,-7.25E-05,0.003637472,45.09016025,273.7939392,0.568627451,1160,29674,940726,33468682,26331,761650,25300442,912017146,778771,23801376,800271676,28684996176,0.31471508,0.095751023,0.088700735,0.018920711,0.062485817,0.025996584,0.010134593,0.015067657,0.032123273,0.019118531,0.017554959,0.013634253,0.015546811,0.010413625,0.026782781,0.005585288,0.011484907,0.006763551,0.013705782,0.003254162,0.020581812,0.004624108,0.005828992,0.0033686,0.005612066,0.00393413,0.003976961,0.002001076,0.006354725,0.003777937,833.5810345,916.6991379,0,12,13,12,3,0,3,18.48528171
165,165,16,1,blind_0137.tif,vhip,1160,3366,355,748,289,697,326.4551724,720.7913793,1160,2.70006239588838e-12,216101.669,-2865431.947,-6.17E-12,-108390.8483,1900155.465,-85729797.75,191045.5138,-640019.7746,62349311.76,-1217694627,3.822954176,2228,0.835406627,38.43120961,1,0.344622698,0.261577815,0.302576682,0.02630127,0.015278677,0.007784116,8.3777083737941e-05,0.001156648,-1.37E-05,269.55694,81.43201064,186.2945422,93.44038644,93.44038644,164.6944084,65.67275722,79.40403012,13.34166406,4.254416118,3,43.67638281,36.0958747,NA,NA,0.160598743,-0.062523765,NA,-0.080552057,0.041461419,-0.054923453,0.141977938,-0.013965241,0.039944565,-0.022905271,0.002510713,-0.023293325,0.014855096,-0.018336319,-48.2965647,236.0660172,0.52064632,1160,43448,1843454,82369706,27598,925297,37638873,1631289781,847640,25950947,1029932679,44130730715,0.234251843,0.0281535,0.12316129,0.030576462,0.048591004,0.009550546,0.045309942,0.021993077,0.016584508,0.031718362,0.012034764,0.004460214,0.00651769,0.011895038,0.014188053,0.00991742,0.009974513,0.007812942,0.001289909,0.003853911,0.002991679,0.003281151,0.011363005,0.007166754,0.007546804,0.004915159,0.007873027,0.006030619,0.004607327,0.002477832,326.4551724,720.7913793,0,1,1,1,1,0,1,3.414213657
166,166,16,2,blind_0137.tif,vhip,743,1590,840,906,787,876,811.5504711,888.7079408,743,-2.48E-12,95889.85734,201475.2903,2.27373675443232e-13,-23780.54778,-82465.72129,-8195121.598,33117.62315,-45915.83679,5239004.399,18290330.3,2.979191046,1027,0.870705263,30.75738906,1,0.467295597,0.335661589,0.23368846,0.020351916,0.000932845,0.000108595,3.23319207468968e-08,1.42958566184028e-05,1.22179563664153e-08,139.8135053,33.81702027,129.0576815,32.00612083,32.00612083,44.57284408,47.2971044,54.3783045,10.19803903,3.764288709,3,24.10093476,23.26096138,NA,NA,0.173698091,0.01338905,NA,-0.043076879,-0.005480263,-0.0199797,0.059990369,-0.003051339,0.012772689,0.001635915,0.004166361,-0.007024996,0.000504561,-0.003025558,-71.4248089,166.7817459,0.723466407,743,18241,543715,18258217,9442,208025,5659385,174756065,153106,3108505,78978101,2304202357,0.315102377,0.032899686,0.162743129,0.04781265,0.015119891,0.005358621,0.06754248,0.035136237,0.015287877,0.003633535,0.003232829,0.004958987,0.013246491,0.019504136,0.008059478,0.004068336,0.00785092,0.001750995,0.007877567,0.00890558,0.011818,0.005533635,0.001079509,0.00243835,0.001581455,0.005622492,0.00183795,0.007651141,0.0088682,0.010113831,811.5504711,888.7079408,0,2,2,2,0,0,0,0
167,167,16,3,blind_0137.tif,vhip,662,1558,347,980,309,939,327.1601208,961.6314199,662,-1.10E-13,58657.02719,-30953.35614,-5.36E-13,-19808.93051,-229920.2881,-4679003.723,48500.06647,303913.3745,5807029.502,63100914.67,2.776647687,998,0.743290694,29.03247455,1,0.424903723,0.360146519,0.244514685,0.008709559,0.009606959,0.001510326,5.72280215163364e-06,0.000125226,-5.89E-07,111.8249417,50.04377985,88.60578125,29.92285576,29.92285576,73.26294028,42.29892513,44.82186966,8,3.12358233,2.828427125,30.68827125,28.29665135,NA,NA,0.133845591,-0.002745129,NA,-0.045200688,-0.020390709,-0.016127959,0.110669094,0.026952859,0.020016128,0.008453425,-0.010011795,-0.016652407,-0.009157962,-0.006219878,-52.18970317,151.9827561,0.663326653,662,12022,276978,7129438,14982,252266,5319020,124545800,387564,6445514,131731108,2956353632,0.418865818,0.100015588,0.10153919,0.0671223,0.043856337,0.02146358,0.02066797,0.02915596,0.023356718,0.014230064,0.016814044,0.01972622,0.02549404,0.004672662,0.033708301,0.017554971,0.004282903,0.008197804,0.006929209,0.007080326,0.002606036,0.008771819,0.015040335,0.011409367,0.018545038,0.002565307,0.005222997,0.009344189,0.011417089,0.007468391,327.1601208,961.6314199,0,3,3,3,0,0,0,0
168,168,17,1,blind_0138.tif,vhip,765,1435,921,449,886,408,904.5294118,425.5294118,765,-2.44E-12,49164.58824,-70107.44637,-7.67E-13,26288.58824,-94129.79931,2982557.553,65220.58824,26935.9654,4066867.477,-8894113.522,1.634928845,889,0.805730194,31.20942569,1,0.533101045,0.611647414,0.195455041,0.008824111,0.000851969,2.64568925380079e-05,-1.51E-09,-1.77E-06,3.67425717476138e-09,110.6923551,38.83075139,64.2674356,-34.36416763,-34.36416763,85.2556709,42.08417377,44.10215414,10.77032961,4.310602149,4,27.925076,24.92573013,NA,NA,0.08400972,-0.004331223,NA,0.044920481,-0.005815319,0.006661998,0.111445321,0.001664098,0.009083971,-0.00071827,0.010213425,0.011033598,-0.000670191,0.001357597,36.50919746,125.3675324,0.860517435,765,14175,311819,7529697,13410,274768,6346098,156818908,300290,6512780,154128762,3844004432,0.492471384,0.110880386,0.14531148,0.047649309,0.066405603,0.016343276,0.00569277,0.025983886,0.028694576,0.01126451,0.016937175,0.016652271,0.014393543,0.005174947,0.017248685,0.007217788,0.009661439,0.004961563,0.016623274,0.00604842,0.007728158,0.010049148,0.004393442,0.007914833,0.007939205,0.003728039,0.008160168,0.008523386,0.007896816,0.004053372,904.5294118,425.5294118,0,1,2,1,1,0,1,1.414213538
169,169,17,2,blind_0138.tif,vhip,734,1300,81,672,55,622,68.73569482,647.0667575,734,-7.18E-13,28644.7248,-8073.600517,-4.41E-13,-8537.049046,113509.5545,-907491.2568,90917.72888,-54079.285,4374942.235,-8779987.561,2.557013866,1002,0.837467658,30.57053853,1,0.564615385,0.39108118,0.221923197,0.014364639,0.000686953,6.8813566285695e-05,6.65687351754468e-09,5.68374898582486e-06,-1.34E-08,125.4317075,37.4599188,39.02551062,11.63085701,11.63085701,123.8661156,44.79851917,50.009999,10.29563014,3.87570458,3.16227766,24.51637008,24.48180346,NA,NA,0.053168271,-0.00055313,NA,-0.015845854,0.007776645,-0.00229485,0.168754926,-0.003705022,0.011063286,-0.000819516,-0.000657536,-0.00802279,0.003843012,-0.001282956,-7.666318128,153.5746391,0.73253493,734,10082,167128,3074456,18399,244186,4068342,76004512,552121,7101694,118989382,2255065480,0.368242127,0.059151621,0.160960176,0.041675342,0.05278289,0.017292091,0.035471215,0.030010924,0.0173,0.017810781,0.019536227,0.008448441,0.001746675,0.011198257,0.019294987,0.013386607,0.004485428,0.002867524,0.007699463,0.01045598,0.003506719,0.005446827,0.00640854,0.012345596,0.006972504,0.011007907,0.006428984,0.006593165,0.011088264,0.003585941,68.73569482,647.0667575,0,2,3,2,0,0,0,0
170,170,17,3,blind_0138.tif,vhip,793,2116,817,946,771,900,786.8575032,917.3114754,793,1.3926637620898e-12,74328.89786,498242.1954,-6.04E-13,-22806.80328,-43656.43448,-2541637.789,71760.06557,-183793.9372,3217280.809,-8226639.392,2.854089115,1233,0.690256002,31.77544585,1,0.374763705,0.350374484,0.232311673,0.005278023,0.004842291,0.00102264,-2.13E-06,-7.01E-05,-7.93E-07,120.9173061,63.3058508,93.73127094,28.76015546,28.76015546,90.49188597,43.98496218,46.84015371,10.63014581,3.88436724,3.16227766,33.4377524,31.82598958,NA,NA,0.118198324,0.028135688,NA,-0.036267535,-0.002465275,-0.005096759,0.114113349,-0.010378826,0.006451629,-0.000585823,0.029061024,-0.011162444,0.001356106,-0.000750529,-46.61166756,168.645707,0.643146796,793,12575,273737,7196369,13728,194885,3971817,102756257,309412,3933069,70913625,1693387797,0.41785821,0.15153844,0.053081645,0.015433222,0.069202157,0.02096935,0.042909837,0.007526637,0.004305393,0.005522901,0.011344287,0.024935232,0.002636852,0.009248084,0.003557044,0.00402632,0.015051035,0.019809999,0.015106016,0.013023181,0.004588312,0.010046921,0.007160783,0.003187952,0.008024641,0.011227326,0.005347294,0.007188184,0.012035587,0.002628174,786.8575032,917.3114754,0,3,4,3,0,0,0,0
171,171,18,1,blind_0145.tif,vhip,2056,15678,613,179,496,45,563.0734436,107.1308366,2056,4.9311665861751e-12,1382835.91,-6391825.073,-5.35E-12,120912.2437,-4382719.422,21457982.17,1446755.805,-32859691,1385262978,-43072979898,32.7508785,9408,0.403034165,51.16425025,-17,0.131139176,0.030533532,0.669387433,0.003501369,0.240788312,0.041970714,-0.004191639,-0.000769687,-0.000482074,748.9594729,627.3010888,672.5855593,-58.80945704,-58.80945704,703.6750024,109.4684958,133.454112,8.246211251,2.133279997,1.414213562,107.9524313,100.183918,NA,NA,0.327133054,-0.033347794,NA,0.028603822,-0.022865773,0.002468991,0.342254379,-0.17143745,0.15939067,-0.109300974,0.028672441,-0.015981064,0.026682596,-0.021747433,37.59699812,919.8731957,0.218537415,2056,137903,10632465,892267349,127741,8688941,672441227,56208779567,9383411,611542755,46000766685,3.76897e+12,0.139100596,0.035852628,0.039239278,0.006763881,0.027996259,0.02107343,0.004253807,0.011990641,0.010636785,0.010982632,0.021501161,0.00984728,0.004396281,0.007445129,0.008531027,0.005284961,0.008779032,0.012448174,0.008726893,0.002442253,0.004043894,0.001782882,0.001322812,0.004926954,0.005205573,0.009445525,0.007340371,0.005318398,0.003996635,0.005671469,563.0734436,107.1308366,0,1,4,1,24,21,5,340.8477677
172,172,18,2,blind_0145.tif,vhip,1236,6528,228,168,160,72,183.7443366,131.710356,1236,1.81898940354586e-12,142081.2104,1310893.564,7.60280727263307e-13,53044.47249,-507872.5642,20335731.67,533256.3074,-3940357.325,61468912.75,-737995633.6,11.71167844,3652,0.866094405,39.67019129,-7,0.189338235,0.085384858,0.442062765,0.070386899,0.076865886,0.030799618,0.001458543,0.007804904,0.000344156,437.1534603,109.2361172,114.9524356,-42.91623988,-42.91623988,431.4371419,83.63286056,96.50906693,12.04159458,3.032751226,2.236067977,60.41866059,41.80643341,NA,NA,0.093003589,0.024407385,NA,0.034721877,-0.009456024,0.010769719,0.349059176,-0.073365086,0.032553682,-0.011117039,-0.159075164,0.068053832,-0.027750857,0.011952086,7.586973588,426.5046174,0.338444688,1236,29348,838930,27977978,73802,1805424,52103948,1744451856,4940000,119691274,3406224134,1.12688e+11,0.166490439,0.046071911,0.064108174,0.035868266,0.032354936,0.012625418,0.018139614,0.030971357,0.014088576,0.012599461,0.011786581,0.011677669,0.00265505,0.021656546,0.006496992,0.008568923,0.008224583,0.010881373,0.008644082,0.006841608,0.003110034,0.010398163,0.008464818,0.007685844,0.00289828,0.009678637,0.007875033,1.7828219665613e-05,0.00673039,0.006229596,183.7443366,131.710356,0,2,5,2,8,5,3,116.3675336
173,173,18,3,blind_0145.tif,vhip,1745,7936,157,241,33,177,86.0722063,204.9002865,1745,1.94404492503963e-11,930004.902,13217158.69,-1.94E-12,-4099.436103,4144870.931,3396523.417,270254.6499,-4575856.88,192048912.3,-4948950816,11.17079445,4628,0.842282898,47.13600541,1,0.219884073,0.089519148,0.394170672,0.046950959,0.05338618,0.006064147,4.73988801085905e-05,0.000672047,9.8278085454947e-05,532.9686953,154.8591281,532.9540986,2.349247051,2.349247051,154.8737248,92.34445909,127.3499117,15,3.873967394,2.828427125,57.68933726,49.77696304,NA,NA,0.305417822,0.103908129,NA,-0.001346273,0.032585353,0.000639217,0.088752851,-0.035973596,0.036143113,-0.022296112,0.005480986,-0.008862788,0.010200729,-0.009513055,-89.64400423,494.9310242,0.377052723,1745,92611,5845075,422143009,48686,2579774,166789006,12406599626,1628608,81629212,5224526316,3.9105e+11,0.136996116,0.043933487,0.062336367,0.011001087,0.04524713,0.009615166,0.012107149,0.012123263,0.006426753,0.030186611,0.006178555,0.002552984,0.011519296,0.010699621,0.006467792,0.00707538,0.013871608,0.003487154,0.003235227,0.00378423,0.016725917,0.008537048,0.007183717,0.006685406,0.001273092,0.000845656,0.001821434,0.003604027,0.00439204,0.00296333,86.0722063,204.9002865,0,3,7,3,7,3,5,108.225398
174,174,18,4,blind_0145.tif,vhip,907,2232,822,235,760,199,790.491731,213.2590959,907,3.22586402035085e-12,168574.688,-157496.0327,-8.03E-13,-14864.55678,-128858.1106,-154665.0884,40104.11246,-44728.68281,3871650.077,-3826981.568,3.699320052,1343,0.880022505,33.98276426,1,0.406362007,0.270319947,0.253666874,0.025694087,0.000451126,6.67960585037848e-05,-1.25E-09,1.06222248386092e-05,-1.15E-08,187.7311445,42.34471042,185.8596339,16.38870648,16.38870648,44.21622101,54.80600617,61.13100686,9.848857802,3.654731332,3,32.15396536,26.02912535,NA,NA,0.204916906,-0.006356988,NA,-0.018069136,-0.00520108,-0.000207286,0.048749968,-0.001805377,0.005188887,-0.000170306,0.005615634,-0.003112722,0.000109745,-0.000327209,-83.48532104,205.3380951,0.675353686,907,27656,1011854,40975952,12933,379485,13392773,530877273,224517,6377273,214636241,8170862705,0.308942466,0.027885064,0.151784281,0.045605408,0.028139232,0.006749235,0.047800713,0.040769534,0.021551686,0.006799625,0.020169599,0.00642043,0.007377252,0.028034367,0.015905618,0.012658441,0.005473665,0.01365217,0.00670519,0.004106026,0.006946667,0.009155902,0.007721867,0.00651211,0.009700413,0.002755815,0.003922429,0.006318587,0.002960494,0.004199144,790.491731,213.2590959,0,4,8,4,2,0,2,5.242640674
175,175,18,5,blind_0145.tif,vhip,2171,12052,556,320,425,228,480.6135421,266.6674344,2171,-1.01E-11,1851256.762,36053090.45,8.69704308570363e-12,-282846.0226,7321503.083,-431479802.7,779959.8876,-4793524.319,691091240.4,6149554243,44.92027096,8667,0.794063267,52.57568879,-20,0.180136077,0.022261664,0.558260579,0.066068342,0.057890807,0.024054334,0.000542248,0.001638793,0.00071533,885.0062034,326.9775135,852.7207563,130.2837506,130.2837506,359.2629607,118.9962153,135.4400236,11,2.315128603,1,89.05088204,72.33007823,NA,NA,0.39277787,0.164169675,NA,-0.06001094,0.033338856,-0.042167806,0.165482709,-0.021827569,0.067539201,0.012898353,0.028248959,-0.021781624,0.018358127,-0.011266287,-76.08198403,1107.021428,0.250490366,2171,120737,8565869,718341299,83947,4385744,307081542,25942044788,4025975,197231346,13510909252,1.14331e+12,0.150687039,0.029452955,0.059526566,0.016487572,0.035069855,0.001828184,0.004674206,0.015636004,0.007315059,0.02361111,0.004694847,0.003045372,0.019165357,0.012057247,0.006847631,0.002581138,0.011077352,0.003221746,0.004609466,0.00162109,0.010814995,0.00823142,0.003527507,0.002091159,0.002449409,0.002891606,0.006422939,0.004053877,0.001859195,0.001785495,480.6135421,266.6674344,0,5,9,5,38,37,6,562.8132823
176,176,18,6,blind_0145.tif,vhip,1635,11760,764,376,596,306,667.7406728,336.6752294,1635,3.41060513164848e-13,2332678.045,23464089.23,-4.81E-12,-245909.7028,16774768.9,-1140931424,219240.5468,-8428104.741,515662099.8,-30429956686,21.34872782,5990,0.958695496,45.62616196,-10,0.139030612,0.046841199,0.954621699,0.658888536,0.40359139,0.04938966,-0.002267575,-0.017322908,0.00659409,1443.983925,116.8225532,1426.714401,150.4034879,150.4034879,134.0920775,151.999154,170.038231,10,2.612706163,1.414213562,55.79026097,43.23379293,NA,NA,0.872608196,0.21707475,NA,-0.091989901,0.155189435,-0.261039525,0.082013503,-0.077971436,0.117980964,-0.17218257,0.018130869,-0.043967796,0.073887085,-0.119590512,-83.44990879,662.2924599,0.272954925,1635,117296,10747572,1129197920,50154,3352172,311175550,33310885178,1757726,102585668,9412380078,1.01247e+12,0.072000369,0.014426241,0.035125099,0.012740586,0.017689422,0.002997669,0.020906619,0.007481749,0.007249692,0.016790238,0.007537975,0.002099024,0.010995514,0.006167319,0.001764934,0.00533883,0.0133234,0.008400083,0.00282621,0.001638641,0.002873241,0.00304881,0.003246532,0.002565427,0.003941821,0.010356435,0.004591227,0.004293437,0.001686164,0.00123516,667.7406728,336.6752294,0,6,11,6,16,13,4,246.1076506
177,177,18,7,blind_0145.tif,vhip,5741,29400,323,459,113,319,215.452186,383.3755443,5741,-5.01E-11,11495498.13,301774430.2,2.27373675443232e-12,-2013304.913,-38672233.27,-14007646403,3777136.326,16442010.09,9825276922,3.00262e+11,48.41839934,19068,0.852128406,85.49659775,-43,0.195272109,0.020653306,0.463381684,0.069765833,0.012983689,0.016324715,0.000229702,0.004073364,6.1009296141388e-05,2088.328679,571.9455678,2002.35118,350.6888892,350.6888892,657.9230668,182.7929399,233.4801919,24.73863375,5.528041959,2.828427125,108.3963819,95.66153399,NA,NA,0.348780906,0.120840794,NA,-0.061084983,-0.015485684,-0.07402911,0.114600778,0.006583943,0.051925676,0.020943256,0.006123461,-0.028368472,-0.01156745,-0.028749654,-76.22464904,1868.976839,0.301080344,5741,588178,71755620,10008772384,369580,35850974,4168099884,5.55029e+11,27569050,2581736250,2.92118e+11,3.78818e+13,0.134090368,0.011978208,0.079600693,0.014105497,0.018933482,0.005486422,0.040595903,0.012207438,0.003042041,0.022783789,0.005427881,0.001841148,0.021302959,0.008065429,0.002272765,0.001977659,0.016696503,0.00373,0.001625162,0.001226143,0.007985671,0.008995981,0.001006222,0.001211711,0.002895129,0.009900385,0.005595179,0.002344199,0.002420608,0.000224347,215.452186,383.3755443,0,7,12,7,65,68,5,954.6143699
178,178,18,8,blind_0145.tif,vhip,2101,11070,355,566,273,431,307.3141361,499.500238,2101,5.47117906535277e-13,444906.6702,1487343.097,1.56319401867222e-13,-242964.1571,-1072337.291,-106924455.9,1946995.25,4175487.098,394683458.4,1520684645,30.16800191,6784,0.89174221,51.72113962,-12,0.189792231,0.033147704,0.541865203,0.127912477,0.00985029,0.01162148,0.000121716,0.004063019,2.54155096296443e-05,944.9391857,193.5196053,211.7594813,115.64215,115.64215,926.6993098,122.9594526,138.2461573,11,2.460252678,1.414213562,74.69026295,55.6445297,NA,NA,0.100789853,0.007350993,NA,-0.05504148,-0.005299883,-0.011529193,0.44107535,0.020636784,0.042556977,0.003577239,-0.098806621,-0.08858682,-0.013336804,-0.013903577,-8.963243028,892.4650788,0.309699292,2101,72094,2918750,132174904,143919,4695492,182188522,7978457256,11805481,375984164,14238063210,6.08416e+11,0.139968412,0.006229563,0.07271307,0.021948333,0.014955948,0.00289721,0.028821785,0.017050906,0.009861498,0.019933088,0.003506803,0.001924846,0.013363295,0.007408285,0.008817272,0.006060851,0.016338207,0.003452918,0.002089966,0.001709468,0.004362689,0.004219188,0.006354834,0.006355385,0.003801918,0.010814338,0.002227098,0.001354921,0.003412958,0.00126886,307.3141361,499.500238,0,8,21,8,31,24,6,329.2325433
179,179,18,9,blind_0145.tif,vhip,999,3416,483,607,427,546,445.6626627,574.4944945,999,9.16600129130529e-13,123437.3173,1569469.397,2.1600499167107e-12,-95286.35536,-1311491.58,-43149493.21,237463.7197,480847.94,44192692.42,682614899.4,8.647676659,2144,0.87285705,35.66463662,-7,0.292447307,0.115637996,0.361623923,0.049517753,0.018250113,0.005202974,4.97330839410574e-05,0.000405387,9.85582364237349e-06,291.7828103,69.47948906,123.5608782,95.38173709,95.38173709,237.7014211,68.3266051,72.18032973,10,3.219327757,2,41.58227389,33.34174298,NA,NA,0.123684563,0.049755275,NA,-0.095477214,-0.041576869,-0.043279201,0.237939361,0.015243828,0.044325536,0.0216619,0.010302434,-0.047170729,-0.016094708,-0.019046183,-29.55321129,329.4863274,0.465951493,999,18644,471384,14974088,28466,435965,8563763,210538523,1048588,14620019,250154373,5043219509,0.244139406,0.069583251,0.069045597,0.025164167,0.065366751,0.009841092,0.013461358,0.00960464,0.021582994,0.034016234,0.00982831,0.008650277,0.024607914,0.01589683,0.010820834,0.0069106,0.002182391,0.006924457,0.011887233,0.00876805,0.014072637,0.005883687,0.004135413,0.010925174,0.009078663,0.0049107,0.005112911,0.006888509,0.009862834,0.004064916,445.6626627,574.4944945,0,9,23,9,8,5,2,84.08326209
180,180,18,10,blind_0145.tif,vhip,1505,4620,813,634,743,568,790.1023256,598.9109635,1505,1.02318153949454e-12,312442.2419,-4588566.115,1.84741111297626e-12,-3131.288372,427582.0025,-41478380.58,378656.0691,-776318.0215,74026740.38,-1271774583,11.15976167,3441,0.419019377,43.77471319,-1,0.325757576,0.089607648,0.305117299,0.000862222,0.000667182,0.004017864,4.93657898397156e-06,-9.47E-05,-4.35E-06,251.6968902,207.5046453,207.6028185,2.08059028,2.08059028,251.598717,63.45983173,75.23961722,12.64911064,3.526134802,2.236067977,59.95992545,57.62008613,NA,NA,0.137942072,-0.052219865,NA,-0.001382452,0.004866068,-0.012167806,0.167175227,-0.008834834,0.021715965,-0.00961684,0.012168843,0.005888631,-0.00043633,-0.000573434,-2.701512572,459.4102089,0.437372857,1505,70889,3651479,196838099,46521,2188116,113003334,6082555722,1816665,84599246,4338132060,2.31551e+11,0.334149206,0.105504858,0.053517284,0.025824299,0.053290415,0.012468107,0.042465381,0.012117043,0.028332263,0.005054804,0.004206329,0.01402971,0.010541718,0.013330221,0.014855019,0.00767406,0.001597634,0.002356563,0.010784056,0.009125061,0.004414287,0.014924712,0.013895118,0.005561008,0.003005313,0.002428772,0.007102989,0.005249085,0.010545831,0.004697635,790.1023256,598.9109635,0,10,24,10,4,2,5,76.3259027
181,181,18,11,blind_0145.tif,vhip,2403,12180,1016,679,876,592,931.3641282,642.0387016,2403,-1.78E-11,1752964.388,29409825.82,-1.55E-11,-806070.8639,-10351927.68,-1848802151,807093.4007,5847008.745,1029071736,30899817365,20.29851373,6702,0.918698845,55.31360254,-12,0.19729064,0.049264691,0.443345421,0.104777288,0.010174966,0.018488455,0.000252412,0.005847141,-2.43E-05,921.5969042,143.7621422,729.4899658,335.4435555,335.4435555,335.8690806,121.4312582,149.5626959,13,3.466499984,2.236067977,62.82043315,47.96034065,NA,NA,0.303574684,0.1038982,NA,-0.139593656,-0.036570997,-0.133238313,0.139770737,0.020656147,0.074162496,0.045427383,-0.017969537,-0.048081932,-0.024103099,-0.048581317,-60.20043695,782.9137803,0.358549687,2403,133040,9118608,728356298,120243,5851078,356676556,25465551922,6823897,302976638,17013832140,1.11737e+12,0.136776438,0.030546299,0.071019789,0.025799506,0.024793709,0.010664564,0.032080856,0.02168724,0.011617552,0.016763419,0.009664243,0.005993363,0.011732261,0.014529605,0.008814451,0.007379851,0.009179444,0.007397079,0.00696898,0.003680635,0.002189737,0.010503388,0.002560196,0.006584051,0.005075983,0.005084676,0.004412042,0.004503423,0.005564174,0.002455469,931.3641282,642.0387016,0,11,26,11,16,18,5,253.4629897
182,182,18,12,blind_0145.tif,vhip,1602,8217,439,824,356,725,404.4188514,766.423221,1602,2.8350655156828e-12,780151.9507,-9704608.012,7.69517782828189e-12,-62779.98127,4162257.356,-115307113.8,474469.0562,-8774286.623,484976259.8,-16055134707,18.54693705,5832,0.645730782,45.16336735,-8,0.194961665,0.053917259,0.488863408,0.016580658,0.036018978,0.036313142,-1.60E-05,0.004490494,0.001313195,494.7210798,288.4381005,486.9862364,39.18850267,39.18850267,296.1729439,88.96930525,104.1393297,9.219544457,2.46454334,2,80.35863482,67.93386202,NA,NA,0.303986415,-0.094476048,NA,-0.024462236,0.0405203,-0.028045847,0.184876994,-0.085419207,0.117959506,-0.09756525,0.022335398,-0.037635076,0.038706406,-0.040356203,-78.83473914,611.0437226,0.274691358,1602,77567,4535857,285464501,66360,3150295,185972595,11872605781,3223314,142093777,8371799529,5.40317e+11,0.172697718,0.067836147,0.027763469,0.038229692,0.022639117,0.029090755,0.002921422,0.027803022,0.01004215,0.00902959,0.019084463,0.001891145,0.012449641,0.009928613,0.009379001,0.010178409,0.005971585,0.006478851,0.003949603,0.007280769,0.006005352,0.006267892,0.010301868,0.008914003,0.003185875,0.007318286,0.003992531,0.00734744,0.007266576,0.008135791,404.4188514,766.423221,0,12,27,12,11,11,4,165.5096704
183,183,18,13,blind_0145.tif,vhip,786,2074,68,805,7,771,32.90203562,786.2290076,786,2.27373675443232e-13,97133.45674,376218.5946,8.11795075605915e-13,9752.633588,-253450.2092,887215.6232,49678.77863,-107873.0663,3443393.536,-18234135.46,5.404171017,1291,0.719680596,31.63489027,-9,0.378977821,0.185042257,0.237638695,0.006897028,0.004460654,0.000268691,2.93285646513953e-07,1.09998847519193e-05,-2.26E-08,126.0300087,60.75400574,123.5794615,-12.40793077,-12.40793077,63.20455296,44.9052351,60.20797289,7.071067812,2.467852823,2.236067977,32.44619328,31.17794239,NA,NA,0.157225778,0.021721204,NA,0.015786171,-0.014633098,0.001827097,0.080412917,-0.006228116,0.007091188,-0.001339388,0.009280079,0.001443106,-0.000278889,0.00026813,78.82794866,231.0365799,0.608830364,786,20359,624473,21583249,11970,319800,9761880,329513628,231970,6197668,183683432,5926225336,0.276073457,0.064596122,0.132043776,0.015099311,0.056987747,0.00347437,0.030036966,0.006926571,0.015964434,0.019755483,0.00674173,0.005870754,0.001678547,0.014180917,0.019850897,0.010214326,0.004475586,0.00498939,0.0090011,0.004340732,0.001996973,0.01433438,0.012976438,0.008698996,0.00658982,0.003544985,0.009090382,0.007543036,0.005282869,0.002295042,32.90203562,786.2290076,0,13,28,13,1,1,5,18.48528177
184,184,18,14,blind_0145.tif,vhip,1308,5106,679,900,610,826,645.3394495,864.6720183,1308,4.60431692772545e-12,242685.2844,-590341.3857,3.63797880709171e-12,116712.6239,-772615.341,62341912.23,328160.2959,134412.5744,59044216.14,-563822299.7,10.41663012,3194,0.778923724,40.80927988,-3,0.256169213,0.096000337,0.333659239,0.021111086,0.000434326,0.001398391,-1.05E-06,0.000138154,-3.06E-07,313.2370834,123.1892012,185.5392083,-89.22983475,-89.22983475,250.8870764,70.79402047,74.6860094,10.29563014,3.070470183,2.236067977,51.74642314,44.39625232,NA,NA,0.141849548,-0.00954078,NA,0.068218528,-0.012486593,0.027858446,0.191809691,0.002172304,0.02638482,-0.006966508,-0.024175336,0.01912775,-0.007170643,0.006947752,34.94420979,413.782792,0.409517846,1308,46224,1876216,82866828,50583,1904288,80033564,3622337030,2284307,89887590,3862567066,1.7692e+11,0.295059409,0.028658086,0.106976063,0.042320695,0.020956112,0.014907331,0.035892221,0.02506826,0.008609598,0.0259895,0.018160366,0.012866977,0.017470071,0.01375174,0.014201449,0.01114721,0.0244128,0.013740312,0.002970517,0.011714231,0.005056678,0.010515486,0.015419735,0.00798111,0.010972861,0.010341814,0.003162901,0.009854082,0.009931598,0.00609425,645.3394495,864.6720183,0,14,29,14,8,5,3,90.4974764
185,185,19,1,blind_0151.tif,vhip,993,1932,996,51,927,23,962.9728097,37.18227593,993,8.58335624798201e-12,351410.2659,-322392.0943,-6.20E-13,-62492.07855,443960.8719,-40844276.82,36120.00806,-9644.384255,17388620.73,-65259400.32,3.450782275,1277,0.966145145,35.55737431,0,0.513975155,0.289789364,0.393013201,0.118306961,0.002003115,0.000293848,5.2657989744528e-08,1.53759343536061e-05,-2.19E-07,365.9060968,24.35601191,353.8874782,62.9326068,62.9326068,36.37463047,76.51468845,70.83784299,8,3.273010099,3,21.70607855,19.74072416,NA,NA,0.356382153,-0.010375553,NA,-0.06337624,0.014288004,-0.041714156,0.036631048,-0.000310385,0.017758954,-0.00211505,-0.000884339,-0.006237613,0.000574152,-0.004368859,-79.18806938,207.509668,0.777603759,993,35721,1636395,83825763,14083,444113,19155735,953305067,235849,6701947,277639933,13634864665,0.251958324,0.017735346,0.092698231,0.069837458,0.007337875,0.011105297,0.037298569,0.04941204,0.030157793,0.007739972,0.002096244,0.006558865,0.02315187,0.02538948,0.025353813,0.012962675,0.005285831,0.00362834,0.004538776,0.004762754,0.015668883,0.01260389,0.015080404,0.011144831,0.005825299,0.004707994,0.003091752,0.003056816,0.004743174,0.00474257,962.9728097,37.18227593,0,1,1,1,0,0,2,6.242640734
186,186,19,2,blind_0151.tif,vhip,1022,3927,373,144,296,93,341.574364,112.2299413,1022,2.21689333557151e-12,218965.8483,-2379122.944,-3.84E-12,-42330.97554,210469.9611,-54566537.28,142472.9638,649970.9017,32521039.19,-195509571.7,6.272965216,2434,0.692731313,36.07285426,1,0.260249554,0.159414243,0.346045332,0.011933494,0.017373415,0.005080922,-3.69E-05,0.000431892,-3.03E-05,232.6510766,121.0072523,214.2522978,41.41974123,41.41974123,139.4060311,61.01161549,84.52810184,10.77032961,3.397353491,2.236067977,46.28340789,44.00131859,NA,NA,0.209640213,-0.071250784,NA,-0.040528123,0.006303226,-0.051117983,0.136405119,0.01946555,0.03046574,-0.005729146,0.042678521,-0.000355678,0.004161335,-0.009754465,-66.04905764,283.8355698,0.419884963,1022,46577,2341683,124300049,19653,853342,41382482,2100725026,520399,22738780,1113317572,56615869576,0.182120478,0.032789984,0.098197295,0.015291295,0.032211728,0.007374834,0.044986604,0.015339316,0.015752783,0.022868465,0.011057788,0.005413745,0.020651812,0.016067207,0.018047898,0.006273218,0.010354798,0.009960686,0.00686158,0.000835421,0.006460293,0.011776347,0.012843048,0.00429492,0.005636899,0.006509765,0.00386744,0.004872724,0.002520811,0.002116349,341.574364,112.2299413,0,2,2,2,2,0,2,33.62741709
187,187,19,3,blind_0151.tif,vhip,1697,10404,556,127,454,25,500.0606953,96.65291691,1697,-8.38E-12,857816.7484,9455780.171,-5.57E-12,444533.7496,-4636880.403,526501232.9,913546.5681,-17393578.14,745253793.2,-19974768571,18.76367821,5692,0.818068697,46.48319597,-14,0.163110342,0.053294455,0.6150975,0.095685293,0.281944606,0.075185398,0.008887427,0.012267507,0.006390877,784.3770689,259.4433886,505.4901287,-261.9527104,-261.9527104,538.3303289,112.0269303,131.552271,12.04159458,2.740004647,2,66.20583276,64.42898585,NA,NA,0.297872792,0.079706321,NA,0.154362234,-0.039086005,0.107734268,0.317224708,-0.146616999,0.152496076,-0.099219106,-0.22682443,0.213682664,-0.165610483,0.166068947,43.20659782,632.5645379,0.298137737,1697,78165,4458151,293824587,121595,6045284,355753710,23768508092,9626183,489699384,29173910742,1.9592e+12,0.12485193,0.049716865,0.025012684,0.024352023,0.03064788,0.006581024,0.016128284,0.023633794,0.008176079,0.011189624,0.018715376,0.004315264,0.002089522,0.00537758,0.008503882,0.005709992,0.006162397,0.016992393,0.003954956,0.002150646,0.002500507,0.006765245,0.010784717,0.005458109,0.002090861,0.006151664,0.00433633,0.005803283,0.003655312,0.001307904,500.0606953,96.65291691,0,3,3,3,15,12,5,184.6518064
188,188,19,4,blind_0151.tif,vhip,1630,10010,811,248,701,157,752.0570552,214.9447853,1630,3.11217718262924e-12,777011.6939,3019380.99,3.63797880709171e-12,-202452.865,1616310.763,-173374088,721059.0307,-2449849.219,157516446.4,-1706715168,21.63788035,6390,0.654772412,45.55634377,-3,0.162837163,0.046215248,0.563841592,0.023668589,0.05171287,0.021217396,0.000599742,-0.000210071,0.000366402,584.9153789,334.1464153,476.6942907,124.2042117,124.2042117,442.3675035,96.74009542,109.0733698,10.29563014,2.411779025,2,83.79474031,73.11868875,NA,NA,0.292450485,0.028148088,NA,-0.076198903,0.015068008,-0.040033299,0.271391106,-0.022838646,0.036371657,-0.009761227,-0.160633134,-0.015669098,-0.003581824,-0.007069123,-48.93384925,665.7422074,0.255086072,1630,83223,5026133,338982789,94450,4619886,272181214,18133206750,6193944,290332516,16454254644,1.06251e+12,0.174303777,0.026122541,0.058839645,0.017581249,0.031048064,0.022167597,0.010309951,0.01872812,0.00577062,0.021136877,0.018858625,0.004223973,0.000710113,0.01024888,0.008199909,0.004983348,0.005158957,0.011660825,0.005638526,0.004983766,0.003410576,0.010489684,0.016049965,0.004108813,0.003616116,0.006188437,0.005161612,0.009084008,0.005549234,0.00120406,752.0570552,214.9447853,0,4,5,4,28,27,4,265.0487763
189,189,19,5,blind_0151.tif,vhip,1736,10416,240,319,147,207,195.2736175,285.2903226,1736,-5.12E-12,603325.0317,-5270693.443,-3.78E-12,-403288.9032,3266286.199,-281132006.4,1133089.677,4403121.536,260531534.2,-1570401679,23.863121,6305,0.845244834,47.0142941,-21,0.166666667,0.041905667,0.576174474,0.102530396,0.151848993,0.065977371,0.005893786,0.010631478,-0.00297899,778.0562377,222.1826501,347.5374606,232.3092761,232.3092761,652.7014271,111.5746378,116.3615057,9.433981132,2.46145461,1.414213562,71.56159769,59.62317,NA,NA,0.20019439,-0.041975266,NA,-0.133818707,0.026012371,-0.05373548,0.375980085,0.035066012,0.049797912,-0.007204216,-0.282780034,-0.087953901,-0.006356279,-0.016597544,-28.35143773,721.51176,0.275337034,1736,83803,4648799,277393015,135912,6157675,328285831,19089679585,11773684,509614203,26235104035,1.48324e+12,0.157538367,0.064929271,0.014392185,0.034432418,0.034069644,0.010540374,0.026726342,0.016328288,0.007596081,0.016339187,0.013854327,0.005793658,0.008362507,0.014855217,0.010266952,0.008631809,0.004173207,0.00838518,0.004460748,0.007305916,0.006614301,0.009291227,0.007935437,0.005616446,0.006214003,0.004702803,0.004264067,0.006450765,0.003039851,0.000351355,195.2736175,285.2903226,0,5,7,5,27,30,4,284.9482709
190,190,19,6,blind_0151.tif,vhip,1607,10707,907,364,824,235,870.5140012,306.661481,1607,1.18234311230481e-11,492887.435,-3132312.492,-1.66E-11,-402917.3833,-1554781.452,-390498372.5,983751.8457,12554456.31,606613943.7,7685156348,18.27109548,5322,0.883029256,45.23379211,-4,0.150088727,0.054731256,0.571798042,0.133500048,0.172306858,0.044579796,0.003892738,0.016145978,0.000335107,753.0198118,165.859641,306.7127785,250.7264364,250.7264364,612.1666743,109.7648258,132.438665,11,2.582272862,2,60.41309683,51.51460236,NA,NA,0.190860472,-0.030256967,NA,-0.156021429,-0.015018607,-0.094096094,0.38093757,0.121271352,0.146172192,0.046195231,-0.17549695,-0.22070922,-0.119009664,-0.13398556,-29.32641329,607.4284989,0.301954153,1607,74748,3969716,227367396,115160,4953635,245438347,13070830133,9236288,384423855,18693927439,9.78555e+11,0.113112317,0.018571169,0.061047566,0.017587731,0.021296589,0.002376809,0.035594851,0.013203384,0.004894116,0.014737252,0.000781131,0.005892858,0.019787803,0.011614385,0.004315232,0.002796031,0.007244262,0.001036279,0.005270682,0.005755137,0.008608297,0.011922527,0.002650575,0.006064463,0.001471631,0.004137442,0.00040842,0.002323938,0.004594501,0.004545401,870.5140012,306.661481,0,6,8,6,13,12,3,156.1665248
191,191,19,7,blind_0151.tif,vhip,932,2484,695,391,641,345,667.2757511,369.8658798,932,-1.07E-12,100638.132,-110483.7606,4.9737991503207e-12,-17821.53112,-22.27897686,-2688417.738,104264.235,110649.9487,9203006.221,17553954.21,5.129652528,1776,0.545576768,34.44792092,0,0.375201288,0.194944978,0.235893053,0.001701211,0.000724767,0.000446543,1.99508496582576e-07,1.87497631797039e-06,-1.57E-07,129.1466754,90.70564965,107.9808283,19.1218145,19.1218145,111.8714968,45.45708753,56.22277119,10.81665383,3.369308337,2.236067977,41.09609905,38.09580547,NA,NA,0.115859258,-0.004166378,NA,-0.020516968,-8.40E-07,-0.003320848,0.120033795,0.004172645,0.011367945,0.000710263,-0.021130712,-0.009387111,-0.002801645,-0.002189813,-42.09553491,245.1076477,0.524774775,932,24489,744105,24730119,23175,591119,17566255,575333231,680531,17105817,500515165,16185065721,0.375406281,0.041617386,0.157298317,0.022083337,0.038793341,0.011915605,0.024724979,0.019785483,0.008915956,0.018693688,0.017551628,0.005392727,0.003698528,0.017108066,0.004594462,0.017504638,0.012200659,0.017193116,0.01719866,0.007962722,0.002744577,0.001965857,0.005391184,0.016032317,0.009390407,0.012343297,0.013849748,0.013713691,0.009655608,0.00716701,667.2757511,369.8658798,0,7,9,7,1,0,2,3
192,192,19,8,blind_0151.tif,vhip,1639,10086,650,572,527,490,575.0579622,533.4734594,1639,-5.00E-12,1145985.494,13312049.26,2.1529444893531e-12,-88819.97865,-8524768.844,-34440027.73,321896.5955,1769979.191,230329226.3,2354346508,21.6328211,6435,0.854166926,45.68193969,-10,0.162502479,0.046226056,0.546428401,0.098482109,0.059200043,0.025894384,0.00095836,0.005353079,-0.000330784,704.9724118,190.6237377,699.1979827,54.1915672,54.1915672,196.3981669,106.2052663,124.1933976,11,2.62702651,1.414213562,73.97346308,55.22662223,NA,NA,0.426600356,0.122404542,NA,-0.033063799,-0.078385409,-0.007822159,0.119828046,0.016274992,0.052313309,0.013208212,-0.003237942,-0.019020322,-0.033192279,-0.016734992,-83.91774912,667.4995667,0.254700855,1639,78767,4931367,360450953,71253,3335454,197321800,13791153528,3419511,158382086,8980420928,6.01421e+11,0.135166932,0.037314538,0.051996033,0.024530412,0.027438258,0.007926222,0.017018368,0.026411372,0.010095406,0.011162177,0.014808428,0.006424997,0.004076215,0.016720662,0.005197859,0.006626052,0.005412169,0.012963808,0.007103079,0.003181891,0.00766759,0.004505551,0.00998576,0.002709975,0.0042117,0.008545135,0.007037214,0.005479895,0.005787481,0.00212776,575.0579622,533.4734594,0,8,11,8,20,17,3,258.5634956
193,193,19,9,blind_0151.tif,vhip,1327,4830,551,842,481,773,507.8425019,803.6028636,1327,1.90425453183707e-12,234704.0829,2341168.537,3.5242919693701e-12,159964.9985,2701212.978,130039066,329143.7091,3055922.324,132610875.2,3607765606,6.628112777,2887,0.862212431,41.10460894,1,0.274741201,0.150872508,0.320199049,0.035884772,0.019833435,0.012885267,0.000201038,0.002261339,-4.49E-05,338.1407077,86.76343102,176.8681861,-120.546344,-120.546344,248.0359526,73.55441063,87.78382539,13,3.600458844,2.828427125,44.41176471,37.25875597,NA,NA,0.13328424,0.036496849,NA,0.090841254,0.042109639,0.055649475,0.18691481,0.04763926,0.056750066,0.042382843,0.034089983,0.055406496,0.039807722,0.041692227,36.77700528,332.4568901,0.459646692,1327,35620,1190834,46906222,40610,1250039,47731865,2128799621,1571926,55041123,2340028149,1.13623e+11,0.219256278,0.067796225,0.080612483,0.04220284,0.055368019,0.015264422,0.009417471,0.025103245,0.013038954,0.025848073,0.013734607,0.005958717,0.001143594,0.002375319,0.003042642,0.005777514,0.012338171,0.008145773,0.007524458,0.004232163,0.005034965,0.003340951,0.008715379,0.00148616,0.003392449,0.007705351,0.008434284,0.004943837,0.007549367,0.002976603,507.8425019,803.6028636,0,9,12,9,3,1,4,43.04163158
194,194,19,10,blind_0151.tif,vhip,1160,9800,339,915,241,815,290.525,883.3465517,1160,5.04485342389671e-12,501699.275,-3084753.214,8.64019966684282e-12,-379901.05,-4470603.447,-420883399.5,578152.6862,9702143.428,532295297.5,13439996125,19.21521444,4352,0.910203547,38.43120961,-4,0.118367347,0.052042094,0.802505916,0.322065436,0.493587338,0.184468157,0.048254214,0.074070738,-0.027746438,794.6081258,136.2987373,432.499375,327.5009052,327.5009052,498.4074881,112.7551773,131.1373326,8.485281374,2.010461284,1.414213562,51.75318682,46.69882008,NA,NA,0.372844289,-0.067309359,NA,-0.282328367,-0.09754863,-0.26964218,0.429661628,0.211700906,0.341019067,0.252811125,-0.306950118,-0.470486497,-0.410171662,-0.549648862,-42.1270394,529.2447327,0.266544118,1160,57449,3346861,212361851,79282,3546540,186646606,10633717806,5996804,254764008,12790618098,6.95705e+11,0.085884624,0.025372367,0.033700613,0.018301354,0.021868913,0.004523213,0.008974977,0.014701829,0.006445087,0.014593217,0.007261277,0.001059432,0.000187805,0.009951923,0.001482415,0.003602723,0.008231892,0.010016948,0.003127383,0.000635818,0.00486903,0.005107907,0.003880771,0.000172592,0.002527051,0.005594589,0.006843908,0.004916864,0.003084492,0.001215162,290.525,883.3465517,0,10,13,10,8,3,5,135.7817476
195,195,19,11,blind_0151.tif,vhip,1799,13635,762,1009,627,908,681.2217899,967.188438,1799,-6.03E-12,1425442.506,28501895.19,-4.26E-14,-660869.1868,-15352270.04,-1853798849,470487.1195,8360132.312,1160049313,56599986379,13.39105108,5496,0.961649061,47.85977372,-1,0.131939861,0.074676737,0.585814188,0.253853173,0.092478277,0.092927394,0.008614205,0.046781202,8.32982684152739e-05,980.142539,73.73718605,792.3526992,367.3536336,367.3536336,261.5270259,125.2289129,153.5252422,13.60147051,3.623581571,2.236067977,44.11714452,34.34814372,NA,NA,0.440440633,0.207632738,NA,-0.204198796,-0.111839365,-0.318397111,0.145373555,0.060902517,0.199242949,0.229196117,-0.032438877,-0.131022827,-0.14583747,-0.299242613,-62.92404724,550.2091988,0.327328967,1799,97545,6714507,547154571,106480,5112667,310401891,22205271703,6772872,297365745,16671552505,1.1058e+12,0.096780422,0.027568847,0.046737318,0.022280887,0.021812787,0.009960845,0.021835831,0.01969469,0.010258207,0.016080334,0.00976915,0.00479198,0.008280893,0.014818093,0.009942824,0.005694877,0.010732822,0.008562557,0.005319244,0.002250281,0.001067374,0.010824129,0.006496863,0.006801063,0.00307674,0.004850259,0.00862631,0.003321155,0.003737193,0.000792643,681.2217899,967.188438,0,11,14,11,9,7,2,143.7523102
196,196,20,1,blind_0162.tif,vhip,1267,5985,689,142,632,37,659.7411208,73.06708761,1267,2.8421709430404e-12,142217.0876,200745.1377,1.48929757415317e-11,52152.00474,2221903.442,43461142.46,744315.2976,5870777.75,171505020.3,3369682295,17.18609271,3868,0.903361054,40.16459266,-2,0.211695906,0.058186582,0.552257186,0.144900436,0.12878208,0.130378614,0.016776251,0.045196893,0.00199271,591.0017061,108.708148,112.2471094,-41.16180326,-41.16180326,587.4627447,97.24210661,111.4271062,10.77032961,2.745585786,2,50.58562246,41.70527985,NA,NA,0.088592825,0.003513205,NA,0.032487611,0.038885138,0.021368365,0.46366436,0.10274344,0.084323183,0.046544761,0.306206356,0.172248564,0.120102656,0.081892633,4.91402517,523.0965005,0.327559462,1267,35148,1117262,39085368,45697,1319838,45411800,1758474630,2392473,76002602,2892400928,1.2309e+11,0.129928681,0.041852089,0.044388674,0.031215067,0.037095114,0.011291668,0.003551523,0.025274839,0.013282344,0.01573318,0.014868695,0.005066894,0.011104753,0.009344715,0.013615323,0.006624672,0.004034183,0.010487159,0.008153031,0.002466144,0.005908826,0.001890352,0.005225063,0.007329537,0.003855421,0.002698723,0.007284601,0.004822263,0.005030191,0.001265836,659.7411208,73.06708761,0,1,1,1,11,5,8,143.9949504
197,197,20,2,blind_0162.tif,vhip,2045,13923,1022,148,903,31,976.8122249,90.59217604,2045,-4.21E-12,1780797.894,-55529790.16,1.60866875376087e-11,-62716.6044,-5409529.771,126708655.2,1026543.875,3521456.538,570518346.5,-10305917442,32.87197506,10186,0.654308857,51.02719735,-9,0.146879265,0.03042105,0.671287658,0.033427954,0.132527116,0.0757837,0.007512365,0.013405463,-0.001115924,873.3385066,499.4447546,870.8058163,30.66826621,30.66826621,501.9774449,118.2092048,125.3554945,12.04159458,2.642351496,1.414213562,105.3270044,89.39304265,NA,NA,0.425821915,-0.293624812,NA,-0.014996707,-0.028603965,0.014815842,0.245465743,0.018620402,0.066709806,-0.026647721,0.016102969,-0.024721841,-0.020037408,0.012106173,-85.27903154,919.1036431,0.200765757,2045,150946,12922458,1161194896,121866,8932484,755409358,67101884834,8288804,607861684,50825620882,4.46023e+12,0.165435296,0.036747669,0.033673028,0.022541498,0.033401419,0.010729423,0.011185474,0.033032587,0.002370448,0.015559107,0.001200003,0.008609861,0.002420569,0.025039045,0.003021537,0.006287054,0.001595164,0.015810003,0.003054271,0.0039698,0.002868114,0.005384881,0.004290874,0.003909865,0.008032898,0.005068726,0.011360703,0.004805629,0.002816118,0.002773795,976.8122249,90.59217604,0,2,2,2,37,29,10,422.7594559
198,198,20,3,blind_0162.tif,vhip,1457,6867,413,166,304,103,357.9656829,143.4262183,1457,6.82831569065456e-12,805788.2841,6730870.986,5.75539615965681e-13,-294985.6891,-6991635.51,-466630788.9,335216.3185,5739722.304,351007924.8,12430181196,19.04869877,4205,0.892296215,43.07098811,-10,0.212174166,0.052497024,0.537487406,0.126374289,0.057180886,0.044441537,0.002225645,0.012973343,-0.000255959,650.5352177,132.583933,553.0461799,202.4610083,202.4610083,230.0729708,102.0223676,112.9291813,8.062257748,2.296129983,2,50.46951841,46.05803869,NA,NA,0.37957871,0.083065826,NA,-0.138957453,-0.086283926,-0.150867167,0.157908697,0.070834038,0.113484949,0.105285613,-0.057786782,-0.079183735,-0.079805288,-0.100298099,-64.28825163,590.5645379,0.346492271,1457,78628,5049002,366173542,58901,2883647,165282213,10627199603,2716361,128479687,7058743853,4.32894e+11,0.145464598,0.056486594,0.030135057,0.019891696,0.040735899,0.015722548,0.022857839,0.019404716,0.004476323,0.004889947,0.016022577,0.009403358,0.001759307,0.011386005,0.006774268,0.003764239,0.011879427,0.005206577,0.012492037,0.002254196,0.016487215,0.003914158,0.007684124,0.006723017,0.004279573,0.004475271,0.002789634,0.002926315,0.003195485,0.000489926,357.9656829,143.4262183,0,3,3,3,14,7,9,146.7523107
199,199,20,4,blind_0162.tif,vhip,1648,10400,860,266,760,162,815.7609223,219.0679612,1648,-5.71E-12,583387.8034,-7201514.49,2.55795384873636e-12,-110166.2233,6674542.316,-343581472.7,564516.3883,-7805603.868,341436642.9,-13534298478,25.13113929,5867,0.568380547,45.80719124,-14,0.158461538,0.039791272,0.422660076,0.00662983,0.073934902,0.018708061,-0.000189606,0.000424531,0.00066944,415.3650872,281.1787185,353.9974535,66.84843647,66.84843647,342.5463522,81.52203012,110.0181803,10.81665383,2.876055587,1.414213562,80.19730805,67.07353797,NA,NA,0.21480428,-0.06531769,NA,-0.040563372,0.060538056,-0.076764092,0.207855796,-0.070796777,0.076284887,-0.074487865,-0.047087689,-0.021619442,0.043080778,-0.058724092,-47.44771038,721.4224023,0.280893131,1648,91894,5707482,376113430,94048,5134037,320102963,21209367995,5931644,310374413,19173573487,1.26449e+12,0.160060511,0.038910264,0.073137014,0.011801357,0.044452489,0.013926656,0.017375282,0.017573702,0.003169376,0.020558355,0.010030491,0.008377678,0.009398112,0.012848752,0.006857037,0.003654327,0.005161358,0.008415733,0.007673853,0.001335316,0.009784027,0.005852827,0.004686886,0.005077256,0.004909657,0.007058808,0.005310429,0.004730993,0.001909845,0.002120085,815.7609223,219.0679612,0,4,4,4,27,22,6,353.5756893
200,200,20,5,blind_0162.tif,vhip,4713,51792,776,334,527,126,640.3015065,232.1294292,4713,-8.33E-11,9748464.559,71220586.37,-1.47E-10,5199049.081,195120879.3,40693235951,7484695.048,210546713.3,30538613869,2.19791e+12,74.90363462,24787,0.873803451,77.46468856,-27,0.09099861,0.013350487,0.775836184,0.229524818,0.266413662,0.056463159,0.006566182,0.027050633,-0.002200514,2957.227626,699.2883099,2068.420233,-1103.129446,-1103.129446,1588.095703,217.5215898,277.9082582,13.34166406,2.807185736,1.414213562,138.1572552,105.77624,NA,NA,0.4388755,0.046704846,NA,0.23406099,0.12795585,0.388713754,0.336960684,0.138071762,0.291713818,0.305822208,0.021445504,0.232159262,0.267591999,0.475904161,51.14110309,2106.226622,0.190139993,4713,533990,70250336,10239720926,500188,61871103,8828869129,1.39398e+12,60569362,8176690897,1.25708e+12,2.12122e+14,0.077697072,0.016302796,0.041427705,0.012316125,0.013227923,0.001629272,0.02320064,0.010499802,0.003826548,0.011388051,0.002923259,0.002816118,0.010318896,0.010009974,0.002266407,0.003824781,0.008548863,0.001464859,0.001293508,0.002812184,0.00217222,0.009046116,0.003255376,0.001769756,0.002696436,0.005934966,0.003690839,0.001011658,0.001681675,0.001497298,640.3015065,232.1294292,0,5,5,5,60,55,10,868.2884662
201,201,20,6,blind_0162.tif,vhip,2459,13230,287,330,161,225,227.704758,288.7511183,2459,8.72546479513403e-12,1954173.654,-22380464.49,-1.75E-12,-417163.6881,24019217.87,-910125546.5,1120035.684,-765205.2717,1010590495,-22519969609,42.17296519,8977,0.744762387,55.95441038,-24,0.185865457,0.023711873,0.508412688,0.038068895,0.088047806,0.006941652,0.000168665,0.001354273,3.16778031222058e-05,864.9842429,385.2025561,794.7025841,169.6476975,169.6476975,455.4842149,117.6424578,129.3560977,9.848857802,2.127612493,1.414213562,102.8190539,78.50631119,NA,NA,0.323181205,-0.074640196,NA,-0.068990524,0.080105538,-0.061210471,0.185231482,-0.002552006,0.067967238,-0.030543088,-0.048752454,-0.029702772,0.0286352,-0.020072164,-67.49674786,1141.56663,0.273922246,2459,164027,12895555,1098519773,156764,10039741,790471665,68359786393,11113916,687396569,54268856377,4.75335e+12,0.157093248,0.015480337,0.075357121,0.015910942,0.016940658,0.012000949,0.028699057,0.01794777,0.001954511,0.010242149,0.00420796,0.006497562,0.012991425,0.011381099,0.00380472,0.007366836,0.005253922,0.005582867,0.006997859,0.001641472,0.002725565,0.005562123,0.004103161,0.00971961,0.004680772,0.002946297,0.007209549,0.00310319,0.002357557,0.002936438,227.704758,288.7511183,0,6,9,6,30,26,9,453.5584483
202,202,20,7,blind_0162.tif,vhip,2406,18335,463,388,368,195,428.8133832,300.1134663,2406,2.44426701101475e-12,770115.2091,-14869440.08,2.26805241254624e-11,984559.9464,-14726419.82,1230904763,4575088.024,-9916075.788,1925821760,-47901124133,38.00405075,10566,0.943307038,55.34811961,-10,0.131224434,0.026312985,0.923364081,0.547744269,0.004961252,0.072400604,0.001356308,0.052686759,-0.000208059,2001.144249,220.46973,320.0811343,-409.2102853,-409.2102853,1901.532844,178.9366032,194.3296169,13.41640786,2.6244369,1.414213562,77.90941681,59.3928925,NA,NA,0.133034553,-0.052366742,NA,0.170079088,-0.051863058,0.08837666,0.790329528,-0.034922134,0.1382704,-0.070115014,-0.202658563,0.252269431,-0.052367777,0.128486752,13.68105833,1071.933116,0.227711528,2406,146317,9668147,666749911,252903,16364447,1121274867,79552107233,31158599,2091924763,1.4654e+11,1.05796e+13,0.081119965,0.016983154,0.035831253,0.012199879,0.01801404,0.008926806,0.014558308,0.009254842,0.002454741,0.013048606,0.012106669,0.001999118,0.005428083,0.007899148,0.00334612,0.004309186,0.008640152,0.01090198,0.002662731,0.001663029,0.000722366,0.005788521,0.005103439,0.002538127,0.003650884,0.004822369,0.008926943,0.003084512,0.001920122,0.002724928,428.8133832,300.1134663,0,7,10,7,35,34,3,513.8132823
203,203,20,8,blind_0162.tif,vhip,1990,11748,104,463,15,331,57.74070352,388.2668342,1990,1.93978166862507e-12,770024.203,2785494.395,-1.59E-11,661978.6864,13387144.02,619142263.5,1586559.311,24825631.92,1063897952,28343929031,28.89928137,7270,0.8917565,50.33633572,-10,0.169390535,0.034602937,0.59508182,0.154287223,0.167435862,0.087291868,0.010549403,0.034127518,0.000283767,982.9365624,201.2762587,386.9468357,-332.6526062,-332.6526062,797.2659855,125.4072765,141.3152504,11,2.633843857,1.414213562,70.65981591,56.74874571,NA,NA,0.194445646,0.015767745,NA,0.167162114,0.075780112,0.078565381,0.400636174,0.140529539,0.135002168,0.080625846,0.174944891,0.231425772,0.140183618,0.123767065,29.16813948,850.1097398,0.273727648,1990,85054,4405292,256893526,113961,5532752,322251140,20674992998,8112745,447388908,28545796088,1.95019e+12,0.126750136,0.020217067,0.060371928,0.021925037,0.029674373,0.007965734,0.023920087,0.016170015,0.00692306,0.02369818,0.005173467,0.006563009,0.003938748,0.012704479,0.00245372,0.002927507,0.013296771,0.001611637,0.005806178,0.003951845,0.004891135,0.009504457,0.003398244,0.001583306,0.003043789,0.004394741,0.003645137,0.003208037,0.003938338,0.001504188,57.74070352,388.2668342,0,8,12,8,35,34,9,363.4457462
204,204,20,9,blind_0162.tif,vhip,2909,13284,970,432,862,309,926.4372637,380.4912341,2909,-1.90E-11,1089923.801,-16376967.43,4.05009359383257e-11,294632.1502,-14660717.83,908312520.4,2340707.026,-5757614.798,1250482738,-37789066912,23.92966345,9595,0.757965284,60.85929539,-5,0.218985245,0.041789138,0.405402613,0.026695793,0.000241231,0.023057156,3.59494783308182e-05,0.003684606,-4.08E-05,827.3066353,352.0095652,374.673015,-101.2829667,-101.2829667,804.6431854,115.0517543,132.9097438,19.23538406,4.65508049,2.236067977,88.97031367,75.0476718,NA,NA,0.128797874,-0.035881797,NA,0.034817108,-0.032121508,0.036898111,0.276604739,-0.012614885,0.050797991,-0.028461851,-0.111771603,0.015025461,-0.032455804,0.026352391,12.61294328,935.2874093,0.303178739,2909,187448,13168560,972632420,207968,13695521,964746467,71278995257,17208596,1145244455,80864831429,5.97902e+12,0.209525426,0.04870139,0.075158068,0.02580799,0.053425083,0.015895923,0.000108823,0.029030546,0.012276134,0.02266905,0.01399125,0.006211078,0.01382831,0.014142858,0.010727574,0.008331733,0.007313572,0.003605342,0.003180876,0.003739371,0.014354386,0.002739074,0.0034665,0.009949262,0.00228059,0.006230422,0.002506566,0.004687336,0.00276521,0.000946197,926.4372637,380.4912341,0,9,13,9,22,20,4,338.8772054
205,205,20,10,blind_0162.tif,vhip,1763,7120,423,535,343,446,376.683494,491.2246171,1763,-3.91E-12,586557.3897,4358920.62,-1.00E-11,-199647.6636,-3922412.856,-142822742.3,612083.0516,4690245.654,261661258.2,5139264790,24.26776298,5375,0.707480571,47.37849003,-13,0.24761236,0.04120693,0.385641978,0.016571064,0.013980772,0.005610836,2.30848046531158e-05,0.000471931,4.40070422343053e-05,453.4177037,226.4691036,332.7041348,113.2431444,113.2431444,347.1826725,85.17442844,108.0046295,10.44030651,2.549712684,1.414213562,73.45126621,60.19556178,NA,NA,0.188714767,0.033400132,NA,-0.064233207,-0.030055401,-0.026063962,0.196927211,0.035938902,0.047751002,0.022336643,0.001719299,-0.041525702,-0.016221458,-0.018274574,-43.17112145,733.2396821,0.328,1763,59384,2586818,131006594,79731,2485971,99615779,4705991199,4217887,128705439,4991524847,2.28646e+11,0.192432175,0.026199234,0.095571978,0.015849855,0.032961604,0.006562219,0.021014901,0.017997526,0.007572457,0.019991971,0.010414444,0.001358136,0.001045968,0.016720516,0.007414676,0.005871449,0.006759002,0.006214916,0.004629817,0.000437482,0.005394825,0.010035749,0.007188781,0.005221071,0.003424113,0.006149425,0.005056818,0.003237583,0.000905874,0.000526477,376.683494,491.2246171,0,10,14,10,17,12,9,228.1787187
206,206,20,11,blind_0162.tif,vhip,3402,24220,332,595,159,455,239.1002352,521.9459142,3402,-8.52E-11,5506728.82,73980092.11,6.71604993840447e-11,2160242.443,20311777.38,9097421743,2809620.048,-973830.6816,6121723423,91208258216,79.67288265,15777,0.871573578,65.81459512,-43,0.140462428,0.012551322,0.718561726,0.193664149,0.020957161,0.012659141,0.000203106,0.005006824,3.55421417196013e-05,1970.837483,473.7095093,1618.673962,-634.9918998,-634.9918998,825.87303,177.5764616,202.0024752,11.3137085,2.013946531,1,98.34370925,87.05947478,NA,NA,0.475800694,0.109592061,NA,0.186652528,0.030089305,0.231055016,0.242761032,-0.001442606,0.155478656,0.03971587,0.000940302,0.118906574,0.009490869,0.129658062,60.98745572,1845.556529,0.215630348,3402,272501,27334123,3145630319,227750,20403071,2196291485,2.66146e+11,18056552,1734599041,1.95553e+11,2.45243e+13,0.1061527,0.008370831,0.053957322,0.015461499,0.01075683,0.000731245,0.022486608,0.010294273,0.005926489,0.008578353,0.001399468,0.001026534,0.014968023,0.006777849,0.006438274,0.002359111,0.006495485,0.002751511,0.002102055,0.000770427,0.008739783,0.010006278,0.003783771,0.002272106,0.00151378,0.005191105,0.003653565,0.001446392,0.002652758,7.8522645315904e-05,239.1002352,521.9459142,0,11,17,11,59,61,4,998.5138653
207,207,20,12,blind_0162.tif,vhip,2994,22294,691,636,549,479,626.509018,549.8303273,2994,-2.05E-11,1966732.257,-41154161.44,3.90798504668055e-11,1162414.581,-38256767.62,2826148927,3470499.806,-28840256.88,2360771659,-96736935659,54.92767979,13181,0.821472807,61.74203752,-28,0.134296223,0.018205757,0.606560712,0.095404747,0.124785192,0.021201575,-0.000830072,-0.005417674,-0.000707258,1370.409641,445.6331326,656.8912012,-388.2480231,-388.2480231,1159.151572,148.0761772,162.3607095,11.40175425,2.539078817,1.414213562,101.8758977,84.44009783,NA,NA,0.219402539,-0.083904309,NA,0.129675358,-0.077997159,0.105302736,0.387158174,-0.058798959,0.087962709,-0.065873546,0.106934201,0.081495764,-0.052075566,0.060285341,28.55201446,1437.561579,0.227145133,2994,232062,19953630,1810311078,212066,17599442,1555260602,1.43105e+11,18491204,1569063218,1.38953e+11,1.27386e+13,0.144608038,0.033926288,0.048992784,0.012688409,0.039074359,0.003498748,0.002634842,0.004274301,0.005824364,0.023514796,0.001584957,0.006462985,0.00866101,0.008725985,0.001472505,0.003629257,0.009344758,0.002690157,0.005109497,0.002843909,0.015501336,0.003483999,0.002100163,0.001871366,0.004050945,0.003911519,0.001532462,0.002454972,0.005619858,0.002573929,626.509018,549.8303273,0,12,19,12,62,56,9,786.1046987
208,208,20,13,blind_0162.tif,vhip,756,1558,788,585,747,547,766.6825397,563.3465608,756,-9.81E-13,74579.80952,73518.57748,-2.32E-12,-41831.8254,-117153.7357,-8413945.039,57299.20106,78478.59326,6334826.049,29841441.34,2.060697207,945,0.886708356,31.02529767,1,0.485237484,0.485272653,0.230744888,0.022342415,0.000825661,0.000102535,1.52007518206065e-08,1.10433671944931e-05,2.5670866007752e-08,143.7226622,30.7204735,98.6505417,55.33310238,55.33310238,75.79259399,47.95375475,46.61544808,9.055385138,3.88734259,3.605551275,26.4342564,22.1704212,NA,NA,0.130490135,0.004678349,NA,-0.073191934,-0.007455069,-0.019473064,0.100254754,0.004993979,0.014661193,0.002511849,0.004458234,-0.012668452,-0.002042211,-0.003282691,-50.83512454,139.9177849,0.8,756,14880,367456,10241826,12358,201405,4242775,103469793,259310,3814745,72143611,1578047885,0.442967831,0.029762201,0.154485485,0.094092746,0.01120563,0.002192107,0.031313262,0.054499232,0.032197463,0.016156405,0.008874656,0.010053718,0.015053578,0.009727866,0.012612487,0.019301001,0.002448056,0.000631666,0.013372581,0.005299937,0.00248376,0.008477101,0.003097199,0.005443821,0.010617653,0.010003041,0.003209646,0.006328603,0.004018042,0.002927671,766.6825397,563.3465608,0,13,20,13,0,0,0,0
209,209,20,14,blind_0162.tif,vhip,2148,16884,552,626,418,500,504.2867784,581.1527002,2148,4.84163820146932e-11,1671919.345,-62123027.72,4.38831193605438e-11,-627105.0633,-5991333.999,-1136179338,1571909.914,31264844.95,1141473557,26702178807,25.36506671,8864,0.747626315,52.29644866,-10,0.127221038,0.0394243,0.703055213,0.074362868,0.552796035,0.087140258,-0.018598048,-0.021189517,-0.004460252,1047.95633,462.2062676,778.3609611,291.9483535,291.9483535,731.8016361,129.4886145,158.4045454,13.60147051,3.250464801,2,84.71963023,85.99593177,NA,NA,0.362365438,-0.290513903,NA,-0.135916366,-0.028018046,-0.11464208,0.340689775,0.146207815,0.115176274,0.058133535,-0.229500908,-0.176125628,-0.122554326,-0.101352154,-47.27953022,827.4467889,0.24232852,2148,185344,17664656,1750632298,174316,14414061,1319321447,1.25374e+11,15718124,1285748589,1.16038e+11,1.08501e+13,0.108917788,0.052103884,0.006744695,0.015450474,0.026587764,0.014878273,0.028087858,0.014347424,0.019232453,0.006628227,0.01036068,0.011025295,0.012516454,0.000612164,0.014714389,0.003420666,0.012195936,0.002992224,0.011367851,0.003697771,0.00221055,0.006239935,0.001862444,0.003198287,0.006332584,0.005183234,0.006031927,0.002814359,0.003264217,0.004372906,504.2867784,581.1527002,0,14,21,14,28,30,7,360.3036115
210,210,20,15,blind_0162.tif,vhip,1497,9696,166,658,70,557,111.8269873,614.7628591,1497,3.5385028240853e-12,512840.1897,2635584.338,1.50635059981141e-12,-397351.4195,444480.3578,-350040149.4,756332.815,202007.1564,277411969.2,-1625543875,21.51873491,4849,0.889640604,43.65821341,-5,0.154393564,0.046471133,0.566339986,0.137559651,0.01646673,0.012236085,8.11771093271533e-05,0.003549301,0.00015355,701.5169059,146.2940525,342.578617,265.43181,265.43181,505.2323413,105.9446577,110.9819805,10.63014581,2.661375538,1.414213562,60.66372219,48.38083132,NA,NA,0.228843432,0.030396419,NA,-0.177309158,0.00512623,-0.104340391,0.337496554,0.002329766,0.082691295,-0.012523404,-0.110791182,-0.103789912,0.013044004,-0.048763489,-36.4826103,636.2447327,0.308723448,1497,62615,3131837,176532011,86471,3219470,148108314,7817232152,5751145,194850768,8278307772,4.03674e+11,0.146994033,0.005536434,0.069689345,0.025121161,0.016884517,0.005474559,0.030764834,0.023001446,0.001713267,0.022151654,0.001736244,0.010109519,0.016046036,0.016496836,0.000657439,0.002883595,0.012123156,0.007559248,0.006842509,0.007710199,0.007312052,0.011728457,0.001663499,0.006509097,0.000830835,0.002165231,0.009091732,0.003079703,0.006851227,0.002918377,111.8269873,614.7628591,0,15,22,15,25,22,4,281.2203497
211,211,20,16,blind_0162.tif,vhip,702,2392,560,659,508,613,536.9900285,631.5940171,702,4.19220214098459e-13,117506.9302,-757855.8347,2.17070805774711e-12,42587.15812,-14410.85012,8921922.592,53333.29487,86494.28366,9149163.168,-15096823.58,6.341225693,1504,0.87672608,29.89672491,-5,0.293478261,0.157698219,0.346669721,0.046829931,0.006568977,0.00296439,3.69687942743435e-06,-1.57E-05,-1.25E-05,197.6382597,45.72388423,167.3887895,-60.66546741,-60.66546741,75.97335452,56.23355009,51.623638,7.615773106,2.607691296,2,31.91069382,27.04777528,NA,NA,0.238445569,-0.058042194,NA,0.086418045,-0.001103689,0.025789749,0.108224152,0.006624371,0.026446612,-0.001647046,0.019008926,0.026142287,0.003098991,0.007008621,63.49789417,236.5157646,0.466755319,702,20351,707483,26565155,13053,420994,15609746,608995078,296041,10252464,394878952,15760846392,0.327399112,0.08210698,0.053221497,0.054578104,0.071032039,0.025098341,0.001484394,0.01144754,0.005686007,0.025972961,0.026220691,0.009233071,0.012741883,0.022771472,0.018458406,0.010445388,0.012296895,0.006145302,0.012479747,0.017011334,0.001221905,0.006650598,0.002157977,0.015232623,0.001746696,0.004562279,0.003195693,0.00927662,0.01380132,0.009801311,536.9900285,631.5940171,0,16,23,16,4,1,3,28.5563494
212,212,20,17,blind_0162.tif,vhip,820,2294,890,646,828,609,864.8243902,628.2158537,820,-6.96E-13,130812.7122,-864445.5938,-1.00E-12,-18452.91707,-83124.88551,-3844214.96,55120.7939,290504.7179,7466880.673,82444836.63,7.017131826,1575,0.789585903,32.31186201,1,0.357454228,0.142508367,0.276522168,0.015684507,0.008147213,0.00105601,1.17731611152135e-06,3.8817537658021e-05,2.86499850311675e-06,164.7215885,62.0265897,159.5276978,22.50355741,22.50355741,67.22048037,51.3375634,61.52235366,9.848857802,2.878051167,2,34.94928229,31.50278456,NA,NA,0.194545973,-0.044895523,NA,-0.027443363,-0.004317143,-0.00697214,0.081976196,0.015087544,0.013542463,0.005221737,-0.00862481,-0.005615751,-0.001898272,-0.001600262,-77.00354111,268.900541,0.520634921,820,30196,1242762,54533704,15757,561789,22438573,959815947,357905,12760961,507071969,21592454519,0.275214633,0.06939123,0.10862364,0.031367064,0.05410183,0.007718069,0.026868712,0.007317932,0.005059706,0.033461157,0.004672292,0.012152272,0.00957627,0.004146269,0.0071285,0.013909786,0.01211865,0.007541591,0.008626648,0.010934291,0.016737357,0.007249352,0.003056423,0.010659384,0.013280317,0.003202604,0.006025215,0.006112943,0.005572132,0.005678564,864.8243902,628.2158537,0,17,24,17,2,0,3,7.242640674
213,213,20,18,blind_0162.tif,vhip,2518,14601,985,905,828,812,900.7168388,848.2732327,2518,-6.39E-12,3184973.106,14797410.96,-2.42E-13,-563431.1851,866334.2121,-2059524529,843992.0159,-24367613.27,2023162453,-64448417774,36.43039372,9539,0.885485006,56.62170232,-23,0.172453942,0.027449607,0.635450984,0.167911946,0.077095527,0.002390154,2.82026616180783e-05,0.000197745,1.60410571828855e-05,1315.933976,284.131601,1264.882091,223.761392,223.761392,335.1834853,145.1032171,165.7105911,13.03840481,2.627936557,1.414213562,90.13032569,67.42481454,NA,NA,0.502336017,0.046510009,NA,-0.088864731,0.002722991,-0.129002994,0.133114966,-0.076590284,0.126725373,-0.080448365,0.035817005,-0.053507797,0.043673864,-0.072760325,-77.14777185,1073.654942,0.263968969,2518,183101,16499499,1677791171,91336,6078234,517414632,50050545792,4157044,237044544,18769529646,1.73832e+12,0.114834789,0.004958526,0.061855313,0.017151229,0.003630582,0.005007607,0.036246132,0.016651313,0.005413068,0.001892253,0.007239862,0.007302505,0.021886924,0.013938058,0.000904957,0.005129344,0.003742829,0.004942392,0.006480718,0.005172434,0.01679553,0.009510298,0.001578621,0.003472241,0.002283041,0.005108164,0.001613652,0.006655748,0.003042559,0.003266187,900.7168388,848.2732327,0,18,25,18,33,32,8,409.0020965
214,214,20,19,blind_0162.tif,vhip,2046,14278,897,997,776,879,820.6085044,941.1388074,2046,2.45847786572995e-12,1113005.412,13619293.94,8.72546479513403e-12,749994.1848,4539766.9,920833737.5,1183680.579,-3477931.356,792458616.6,3463923937,35.5787326,7462,0.889207021,51.03967191,-18,0.143297381,0.028106679,0.548643657,0.128681567,0.028225219,0.003065843,2.50495179955336e-06,-0.000584212,-2.84E-05,928.2352012,194.289721,543.990915,-366.5660727,-366.5660727,578.5340072,121.8678104,141.0141837,10.29563014,2.295856917,1.414213562,70.30081685,55.7551391,NA,NA,0.265880213,0.071926764,NA,0.179162303,0.0239756,0.10751383,0.282763444,-0.018367791,0.09252513,0.008941258,-0.038021204,0.116422075,-0.022925135,0.057746827,43.65119082,956.4295449,0.274189225,2046,91269,5184379,344185701,127136,6421341,393603133,27392941647,9083760,494942505,31735567705,2.26917e+12,0.130278903,0.040441037,0.046763118,0.006612325,0.037545793,0.008325112,0.000901435,0.003888558,0.000177295,0.017815609,0.013126203,0.003081186,0.000204339,0.010498052,0.006791209,0.00482331,0.008945527,0.010780826,0.00353046,0.001916105,0.003718348,0.010460358,0.010237322,0.00692281,0.003471176,0.006252346,0.00591014,0.003562584,0.005129134,0.000333508,820.6085044,941.1388074,0,19,26,19,29,37,5,457.1147965
215,215,21,1,blind_0167.tif,vhip,762,1739,468,61,431,14,449.1548556,44.53543307,762,-7.96E-13,53509.72703,-83045.67924,3.46034312315169e-12,-26138.1811,117119.6283,-3385874.866,85387.54331,239452.921,5993413.773,11839069.02,2.392768191,1045,0.782243545,31.14817062,1,0.438182864,0.417925984,0.239212444,0.011119803,0.008022605,0.002128011,8.78283632555522e-06,0.000185595,4.14816418584841e-07,131.3165724,50.96330995,70.22273889,34.30207494,34.30207494,112.0571434,45.83737731,53.33854141,11.18033989,3.909768363,3.16227766,27.01578167,28.5554366,NA,NA,0.092155825,-0.005181191,NA,-0.045015846,0.007307053,-0.007652547,0.147056619,0.014939385,0.013545946,0.000969338,-0.052393515,-0.023983626,-0.004902207,-0.003469238,-29.31270421,151.3675324,0.729186603,762,13834,304664,7391008,23268,396289,8471097,202835287,795886,13092367,276096167,6581838613,0.341022331,0.098652451,0.109149987,0.050513502,0.065585448,0.001622061,0.002010387,0.036422594,0.02562749,0.011894572,0.009242616,0.00420762,0.014823437,0.009169515,0.0208991,0.014849724,0.010984644,0.00993537,0.000621248,0.002083383,0.017209101,0.012018743,0.011741575,0.008536237,0.009816059,0.010672394,0.00376186,0.001716817,0.003249581,0.001697622,449.1548556,44.53543307,0,1,1,1,0,0,0,0
216,216,21,2,blind_0167.tif,vhip,684,1836,151,228,115,177,132.498538,203.9166667,684,-6.82E-13,42878.99854,-47638.18421,-7.67E-13,-37311.58333,-229194.0982,-5220440.394,103290.25,567238.9189,8689875.518,84727466.7,3.142031477,1029,0.890443373,29.51094456,0,0.37254902,0.31826543,0.312423584,0.042113246,0.020443872,0.007725675,9.69990346932681e-05,0.001574366,-4.26E-06,177.0324375,36.66529429,62.68859435,54.54909844,54.54909844,151.0091374,53.22141486,52.81098371,9.486832981,3.252531023,2.828427125,25.45140242,24.22074955,NA,NA,0.091649992,-0.003893274,NA,-0.079750144,-0.018731095,-0.016313188,0.220773593,0.046358115,0.027154715,0.010123434,-0.058226116,-0.046555513,-0.019040247,-0.010522553,-25.50403421,164.3380951,0.664723032,684,11969,252319,5868215,18411,284854,5256596,106426372,598853,9037684,160342150,3093127798,0.309720383,0.074003568,0.086050437,0.067541494,0.055211289,0.024348424,0.002454853,0.044751375,0.018456994,0.006894767,0.023317592,0.00869691,0.014868033,0.010369428,0.015824382,0.017342603,0.004032815,0.007346384,0.002865581,0.004357246,0.013460756,0.011376823,0.011676967,0.016831811,0.012721102,0.006845067,0.005148733,0.004110057,0.003441692,0.002689198,132.498538,203.9166667,0,2,2,2,0,0,0,0
217,217,21,3,blind_0167.tif,vhip,848,1900,1007,260,957,222,981.3785377,241.6615566,848,-7.89E-13,116413.4894,329642.3076,2.91322521661641e-13,-14003.35967,-544755.8987,-7505049.066,54155.86675,166492.503,9219580.038,120106921.5,2.856645748,1283,0.756084379,32.85889733,1,0.446315789,0.350060906,0.237197062,0.009012363,0.005864448,0.001340202,2.26468855896125e-06,3.26705895655385e-05,-3.00E-06,140.8233431,60.31976552,137.2800582,16.51339584,16.51339584,63.86305041,47.46760464,50.21951812,10.77032961,3.814854657,3.16227766,35.26107195,31.06632016,NA,NA,0.161886861,0.015741761,NA,-0.019473344,-0.02601431,-0.01230739,0.075310201,0.007950694,0.015119018,0.006763672,-0.001893928,-0.007318095,-0.006051798,-0.004096209,-77.88965218,174.4741341,0.660950896,848,20673,620391,21129849,16673,392460,10970334,343132476,381973,8927780,241081722,7200596636,0.408367245,0.110857219,0.099642686,0.036157946,0.07969207,0.015437761,0.032899651,0.017414909,0.0165532,0.018364539,0.011687286,0.017918253,0.013469049,0.019615796,0.014200622,0.014527874,0.004162382,0.014997847,0.008579282,0.008325186,0.008149997,0.002699981,0.009907173,0.009435169,0.007166767,0.009474704,0.010368391,0.005360516,0.002917314,0.004578333,981.3785377,241.6615566,0,3,3,3,0,0,3,8.414213657
218,218,21,4,blind_0167.tif,vhip,813,2124,847,287,788,251,808.7367774,268.6592866,813,1.22923893286497e-12,136449.6704,1586682.751,1.3962164757686e-12,37922.08733,598488.3276,24394582.78,49492.62239,23716.54782,10744642.98,191257449.5,2.873475237,1262,0.875127416,32.17364993,1,0.382768362,0.348010655,0.281317721,0.030474882,0.015971082,0.008173812,9.27494784546104e-05,0.001425002,1.09259588543635e-05,185.3185881,43.39271912,167.8347729,-46.64463386,-46.64463386,60.8765343,54.452708,62.03224968,12.08304597,3.873002107,3,31.6227766,26.34926007,NA,NA,0.206438835,0.084190626,NA,0.057373473,0.031756258,0.045396436,0.074878886,0.001258419,0.019994951,0.012482496,-0.002221997,0.007219745,0.00440172,0.006338332,69.45248707,171.3380951,0.644215531,813,16859,486051,17324867,14357,335640,10754566,416492610,303027,7646874,261271496,10638769392,0.269008251,0.071729265,0.102844907,0.056242834,0.054628808,0.011491199,0.017044524,0.043883885,0.019326251,0.009864739,0.010488878,0.003638068,0.012871936,0.01494288,0.01035425,0.012257724,0.006218282,0.007202588,0.003346015,0.003110996,0.015136544,0.011564341,0.009540561,0.008610975,0.008298604,0.002865857,0.007036046,0.008171025,0.004837909,0.002377967,808.7367774,268.6592866,0,4,4,4,0,0,0,0
219,219,21,5,blind_0167.tif,vhip,1010,2744,336,627,287,571,315.3316832,597.3693069,1010,-1.60E-13,97861.88614,-642743.276,-7.32E-12,-61792.71782,369334.1009,-25697444.79,262327.2485,-568739.2649,31470010.97,-327550147.1,5.326467967,2032,0.852672679,35.86045092,0,0.368075802,0.187741672,0.353091986,0.040670817,0.003058017,0.001397561,-1.51E-06,-0.000215451,2.46205354125119e-06,280.1548381,76.46806754,96.89295657,61.18090873,61.18090873,259.729949,66.95130625,67.2086304,7.810249676,2.808433763,2.236067977,36.58380933,34.97840878,NA,NA,0.09593362,-0.019825955,NA,-0.060575157,0.01139242,-0.024941687,0.257158365,-0.017543239,0.030544483,-0.010003523,-0.010341613,-0.019319249,0.004221471,-0.009639012,-18.46128613,260.0071427,0.497047244,1010,28615,908573,30643843,26633,692765,20826391,664950899,964621,23501735,676396813,20704067009,0.284696024,0.046174629,0.089901058,0.048152366,0.048035655,0.013781437,0.011274884,0.035954754,0.011566487,0.041885118,0.014517645,0.001108263,0.013440309,0.003334553,0.003219218,0.015309374,0.01967122,0.007248651,0.008952387,0.002565765,0.006346721,0.014943954,0.003030588,0.016416618,0.008289277,0.001963814,0.010680037,0.008284098,0.008422032,0.002595662,315.3316832,597.3693069,0,5,5,5,1,0,2,7.414213657
220,220,22,1,blind_0170.tif,vhip,1306,7910,484,152,371,82,444.9479326,109.62634,1306,2.27515783990384e-11,877318.4594,-32317298.79,-3.34E-13,258106.5911,-8425573.966,659547643.2,272385.6539,-266053.8645,220070122,-10497984333,11.60412754,4348,0.904298627,40.77806819,-2,0.165107459,0.086176233,0.674061824,0.217386573,0.47224538,0.287117786,0.102730292,0.124431174,-0.024981449,744.6218776,135.7028646,671.759923,-197.6313868,-197.6313868,208.5648192,109.1510423,118.1058847,11.66190379,3.200467484,2,56.02764602,46.596629,NA,NA,0.514364413,-0.524296684,NA,0.151325717,-0.136691514,0.296085161,0.159697411,-0.0043163,0.098794224,-0.13040817,0.049021117,0.044876367,-0.03342179,0.081821607,69.7622786,436.3980156,0.300367985,1306,96576,8018914,690416586,36080,2926148,251280568,22098279932,1269144,107845602,9433979514,8.38156e+11,0.119209323,0.035211982,0.038220901,0.031035149,0.034519763,0.00450874,0.003497071,0.030199517,0.009410542,0.011367781,0.011214533,0.003347495,0.007276437,0.021431292,0.00719198,0.005551786,0.008636778,0.012866465,0.002342448,0.001622728,9.52246941411421e-05,0.008946623,0.008858016,0.002588756,0.005314084,0.006390672,0.010369285,0.000336431,0.000447361,0.000897394,444.9479326,109.62634,0,1,1,1,15,12,3,159.0243886
221,221,22,2,blind_0170.tif,vhip,1202,7387,1003,196,914,113,948.4342762,146.5748752,1202,5.25801624462474e-12,463699.3078,3547384.824,5.84066128794802e-12,233531.9151,1922025.736,206404936.2,349815.7612,4223887.41,209635376.5,4448625495,20.03166048,4449,0.86191075,39.12076089,-1,0.162718289,0.049920974,0.563062581,0.110717446,0.033966055,0.039805193,0.000852523,0.013239587,-0.001189717,538.37874,138.4224821,385.7731346,-194.2861191,-194.2861191,291.0280875,92.81195958,99.24716621,7.810249676,2.175277183,1.414213562,61.58609552,47.06123367,NA,NA,0.320942708,0.070818567,NA,0.161635706,0.03837055,0.11885205,0.242119873,0.084323993,0.120712201,0.073885669,0.087072581,0.119189871,0.077495472,0.092470872,51.85148546,550.0670632,0.270173073,1202,41390,1888934,100525760,40357,1623196,81425754,4610805430,1704797,78608948,4253687902,2.51707e+11,0.155277758,0.04049231,0.048857943,0.031894497,0.023746491,0.01260594,0.012189504,0.020475819,0.014443244,0.00732507,0.011795055,0.010742364,0.006346811,0.008852893,0.01193631,0.00936305,0.005326515,0.00354287,0.012542592,0.001932591,0.001032372,0.009700412,0.00830116,0.009663837,0.003330202,0.001936258,0.006272671,0.011004572,0.00181317,0.004620214,948.4342762,146.5748752,0,2,2,2,17,13,4,228.4924265
222,222,22,3,blind_0170.tif,vhip,907,4602,457,367,398,289,429.1719956,317.7353914,907,-5.04E-13,109695.1687,-304921.8706,-5.60E-12,-104705.7211,-450695.7707,-20640800.13,342878.4939,-541301.5801,35837371.07,132587883.5,9.971292954,2617,0.904613024,33.98276426,0,0.197088223,0.100287897,0.550141874,0.145145793,0.105753507,0.062692863,0.00495098,0.021422515,0.001243494,422.2637893,76.71489056,120.9428541,115.4418093,115.4418093,378.0358257,82.19623245,82.73451517,9.219544457,2.636147539,2,44.55181583,35.03481481,NA,NA,0.13334383,-0.012307515,NA,-0.127278731,-0.018191364,-0.027663343,0.416798044,-0.021848472,0.048030188,0.005900358,0.266236183,-0.118058964,0.009279632,-0.021592421,-20.96279123,337.119841,0.346580053,907,28273,991021,37426015,26063,707730,21498908,707437584,1091809,27475044,752513726,22045157634,0.168711215,0.047166519,0.043950491,0.035046342,0.044056234,0.007272703,0.006452696,0.025664658,0.021033662,0.018867311,0.014744381,0.006559866,0.007108526,0.012094218,0.014635006,0.007946442,0.0102378,0.012915573,0.014466908,0.001918488,0.006212326,0.003263514,0.002119452,0.004116683,0.00672732,0.009837282,0.005586868,0.010459824,0.002400687,0.000861329,429.1719956,317.7353914,0,3,3,3,4,3,2,57.35534
223,223,22,4,blind_0170.tif,vhip,1435,13120,323,391,259,186,298.1505226,293.769338,1435,2.04636307898909e-12,237981.4871,-3754863.705,1.97815097635612e-11,386774.823,-10108246.95,380393060.5,2875392.651,-19024559.68,1261892391,-31179341932,24.29374396,7660,0.968378449,42.74457564,-8,0.109375,0.041162861,1.511915472,1.781507207,0.554441934,0.747382885,0.477097629,0.917314937,0.061991535,2042.468942,127.1297607,165.8407576,-269.5294934,-269.5294934,2003.757945,180.7747302,210.5231579,8.94427191,2.206772811,1.414213562,51.5896678,45.1007336,NA,NA,0.115568472,-0.048135382,NA,0.187825431,-0.129582421,0.128729144,1.396347,-0.243884872,0.427038095,-0.278538538,-0.684117189,1.195293297,-0.748601012,0.764732873,8.173176004,661.8782464,0.187336815,1435,56181,2437497,110308617,154649,6441364,282864064,12859553140,19541813,829412566,36838040706,1.69268e+12,0.041167696,0.0042366,0.024267068,0.007013119,0.007690926,0.00080511,0.014230833,0.006373822,0.003324291,0.009985977,0.002227406,0.000243626,0.006365558,0.005994817,0.002113426,0.002398594,0.009460229,0.004148347,0.000620341,0.00011586,0.001607742,0.004531486,0.001842846,0.001537186,0.001913269,0.007453933,0.004729547,0.001971063,0.000218087,9.0209590817183e-05,298.1505226,293.769338,0,4,4,4,20,18,2,289.7056307
224,224,22,5,blind_0170.tif,vhip,1386,6732,634,377,568,275,605.534632,326.1197691,1386,2.42295072894194e-12,225346.8377,-2645031.716,1.55893076225766e-11,152411.2511,-3529166.915,133079018.5,733062.1183,-5296287.444,235606100.9,-5161298065,18.37305719,4997,0.873969507,42.00845164,-13,0.205882353,0.054427523,0.49891252,0.095032553,0.059288653,0.013873939,6.18757624256909e-05,-0.00146622,-0.00039307,559.3799149,132.1128383,162.587906,-109.9648276,-109.9648276,528.9048473,94.60485526,105.3422992,10.63014581,2.692304981,2,54.53821269,45.97613961,NA,NA,0.117307291,-0.03698476,NA,0.079339702,-0.049347383,0.049982721,0.381605229,-0.074056549,0.088490539,-0.052070007,0.010056588,0.062719659,-0.056344899,0.050065954,15.48989815,565.6883835,0.27736642,1386,52023,2178011,96022431,70852,2811815,119251653,5288498711,4355000,173749491,7371379761,3.27514e+11,0.159025864,0.035167306,0.064196276,0.020009189,0.043837525,0.003505779,0.0147736,0.011620505,0.006735891,0.030831125,0.009384073,0.007134858,0.000787538,0.010120702,0.0110906,0.004227338,0.015983491,0.008939868,0.007548022,0.003753425,0.008648391,0.007739203,0.008912721,0.005564354,0.002784396,0.005660928,0.003487558,0.006354229,0.005544331,0.000267948,605.534632,326.1197691,0,5,5,5,21,18,7,202.7939414
225,225,22,6,blind_0170.tif,vhip,1579,11413,752,520,639,419,701.8651045,455.4851172,1579,-5.06E-12,838062.2673,-7867172.63,6.25277607468888e-13,327482.33,10640958.46,275492751,874496.4003,11966382.16,624356137.8,17188047994,34.89250299,6457,0.744250953,44.83798882,-20,0.138351003,0.028659452,0.686880517,0.06922278,0.222765068,0.071114805,0.000960852,0.006716045,0.008899113,750.0113733,334.5729633,530.7550774,-207.3985624,-207.3985624,553.8292592,109.5453421,122.2497444,6.08276253,1.72960853,1,72.6230783,73.16534298,NA,NA,0.336133678,-0.079407835,NA,0.131348045,0.107405228,0.069978364,0.350746839,0.120783481,0.158593723,0.109872524,0.156038998,0.205356633,0.177246624,0.178563796,43.40802647,832.0742059,0.244540808,1579,99264,7078304,542480892,57610,3949141,310068131,25957458043,2976404,222974793,18788282631,1.66607e+12,0.129602067,0.051154093,0.016729762,0.023071129,0.022899333,0.015663309,0.015340383,0.006933581,0.006313424,0.014045481,0.005732689,0.010892549,0.001102862,0.010859239,0.006628811,0.006382668,0.004583749,0.007833306,0.005709431,0.00228778,0.002771259,0.005084239,0.011207324,0.005162175,0.003883883,0.002828474,0.002059548,0.005570976,0.00056036,0.002766579,701.8651045,455.4851172,0,6,6,6,30,32,5,384.587883
226,226,22,7,blind_0170.tif,vhip,1233,10560,474,558,364,462,418.1046229,500.9635036,1233,-9.25E-12,786345.5036,3997610.415,1.15818465928896e-12,264506.708,2931596.331,369756322,546773.3577,13577517.89,604587624.9,21003053058,21.90533746,6161,0.779020542,39.62201861,-6,0.116761364,0.045650974,0.876885159,0.145914907,0.473574572,0.159766724,0.009929349,0.060917836,-0.042810016,776.0953626,305.1040383,637.7498002,-214.5228776,-214.5228776,443.4496007,111.4339526,122.0901306,6,1.886934648,1.414213562,82.6,69.86891021,NA,NA,0.517234226,0.074884645,NA,0.173984491,0.054915694,0.197254254,0.359650933,0.254338843,0.322529931,0.319088874,0.171752828,0.210505084,0.204081469,0.252090646,57.18207588,582.5878785,0.200129849,1233,66711,4395719,326916183,48042,2863801,202826281,15906274519,2418658,165050313,12806639817,1.06819e+12,0.102336562,0.01196999,0.041835258,0.013619053,0.021521582,0.011199667,0.015420877,0.012794963,0.008896191,0.017438347,0.008489713,0.005479054,0.001488348,0.012367925,0.008124902,0.002297974,0.010950383,0.008424039,0.00312004,0.005285028,0.005801129,0.008510144,0.006528149,0.002371734,0.001765724,0.00639815,0.007107492,0.001718701,0.00497746,0.002798827,418.1046229,500.9635036,0,7,7,7,14,12,5,192.5218634
227,227,22,8,blind_0170.tif,vhip,1105,8190,900,569,822,464,863.5104072,512.161991,1105,2.35900188272353e-11,491220.1303,-665565.8633,-1.71E-12,-417577.3629,159571.1704,-294484797,541646.0036,-1177285.334,380197524.3,-1122963052,21.29601061,4138,0.946075897,37.50906153,-11,0.134920635,0.046957152,0.84590089,0.469531975,0.0091202,0.008464082,5.60995006088292e-05,0.00514906,4.88168647078388e-05,845.9465198,88.77396343,444.5431044,377.898066,377.898066,490.1773788,116.3406391,124.8078523,6,1.730699333,1.414213562,46.75192558,37.68797441,NA,NA,0.402301452,-0.016397791,NA,-0.3419892,0.003931414,-0.218260952,0.443599438,-0.029005212,0.281787971,-0.025037877,0.076085145,-0.409720102,0.063317899,-0.290903963,-43.2723642,543.7949853,0.267037216,1105,45869,2395261,139544189,53219,1791565,80852497,4287512677,3104779,87480641,3447817341,1.68187e+11,0.090320967,0.006270938,0.046091466,0.017935051,0.004428454,0.003376812,0.022282166,0.017398482,0.008406134,0.003886626,0.004244282,0.001686932,0.014197234,0.014803372,0.006850863,0.005757305,0.003300432,0.00457987,0.002475372,0.001231482,0.011780125,0.010427971,0.005899608,0.005687798,0.004128035,0.003204911,0.002377965,0.0037462,0.000893665,0.001155544,863.5104072,512.161991,0,8,8,8,10,11,4,149.1665244
228,228,22,9,blind_0170.tif,vhip,1279,6460,153,660,68,584,118.0688038,624.2275215,1279,-2.12E-12,459115.9453,-868649.1168,8.55493453855161e-12,-345018.0219,448346.9428,-246723391.2,353372.7912,139174.1069,210897145.8,-647236743.3,14.07071757,3078,0.961389174,40.35434769,-15,0.197987616,0.071069581,0.496679528,0.182113516,0.001436116,0.000155523,3.95255501010918e-08,7.81253450265101e-06,6.19673025702673e-08,590.5316497,44.72146716,358.9647735,269.7560765,269.7560765,276.2883434,97.2034279,104.2017274,9.848857802,2.51225938,2,36.0021468,26.74964438,NA,NA,0.280660495,-0.014848002,NA,-0.21091171,0.007663689,-0.117923047,0.216019033,0.002378932,0.10079966,-0.008650003,-0.007876137,-0.099296108,-0.003502986,-0.06079105,-49.35619844,475.5523446,0.415529565,1279,64038,3665422,228629418,51451,2231072,113349910,6423054398,2423119,93703404,4298688650,2.23219e+11,0.149979129,0.033215326,0.065070101,0.023113538,0.035868722,0.016710635,0.015786258,0.015188163,0.004149703,0.023638563,0.025386345,0.005772672,0.007927182,0.000836025,0.003674943,0.0027386,0.016815981,0.015695045,0.008845855,0.00316061,0.007287529,0.009095395,0.006575675,0.002612522,0.002804973,0.012580102,0.005347195,0.00701472,0.003326294,0.002718242,118.0688038,624.2275215,0,9,9,9,8,8,4,110.225398
229,229,22,10,blind_0170.tif,vhip,1512,9506,566,828,469,730,499.6646825,794.8822751,1512,-5.54E-12,566172.994,12619133.08,8.38440428196918e-13,156362.3135,7064032.682,347011747.1,834047.045,6906663.029,295101482.9,9430918796,16.11294477,6035,0.67416125,43.87639675,-3,0.159057437,0.062061902,0.612481121,0.032441343,0.238001058,0.07429851,-0.008582429,-0.012299808,0.00489464,599.2025198,326.8689346,374.4530384,-103.4142285,-103.4142285,551.618416,97.91445408,104.6613587,12.04159458,3.054133489,2,78.48145679,72.31806796,NA,NA,0.247654126,0.141954787,NA,0.068395654,0.079464512,0.100389618,0.364826995,0.077694234,0.085372111,0.070165357,-0.240873363,-0.01319574,0.007614685,0.028602423,24.70863006,553.3097039,0.250538525,1512,46365,1987941,108301743,98102,3164629,145635769,8464817317,7199128,247955923,12032661859,7.22626e+11,0.162260513,0.073175758,0.004853695,0.018251151,0.03289985,0.023473314,0.044717001,0.018671145,0.020073453,0.016474239,0.007591534,0.00416662,0.009024175,0.003267144,0.011020948,0.003083738,0.015272711,0.007777106,0.007301785,0.006942795,0.009437947,0.006985035,0.004709791,0.000706433,0.003488922,0.005138667,0.00429673,0.002430509,0.00156269,0.00363112,499.6646825,794.8822751,0,10,10,10,13,10,3,217.9655153
230,230,22,11,blind_0170.tif,vhip,987,3192,693,916,636,860,664.1681864,889.2320162,987,-2.16E-12,103032.0811,-3392.487244,-5.43E-12,-74672.51469,-199133.7843,-24134378.02,239199.8683,153111.3614,42384393.46,50622456.11,6.189543498,2400,0.861724096,35.44978746,0,0.309210526,0.161562804,0.351306549,0.043040441,0.000245869,0.000934925,3.05648469342396e-07,0.000169264,-3.28E-07,275.7522308,70.98733292,104.3891399,75.65604325,75.65604325,242.3504238,66.42315629,74.41102069,9,3.048047492,2.236067977,48.31883709,33.70159235,NA,NA,0.105764073,-0.000110847,NA,-0.076652526,-0.006506569,-0.025100632,0.245542476,0.005002816,0.044081312,0.001675842,-0.023676106,-0.048982308,-0.008420069,-0.016694152,-23.82124537,277.0721138,0.41125,987,27802,886164,30762694,28852,738036,21498448,680547492,1082602,26282390,740451762,22843357682,0.22696179,0.022789226,0.108682341,0.035004148,0.017671089,0.008479706,0.040617797,0.036691322,0.016986808,0.009324459,0.012252955,0.004095217,0.017421227,0.028743073,0.017692836,0.007853281,0.009835789,0.009677502,0.008229577,0.003439959,0.01193076,0.01651159,0.010781672,0.005938541,0.005939849,0.007450355,0.007329025,0.009906688,0.007050963,0.002306434,664.1681864,889.2320162,0,11,11,11,2,0,3,18.65685457
231,231,23,1,blind_0183.tif,vhip,885,6120,870,180,798,95,823.0338983,148.6,885,1.90425453183707e-12,169906.9831,2515015.289,-3.69E-13,-134771,-3474172.783,-149835927.1,265814.4,4807198.742,179502386.7,6145442064,7.438616607,2485,0.890343072,33.56809493,1,0.144607843,0.134433599,0.556317001,0.133429407,0.326000546,0.215533551,0.056022006,0.076121348,0.011208535,407.8066297,84.53391608,191.9852916,152.2836158,152.2836158,300.3552542,80.77689073,98.99494937,10.63014581,3.055081246,2.236067977,40.53232983,36.77693105,NA,NA,0.216932533,0.10794001,NA,-0.172071882,-0.149105354,-0.216165383,0.339384468,0.206316471,0.258964609,0.298024303,-0.192620291,-0.28772031,-0.346463249,-0.455798206,-35.2068081,287.6223664,0.356136821,885,22155,724533,29159769,47436,1052737,28613109,898830061,2808384,60664547,1572544031,45414333635,0.114981326,0.050157695,0.025009055,0.036931894,0.025929823,0.01644478,0.006418659,0.030489984,0.009965803,0.003710355,0.017396331,0.002652209,0.004996446,0.014543787,0.012977801,0.004346481,0.005449183,0.010384266,0.007105101,0.003449785,0.000402162,0.005119636,0.009177505,0.003925293,0.006865635,0.004902545,0.00471612,0.003755655,0.003242177,0.004925172,823.0338983,148.6,0,1,1,1,2,1,1,70.91168886
232,232,23,2,blind_0183.tif,vhip,757,1715,249,208,214,159,231.8599736,182.6856011,757,1.23634436022257e-12,56027.1572,-120574.0749,8.73967564984923e-13,9939.673712,71732.17943,2303678.867,77499.17305,416381.4553,5742445.385,45430478.86,3.371812241,1145,0.599587236,31.04581027,1,0.441399417,0.296576419,0.233010319,0.002607414,0.007549588,0.000628826,8.00119878071957e-07,1.88413661038132e-05,-1.11E-06,107.5216905,68.86712093,74.0120967,-13.13034836,-13.13034836,102.3767147,41.47706653,48.37354649,9.848857802,3.43338338,2.828427125,32.40578515,33.19448651,NA,NA,0.097770273,-0.007647408,NA,0.017345242,0.004549612,0.005310486,0.135240046,0.026408983,0.013237599,0.003806376,0.012088578,0.007941591,0.003650539,0.001949492,21.39715732,179.0954544,0.661135371,757,13520,297494,7193948,17930,330169,7473101,186051697,502182,9856193,232449505,5970701921,0.403128639,0.092943634,0.123594447,0.018660159,0.054086221,0.042486367,0.002602585,0.014249537,0.030478107,0.022986278,0.020059028,0.012066592,0.014338589,0.01672198,0.020350817,0.013996138,0.016883695,0.005997434,0.012201328,0.007572322,0.007702977,0.006221352,0.004486416,0.009284748,0.001630127,0.010510939,0.003289608,0.008454444,0.012960233,0.005942013,231.8599736,182.6856011,0,2,2,2,2,0,2,5.242640674
233,233,23,3,blind_0183.tif,vhip,1372,5548,447,289,371,216,408.201895,254.3957726,1372,-3.35E-12,285771.0751,-1026207.582,-4.73E-12,-62916.62901,-1258560.382,-54606630.78,332304.0955,1635684.417,118108960.5,259873485.1,11.07409356,4156,0.597244024,41.79574925,-7,0.247296323,0.090300844,0.328347017,0.005079722,0.010813431,0.000231028,3.43646722053e-07,1.64652071382142e-05,-1.23E-07,274.1387592,176.3533476,208.2879556,45.85760132,45.85760132,242.2041512,66.22854481,94.17536833,13,3.360681196,2.236067977,64.90591086,53.11923909,NA,NA,0.151813379,-0.014718039,NA,-0.033423908,-0.018050481,-0.0211438,0.176533638,0.023459256,0.045732034,0.002716581,0.005615895,-0.02393655,-0.004573971,-0.014899151,-34.85282684,436.9543648,0.33012512,1372,51041,2184593,101507243,52679,1896842,77939340,3441153638,2354955,84413008,3464190750,1.51948e+11,0.196965233,0.024260757,0.110951465,0.005701007,0.02153164,0.011254408,0.055988717,0.006417894,0.012084573,0.014057525,0.014363073,0.004989241,0.028630829,0.010543369,0.010113507,0.005388324,0.011543388,0.011677116,0.006162596,0.003636683,0.008548235,0.010437037,0.005069109,0.008029605,0.002112496,0.004604316,0.009373774,0.000707053,0.007733374,0.00105483,408.201895,254.3957726,0,3,3,3,9,4,5,107.6396118
234,234,23,4,blind_0183.tif,vhip,1244,5175,766,296,697,221,742.6897106,261.9614148,1244,6.30961949354969e-12,220410.2283,-2235057.971,-7.96E-12,144520.1061,-1533603.693,74445344.92,273604.1479,-1609641.284,64255481.02,-1116314003,6.731215346,2919,0.863719293,39.79836672,-2,0.240386473,0.148561582,0.319226419,0.036066225,0.004811256,0.008788567,5.63858648535597e-05,0.00158874,-9.31E-06,316.6835363,80.43412942,177.1786401,-116.1737187,-116.1737187,219.9390257,71.18241764,76.69419796,14.03566885,4.026975545,3,45.56367674,35.87403059,NA,NA,0.14242656,-0.040948485,NA,0.093387234,-0.028097145,0.038670199,0.17679986,-0.029490229,0.033377134,-0.016440501,-0.03376524,0.04010923,-0.014701373,0.012749666,39.78608716,324.3858223,0.426173347,1244,56838,2817322,146628528,50956,2472685,127074055,6775426267,2360834,118095677,6171587283,3.3275e+11,0.264862169,0.058719027,0.098219052,0.048064262,0.056334777,0.017084504,0.012464161,0.034454523,0.006395661,0.024383221,0.022877536,0.007960587,0.003228802,0.010355279,0.008212157,0.005478355,0.007752322,0.007339664,0.007656233,0.003618958,0.007661339,0.015233936,0.006642036,0.005179637,0.005366859,0.006400975,0.002706082,0.002242932,0.003982364,0.002690484,742.6897106,261.9614148,0,4,4,4,7,4,3,81.25483525
235,235,23,5,blind_0183.tif,vhip,978,3021,76,430,23,373,45.89672802,390.4815951,978,-5.65E-13,144498.5695,95452.0389,-4.09E-12,66204.6411,224843.3441,20467247.13,135054.1687,1174985.077,31004819.11,378724143.2,5.821762133,1961,0.802452544,35.28779215,1,0.323733863,0.171769299,0.292271212,0.019261289,0.014645447,0.006537317,5.85573806318944e-05,0.000780103,-2.57E-05,210.7865108,75.05473486,147.7490486,-67.69390706,-67.69390706,138.092197,58.07395434,71.21797526,12.04159458,3.708272965,2.828427125,39.90547938,34.65365432,NA,NA,0.151072647,0.003191083,NA,0.069216674,0.007516798,0.021879776,0.141198565,0.039281242,0.033144589,0.012946042,0.061283043,0.043279624,0.019785396,0.013805876,47.03992279,267.4863274,0.49872514,978,22393,657225,21760843,17097,457670,14745924,520451390,433937,13425448,470327498,17524006480,0.245510307,0.072918203,0.091506688,0.036277644,0.061309916,0.007427835,0.000811812,0.034641792,0.017849591,0.018817359,0.006157704,0.008066138,0.002117244,0.013856067,0.017886358,0.00705596,0.005846983,0.011229855,0.010424032,0.003365711,0.011328423,0.002931694,0.007450658,0.006539364,0.005455576,0.009172113,0.003821408,0.00411151,0.006205306,0.002727395,45.89672802,390.4815951,0,5,5,5,4,2,2,62.42640764
236,236,23,6,blind_0183.tif,vhip,998,1764,340,408,291,372,315.2234469,388.5861723,998,4.61852778244065e-13,149321.1713,-167894.1898,8.45545855554519e-13,64351.28357,128444.6619,17359300.29,74436.08918,176112.9792,12614158.21,54203053.99,1.812830211,1147,0.893943863,35.64678198,1,0.565759637,0.55162364,0.224654982,0.022350394,0.000563616,5.97650549729647e-05,-2.92E-09,-3.96E-06,1.0573252385571e-08,186.7035759,37.50209599,149.6204122,-64.48024406,-64.48024406,74.5852597,54.65580677,53.26349594,10.63014581,4.602255102,4.123105626,24.90180915,24.49558197,NA,NA,0.149920253,-0.00533592,NA,0.064609463,0.004082157,0.017463874,0.074734729,0.005597125,0.012690147,0.001726104,0.003644215,0.010380078,0.001536256,0.002666729,60.09640824,150.7817459,0.870095902,998,24175,734923,24868621,16553,465322,15435624,552447898,348987,10764464,374681254,13823515184,0.445814263,0.035579427,0.159589392,0.094916954,0.02791058,0.014443342,0.029433353,0.052697106,0.032972795,0.017682894,0.004150851,0.006284909,0.001256775,0.004636664,0.014486794,0.010738386,0.004809437,0.006591632,0.004312968,0.005375666,0.007135137,0.005810277,0.006426516,0.00090598,0.00257331,0.008269069,0.006908441,0.003413348,0.005421675,0.005979125,315.2234469,388.5861723,0,6,6,6,0,0,0,0
237,237,23,7,blind_0183.tif,vhip,1534,5246,594,467,508,406,556.6818774,435.2861799,1534,5.6843418860808e-13,489002.7562,-7212016.194,-2.13E-12,295230.6558,-2434811.137,241222875.4,403135.367,256389.2479,154245925.4,-1427950911,5.92322489,2918,0.895288949,44.19445057,1,0.292413267,0.168826951,0.379124088,0.064293969,0.016830255,0.005778028,5.05153378585882e-05,0.00054852,-2.64E-05,485.2706549,96.30569665,318.7762426,-192.4580546,-192.4580546,262.8001089,88.11543836,94.62557794,11.18033989,3.489455826,3,39.00650686,39.25418635,NA,NA,0.207807199,-0.078251612,NA,0.125461574,-0.026418118,0.06682553,0.17131689,0.002781867,0.042730465,-0.010100073,0.017343666,0.034838794,3.21782954655174e-05,0.017103105,49.13709629,337.9066376,0.525702536,1534,74678,4124468,241185974,44925,2482264,147099866,9048068878,1718817,101223984,6213120798,3.92539e+11,0.216931534,0.019122309,0.101563056,0.036951404,0.037431804,0.007444473,0.024449797,0.030654506,0.015387792,0.035377263,0.004976095,0.007482526,0.018639544,0.018060304,0.011483985,0.008673493,0.020454433,0.005798554,0.009167107,0.005536994,0.026479217,0.006170438,0.007922326,0.005394606,0.005092639,0.004741861,0.007272663,0.005044186,0.008279493,0.004052718,556.6818774,435.2861799,0,7,7,7,3,1,2,10.24264091
238,238,23,8,blind_0183.tif,vhip,1349,4088,820,600,747,544,788.5611564,567.6360267,1349,6.75015598972095e-13,279448.2046,-2041569.832,-1.22E-12,66362.5278,-62694.21281,23937329.12,263326.2891,-1157652.142,80054448.77,-1235423382,10.87163659,3356,0.628717863,41.4439398,-7,0.329990215,0.091982471,0.298260356,0.005397828,0.000605092,0.002360752,-2.82E-06,-3.86E-05,1.06820007965952e-08,250.7320669,151.621153,207.1521161,-49.1938679,-49.1938679,195.2011039,63.33808547,82.97590012,8.544003745,2.772275936,2.236067977,53.43726727,49.25381659,NA,NA,0.15355976,-0.030544595,NA,0.036466915,-0.000937989,0.009750791,0.144700596,-0.017320013,0.032609912,-0.013701685,0.00928855,0.01097668,0.002439549,0.002569392,48.46285214,429.2975106,0.401966627,1349,56066,2609616,129645470,31885,1391540,67134466,3424314086,1016961,44245516,2154370450,1.11098e+11,0.249100024,0.065944237,0.098346309,0.013636753,0.057490165,0.01152745,0.010284013,0.01206437,0.007499141,0.016695938,0.019199866,0.004771392,0.02446032,0.011050242,0.007960447,0.005873004,0.009456626,0.016666025,0.010258389,0.004802475,0.002342868,0.008861481,0.000299624,0.006411796,0.003219736,0.012019769,0.008327803,0.006779571,0.01101322,0.002431311,788.5611564,567.6360267,0,8,8,8,11,5,11,85.01219428
239,239,23,9,blind_0183.tif,vhip,910,2380,1016,607,981,539,999.956044,569.4384615,910,-9.38E-13,51446.24176,-91337.80292,5.75539615965681e-12,6594.538462,253548.7704,-1532893.499,194020.0538,-201207.859,12768372.34,-86516114.93,6.650058484,1749,0.858383491,34.03891869,0,0.382352941,0.150374617,0.296421079,0.029896107,0.000490954,0.00253716,2.51364503324944e-06,0.000371323,-1.30E-06,213.5433237,56.19985827,56.5343316,-7.246745562,-7.246745562,213.2088504,58.45248651,70.21395873,8.062257748,2.915002532,2.236067977,32.9894768,29.98662589,NA,NA,0.062125639,-0.003656344,NA,0.007963457,0.010149813,-0.002034173,0.23429544,-0.008054553,0.016943821,-0.003805854,0.038840137,-0.005971157,0.011458542,-0.003826925,2.642609637,275.764502,0.520297313,910,17250,378438,9032784,27699,531658,12022632,294938878,1037135,19860224,456135758,11330362580,0.235019875,0.060204023,0.101303242,0.019379138,0.061153442,0.016632149,0.016938875,0.010114839,0.007131297,0.030137432,0.016427184,0.005428518,0.002136247,0.018079295,0.001856851,0.010370122,0.000674278,0.002553448,0.007076352,0.002403652,0.015563744,0.013928863,0.00365699,0.007867708,0.006702306,0.008736225,0.006587415,0.003045546,0.002244239,0.002908956,999.956044,569.4384615,0,9,9,9,3,2,1,61.35533983
240,240,23,10,blind_0183.tif,vhip,719,3245,89,722,30,667,62.80250348,693.0361613,719,6.82121026329696e-13,122929.9555,-961425.745,1.45661260830821e-12,74578.13491,-173721.4808,35620950.54,87067.05981,302220.9374,28668549.81,-77731626.84,6.175199778,1434,0.918846176,30.25655685,-2,0.221571649,0.161938081,0.406214425,0.088059333,0.023032457,0.002648146,-1.72E-06,-0.000409534,-2.06E-05,252.714966,39.35320548,170.9735125,-103.7248052,-103.7248052,121.094659,63.58804491,77.89736838,7.810249676,2.736033398,2.236067977,26.67865792,25.09285332,NA,NA,0.237793481,-0.069357515,NA,0.144262594,-0.012532315,0.095833827,0.168420944,0.021802301,0.07712924,-0.007799139,0.032195668,0.069272704,0.008265141,0.052884985,51.75974083,236.2081528,0.5013947,719,23585,896577,36513365,18720,688641,28062401,1209932481,574464,23029535,995681543,45044381699,0.150866716,0.015194695,0.089713248,0.020877199,0.022745144,0.004130352,0.04536066,0.017564723,0.01076796,0.025230724,0.003802465,0.002829262,0.012202222,0.012866212,0.01027439,0.007158258,0.020251039,0.003987467,0.00306531,0.00217561,0.00337399,0.006173154,0.011527008,0.005789428,0.005421629,0.011525081,0.004025834,0.003820189,0.002411512,0.001678782,62.80250348,693.0361613,0,10,10,10,3,0,3,14.31370848
241,241,23,11,blind_0183.tif,vhip,980,3660,671,894,611,833,646.1336735,859.2326531,980,4.47641923528863e-13,167215.4888,-2120524.164,5.34328137291595e-12,-55174.47755,220115.4583,-30635342.2,145888.9551,846688.4487,21073192.24,30973470.37,5.895531905,2091,0.726830523,35.32385531,-1,0.267759563,0.169619979,0.326014623,0.013694871,0.024144839,0.002139696,6.00434989519828e-06,0.000212941,-1.42E-05,217.0894578,102.4048727,170.6280498,56.3004873,56.3004873,148.8662807,58.93582378,70.21395873,11.70469991,3.346324246,2.236067977,46.95790608,40.47811708,NA,NA,0.174110255,-0.070530674,NA,-0.057449477,0.007321252,-0.032549514,0.151904368,0.028161673,0.022389897,0.001051232,0.011241178,-0.014045463,-0.005605665,-0.007077276,-50.46919131,269.4507935,0.468675275,980,34431,1376903,58004925,25708,848042,32462970,1309870136,820278,26771322,1016310410,40520961084,0.247246343,0.013933862,0.120454959,0.021721748,0.028400424,0.023222795,0.060288344,0.013609933,0.014741413,0.020463401,0.022205313,0.018263398,0.028806289,0.007267518,0.009831797,0.005451407,0.005035377,0.011970526,0.015152844,0.004621455,0.002810716,0.014079392,0.006484189,0.001242101,0.006083879,0.002572056,0.01024713,0.006557178,0.008075677,0.008146183,646.1336735,859.2326531,0,11,11,11,3,0,3,6.828427196
242,242,23,12,blind_0183.tif,vhip,1007,5123,512,942,403,895,444.9334657,914.4627607,1007,-5.46E-12,639472.5422,13454791.79,-1.71E-12,85164.00497,2162382.84,197788892.2,69958.35353,513252.8703,48477473.87,2110618709,10.17574922,3225,0.954886095,35.80715322,-2,0.196564513,0.098272862,0.699602185,0.343634768,0.172075863,0.195106622,0.035601542,0.113989514,0.003247354,647.4032585,57.09614141,635.0273507,-84.57200096,-84.57200096,69.47204918,101.7764813,108.9036271,8.062257748,2.486416988,2,43.2108886,30.22479549,NA,NA,0.630613059,0.418122276,NA,0.083984112,0.067198396,0.193692804,0.068989125,0.015949891,0.047473535,0.065133833,0.014581654,0.013467326,0.018612421,0.036326461,81.67466977,358.8416665,0.312248062,1007,42227,2410197,168153305,19599,907018,56213914,4191806176,451409,22757450,1489713842,1.15547e+11,0.10810727,0.024480474,0.045646555,0.027032967,0.024163793,0.007007976,0.016061026,0.020670684,0.013823732,0.015255621,0.008652896,0.004065531,0.004835085,0.010127188,0.013178689,0.008421539,0.005608313,0.007217926,0.005344148,0.00292146,0.000787301,0.003442198,0.008278573,0.008757426,0.005614131,0.004981805,0.002468255,0.006946913,0.003125693,0.002376636,444.9334657,914.4627607,0,12,12,12,10,6,5,75.42640764
243,243,23,13,blind_0183.tif,vhip,865,1612,266,948,214,917,234.1630058,932.5179191,865,-1.76E-12,120408.0162,644335.6456,2.76756395578559e-12,28850.97341,312572.737,11307119.15,45337.97225,-7707.112342,6447351.905,51209785.91,2.103073249,1093,0.852722143,33.18662692,1,0.536600496,0.475494613,0.221518913,0.016013532,0.002990276,0.000964969,1.62411673138566e-06,0.000121614,2.21688464277893e-07,150.5374627,41.07639674,139.2000187,-33.35372649,-33.35372649,52.41384076,49.07748367,53.75872022,12.08304597,4.369688347,3.605551275,28.94291464,25.63634818,NA,NA,0.160924877,0.029280055,NA,0.038559221,0.014204005,0.017470432,0.060594036,-0.000350228,0.009961691,0.002690274,-0.00288878,0.004030737,0.001125895,0.001555432,71.22631379,151.1959595,0.791399817,865,17441,472071,15018281,13423,299499,8801577,298454619,253635,6001751,184055441,6449748431,0.381090729,0.076937361,0.147887625,0.07275142,0.03424579,0.011990775,0.033387701,0.044915046,0.022122367,0.003510516,0.012038007,0.000755259,0.020025621,0.0042776,0.012156317,0.011364044,0.006960686,0.015853057,0.014130341,0.00187539,0.005179723,0.004982968,0.011425646,0.006303636,0.008721064,0.006089528,0.010959796,0.010834489,0.008214185,0.002347008,234.1630058,932.5179191,0,13,13,13,0,0,1,0
244,1,1,1,blind_batch2_0002.tif,mpfc,1324,6789,424,108,331,35,363.0717523,62.11555891,1324,-4.39E-12,582110.1835,14562269.34,9.73443547991337e-13,-169207.9781,-2197341.696,-225522934.8,277077.3195,-2377834.214,131582493.8,628244085.8,15.18012315,3924,0.832489465,41.05811926,0,0.195021358,0.065875618,0.490130785,0.067548156,0.141224092,0.036973112,0.001893817,0.004643882,0.001884489,496.5205656,152.4125938,439.6602595,127.8005877,127.8005877,209.2728999,89.13096572,110.3856875,11.18033989,2.893095981,2,49.43733461,49.38219821,NA,NA,0.332069682,0.228301674,NA,-0.096526124,-0.03444908,-0.097168782,0.158061103,-0.037278773,0.056693616,0.007439101,0.056434602,-0.055595535,0.021690214,-0.034393098,-66.01503581,502.5584412,0.337410805,1324,42463,1943973,114247477,35901,982200,39660980,2138802858,1250553,28553254,985607114,47080275316,0.1383479,0.045091545,0.050011001,0.01367611,0.046510704,0.008280886,0.010784296,0.022694069,0.008679279,0.017681149,0.016312637,0.002085092,0.020083119,0.014492568,0.007787347,0.007228663,0.003313802,0.011624036,0.003165407,0.000991544,0.006599403,0.003723284,0.003771713,0.009624133,0.003442371,0.004907342,0.005983617,0.002306072,0.00339629,0.000484822,363.0717523,62.11555891,0,1,2,1,11,9,3,152.0243887
245,2,1,2,blind_batch2_0002.tif,mpfc,1115,8118,374,209,275,127,330.0107623,159.9641256,1115,1.09423581307055e-12,491621.8709,-7480274.995,4.12825329476618e-12,-299984.5695,3618818.731,-285350914.8,410326.565,-3645736.643,203516028.9,-3796906602,19.43453791,4243,0.89627338,37.67840353,-6,0.137349101,0.051454787,0.725490909,0.237169968,0.024518342,0.118522801,0.006359869,0.057540569,0.0006118,675.9642359,132.9581281,440.9164761,269.044457,269.044457,368.0058879,103.9972489,100.895986,10,2.380461989,1.414213562,52.78335607,46.1229883,NA,NA,0.395440786,-0.18018988,NA,-0.241295477,0.087172532,-0.205851799,0.330050124,-0.087820949,0.146816213,-0.082029087,0.128913092,-0.156083089,0.088685948,-0.104943892,-48.85826648,521.8305192,0.262785765,1115,61337,3865817,259270253,36755,1721936,98047336,6135062702,1621923,65800026,3307493046,1.87742e+11,0.134482574,0.013242869,0.049573869,0.028905847,0.031722982,0.002526926,0.009957931,0.027288496,0.005495558,0.02431797,0.00478371,0.006253731,0.00590511,0.014801932,0.010048032,0.003856583,0.010141663,0.010431453,0.001390607,0.006035531,0.004224069,0.006750977,0.007044103,0.003968067,0.003450246,0.001341502,0.0094951,0.002626587,0.003666352,0.002312312,330.0107623,159.9641256,0,2,4,2,13,10,3,191.1370873
246,3,1,3,blind_batch2_0002.tif,mpfc,2246,17052,171,243,55,96,115.5832591,155.6429207,2246,2.67164068645798e-12,1433263.931,-2304138.459,1.03170805232367e-11,-682515.2262,9892071.116,-1489613001,1336963.622,-9571558.321,2096111244,-43033333075,37.84181834,10575,0.81319709,53.47612568,-19,0.131714755,0.026425791,0.549156263,0.073587121,0.017628652,0.010905442,0.000118368,0.002355498,-9.41E-05,921.338088,312.0668777,638.1406636,303.8803322,303.8803322,595.2643021,121.414206,176.963273,12.20655562,2.648826704,1.414213562,94.27109901,70.66165894,NA,NA,0.284123181,-0.009637939,NA,-0.135298456,0.041377367,-0.131475308,0.265033082,-0.0400367,0.185005684,-0.08014397,0.050480527,-0.186436127,0.09957911,-0.21336099,-47.01771128,1033.465079,0.212387707,2246,136070,9676828,757613240,133958,7433097,504348363,37979364189,9326610,474050469,31581909839,2.36519e+12,0.09131741,0.013881668,0.058324094,0.007739388,0.017303033,0.001890175,0.03345592,0.003319299,0.004729939,0.014266027,0.0012444,0.002306558,0.017457007,0.000753349,0.003717968,0.002996669,0.011254891,0.001588473,0.004371931,0.001523829,0.008409594,0.001243406,0.001534727,0.002795614,0.001880582,0.00886196,0.001534915,0.003925067,0.002727147,0.001175559,115.5832591,155.6429207,0,3,6,3,28,22,6,456.9432231
247,4,1,4,blind_batch2_0002.tif,mpfc,2320,20330,594,241,404,134,473.2775862,191.0280172,2320,-1.91E-11,3926103.234,160283250.1,5.35749222763115e-12,-443365.0431,-42117990.55,-5608673666,1249773.179,-17093619.57,3901900841,1.3285e+11,40.42038876,14758,0.8398017,54.34993785,-25,0.114117068,0.02473999,0.961629833,0.274386254,0.85960705,0.349066737,0.158414219,0.16798116,-0.107081978,1723.120545,507.8606672,1692.285877,191.105622,191.105622,538.6953357,166.0419487,213.3588526,9.899494937,2.493908754,1.414213562,101.5032564,90.14305672,NA,NA,0.729433568,0.618255769,NA,-0.082373113,-0.162460461,-0.449154978,0.232196265,-0.065934706,0.312472839,0.220878468,-0.047320805,-0.035212076,-0.143001075,-0.306313037,-80.83438574,1085.54834,0.157202873,2320,160724,15060674,1747632302,132305,8722406,755331866,78918196004,8794865,541624940,44701545204,4.43067e+12,0.06488985,0.015847555,0.031707775,0.010756366,0.015892727,0.000779761,0.011805314,0.012070527,0.003340919,0.010664116,0.003120806,0.003032672,0.003931913,0.009466875,0.002820122,0.003784251,0.005639568,0.007085676,0.004302281,0.001770176,0.000600854,0.005766122,0.005050372,0.004044082,0.002059694,0.002620996,0.006796568,0.004026853,0.002793077,0.000618857,473.2775862,191.0280172,0,4,7,4,38,35,5,514.5412024
248,5,1,5,blind_batch2_0002.tif,mpfc,1931,10296,874,306,775,202,834.9171414,250.9746245,1931,9.37916411203332e-12,1081880.743,-19894121.46,1.22213350550737e-11,-127599.0601,-5204662.814,-51342125.04,699985.7566,556349.1906,521273819,-9260724932,25.47060529,7703,0.640223529,49.58452945,-10,0.187548563,0.039260944,0.477870933,0.015173694,0.02922316,0.014250564,0.000282515,0.001103583,-6.90E-05,580.3161716,342.4526007,560.2696751,66.07926467,66.07926467,362.4990972,96.35900967,116.1808934,10.63014581,2.841532683,2,94.21178591,74.02189953,NA,NA,0.290144834,-0.121414088,NA,-0.03422023,-0.031764126,-0.007130615,0.187726099,0.003395407,0.072396754,-0.029268942,0.013815455,-0.014163069,-0.01201569,-0.007982361,-73.12375285,786.1686143,0.250681553,1931,115700,8014294,589945868,94570,5538765,372001635,26531223399,5331516,307507315,20315822729,1.42472e+12,0.180792915,0.02401162,0.076273175,0.013430405,0.033771589,0.010208275,0.016450877,0.024620785,0.010458366,0.027796982,0.005453453,0.004490077,0.000787795,0.019709991,0.010543619,0.007275131,0.011471573,0.005765004,0.008954048,0.002284379,0.007774541,0.009935457,0.003492624,0.005290288,0.001221397,0.002870965,0.007023915,0.011069925,0.004686981,0.001197964,834.9171414,250.9746245,0,5,9,5,16,13,5,306.8477669
249,6,1,6,blind_batch2_0002.tif,mpfc,3516,19481,530,381,369,260,451.9001706,313.2047782,3516,-1.23E-11,3235107.96,15664604.69,2.58637555816677e-12,460647.8771,-23292694.26,1426043607,1873724.56,-4779389.82,1693561591,-45761654156,41.36031736,12839,0.697758479,66.90822251,-10,0.180483548,0.024177764,0.413260534,0.017681296,0.0170887,0.000229228,3.57427817131278e-07,1.67885025514775e-05,2.79424547977561e-07,960.2750963,492.7489422,920.1103413,-131.0147546,-131.0147546,532.9136973,123.9532232,168.8668114,15.65247584,3.073317146,2,106.9900227,88.79179622,NA,NA,0.261692361,0.021369643,NA,0.037262444,-0.031775878,0.032808487,0.151568173,-0.00652004,0.03896318,-0.017755409,0.0288233,0.025627809,-0.002647603,0.016965869,72.95620685,1351.827561,0.273853104,3516,291477,27398601,2823395307,187068,15968617,1510819369,1.55349e+11,11826636,1024668089,96985265813,9.88265e+12,0.154487187,0.021690956,0.086492262,0.010743689,0.016063785,0.002748993,0.045733948,0.004113746,0.004599267,0.011689081,0.005226167,0.007214966,0.0211938,0.001832019,0.006716252,0.00629361,0.007865169,0.004697348,0.005578589,0.005332723,0.010238723,0.003806751,0.007322601,0.006374814,0.003331678,0.006514352,0.001164101,0.004301376,0.003747271,0.001498392,451.9001706,313.2047782,0,6,11,6,28,24,7,390.5168152
250,7,1,7,blind_batch2_0002.tif,mpfc,2399,19912,1012,446,881,294,961.3814089,358.822426,2399,4.40536496171262e-12,1269948.011,-32155334.61,1.50635059981141e-11,676774.4802,-10287237.94,1795693259,2506048.353,-1047052.961,1311371133,-32437637114,41.56443937,10869,0.808456972,55.26754624,-10,0.120480112,0.024059028,0.656101562,0.101443285,0.068082915,0.022670373,-0.000889897,-0.006286747,3.66210691709888e-05,1169.036523,404.9511235,529.3655735,-282.1069113,-282.1069113,1044.622073,136.7647044,158.4455743,11,2.260824888,1.414213562,81.20045294,80.49358966,NA,NA,0.220660931,-0.114071569,NA,0.117593544,-0.036494143,0.130059299,0.435440631,-0.003714437,0.094980593,-0.047967087,0.130285561,0.079738814,-0.012915255,0.080135121,23.79838082,1119.38896,0.220719477,2399,192835,16770297,1520025187,155509,13176807,1185604271,1.10965e+11,12586519,1098415405,1.00575e+11,9.564e+12,0.118453604,0.035481918,0.039436879,0.003563624,0.033919457,0.00645717,0.002008217,0.011423242,0.004516783,0.018492777,0.006477492,0.004640737,0.008022988,0.014870185,0.003948257,0.001974919,0.005762992,0.009417438,0.004514155,0.005867089,0.012028265,0.005528196,0.004463857,0.001404966,0.001922672,0.00467885,0.005048706,0.005173952,0.005653112,0.001947277,961.3814089,358.822426,0,7,12,7,26,20,12,409.031534
251,8,1,8,blind_batch2_0002.tif,mpfc,2508,18564,875,454,693,352,790.3971292,400.8827751,2508,2.03357330974541e-11,4245518.459,-70414792.96,2.89901436190121e-12,-675439.244,57384882.04,-3429061944,1044463.536,2928024.79,2824483658,-38690445508,49.34321263,12596,0.89042056,56.50915659,-18,0.135100194,0.020266212,0.841006068,0.305109421,0.375279604,0.074816644,0.008132891,0.024290129,-0.00954038,1747.289963,361.9532571,1692.790454,269.3138931,269.3138931,416.4527655,167.2023905,185.6986807,12.08304597,2.420414447,1.414213562,89.97396381,76.1002767,NA,NA,0.674956321,-0.223534765,NA,-0.107381935,0.182170757,-0.217366561,0.166049747,0.00929514,0.179042639,-0.048973074,-0.012117746,-0.06822321,0.038571463,-0.118064321,-78.55987455,1247.045815,0.199110829,2508,244272,28036910,3487302372,122598,11265254,1296335162,1.64585e+11,7037394,622315308,73044840196,9.59271e+12,0.091413615,0.008483565,0.045738566,0.014583533,0.010685032,0.008494564,0.028804399,0.009793309,0.002260666,0.012879001,0.006029839,0.005686932,0.019191456,0.007933115,0.002697742,0.004044137,0.009488932,0.002244655,0.004510032,0.002948958,0.007783386,0.009045655,0.000281612,0.004813929,0.003473268,0.007325631,0.002486634,0.00246969,0.00145233,0.001263661,790.3971292,400.8827751,0,8,13,8,47,45,11,648.0092435
252,9,1,9,blind_batch2_0002.tif,mpfc,1919,20433,386,519,247,372,322.7800938,422.9598749,1919,6.69331257086014e-12,1680227.2,-11235502.45,3.83693077310454e-13,815703.0672,-14691916.72,1581595612,1377427.91,12602185.9,1917325923,-22131859187,29.48197587,10719,0.838772044,49.43022038,-14,0.093916703,0.033919029,0.83030671,0.203017588,0.445272362,0.052843616,0.0075793,-0.00260893,0.002874013,1229.005743,364.3528346,875.5743614,-425.0667364,-425.0667364,717.7842159,140.2287128,171.9651127,11.40175425,2.635056225,1.414213562,99.35661883,76.35211427,NA,NA,0.456265952,-0.069647425,NA,0.221504292,-0.091073289,0.223805383,0.374040759,0.078119318,0.27131326,-0.071491677,0.320794519,0.374401935,0.069511644,0.30279604,50.25740223,843.1808076,0.179027894,1919,145422,12700320,1205851488,97792,8226390,756142912,73744396794,6360896,577767734,55821687260,5.61481e+12,0.08239009,0.026956746,0.029387314,0.000993329,0.026036322,0.003965177,0.008676933,0.007942922,0.009429617,0.020040132,0.000466911,0.004799716,0.004337579,0.012955452,0.004464694,0.003354417,0.01000998,0.004940318,0.005914335,0.003270017,0.012470133,0.009359238,0.004072509,0.00029834,0.003714942,0.00353536,0.005132149,0.006591601,0.003534733,0.002137769,322.7800938,422.9598749,0,9,15,9,28,25,9,373.4457488
253,10,1,10,blind_batch2_0002.tif,mpfc,1325,6804,198,491,144,365,170.1169811,431.5132075,1325,-3.81E-12,228864.8679,38718.26486,-1.28E-11,-146524.5472,556033.7318,-27231909.7,627791.0189,1014861.479,80868988.33,192816374.5,17.99973439,4616,0.855821277,41.07362167,-17,0.194738389,0.055556375,0.487949241,0.079494622,0.025735007,0.014330055,0.000273312,0.003785236,3.20990181712462e-05,510.0568605,136.4758843,172.7282022,110.5845639,110.5845639,473.8045425,90.33775383,127.2831489,7.810249676,2.193210169,1.414213562,51.14513722,46.72915737,NA,NA,0.130360907,0.000605865,NA,-0.083460048,0.008700845,-0.011706591,0.357588334,0.015880606,0.034764371,0.002277133,-0.127268342,-0.095848971,-0.010552735,-0.013150263,-18.15040596,547.4518395,0.287045061,1325,34605,1132643,41574453,88130,2155165,68238195,2481752347,6489600,151011987,4628755553,1.66002e+11,0.103974811,0.014473694,0.067020932,0.009681626,0.018313218,0.004925671,0.038765377,0.010276383,0.003423914,0.012345542,0.008188368,0.00267584,0.015895684,0.011358461,0.001803556,0.002431669,0.003918961,0.009112254,0.003785183,0.001888224,0.00464077,0.008857395,0.00295167,0.00196042,0.001929193,0.003310418,0.009036283,0.003936614,0.001690135,0.001667408,170.1169811,431.5132075,0,10,16,10,24,24,2,236.6345614
254,11,1,11,blind_batch2_0002.tif,mpfc,3082,19152,897,607,785,436,834.6894873,511.8455548,3082,-1.42E-12,2664259.839,10152630.45,-1.01E-11,732425.196,-19767608.47,667981473.4,4353532.484,72272889.82,3993223894,1.07727e+11,63.42195662,14378,0.695162956,62.64283101,-33,0.160923141,0.01576741,0.738814216,0.055410216,0.198263757,0.028202807,-0.001706029,-0.000714047,-0.001239762,1501.254471,775.7709422,864.458092,-237.6460727,-237.6460727,1412.567321,154.9841009,172.6991604,11.18033989,2.221263846,1,109.8574859,111.4106596,NA,NA,0.280486078,0.019252937,NA,0.077107746,-0.037486297,0.022817419,0.458328138,0.137054669,0.136403577,0.066284213,0.098892642,0.04257905,-0.024423708,-0.002710745,20.46507392,1567.260064,0.214355265,3082,153143,10273857,785426729,233756,12347641,832246441,62717553163,22082886,1280662565,89068226541,6.76793e+12,0.124089554,0.024742443,0.042797077,0.011225125,0.021381412,0.011675204,0.001391912,0.014429915,0.007110627,0.009889732,0.01663785,0.005058329,0.004421389,0.007736935,0.009966945,0.003768577,0.008013267,0.013244649,0.008173165,0.0028144,0.001652792,0.005549335,0.006968989,0.003704798,0.001873215,0.003234778,0.005543926,0.010959394,0.000898823,0.002054379,834.6894873,511.8455548,0,11,18,11,63,63,6,846.7737497
255,12,1,12,blind_batch2_0002.tif,mpfc,3355,23936,608,567,432,431,511.6438152,499.4345753,3355,-3.86E-11,4423589.359,59423134.46,2.34194885706529e-11,-742767.6826,-67127529.59,-3954167870,2364114.389,24450193.21,3531147073,1.5154e+11,61.32320166,16006,0.737910138,65.3583864,-44,0.140165441,0.016307042,0.603028489,0.050894627,0.101050261,0.025512925,0.001250099,0.004602825,-0.000339636,1390.021565,633.1390158,1318.506515,221.3912616,221.3912616,704.6540654,149.1319719,180.8673547,14.2126704,2.779040531,1.414213562,114.3978429,100.6490152,NA,NA,0.392997471,0.091143194,NA,-0.065988454,-0.102960194,-0.104707437,0.210031018,0.037501702,0.093505732,0.069279141,0.008284878,-0.039645909,-0.031436187,-0.045512165,-72.09821416,1607.916918,0.209608897,3355,267205,25704815,2811275737,229598,17543293,1573656863,1.58261e+11,18076556,1362474097,1.17424e+11,1.11499e+13,0.129217208,0.025192529,0.056207651,0.013511244,0.024261273,0.003628628,0.018178009,0.010298153,0.006304806,0.016147103,0.003842631,0.005396197,0.008015879,0.011040097,0.00691036,0.005408574,0.012023981,0.002789014,0.00598218,0.001228966,0.001338386,0.009636726,0.004366453,0.007377865,0.003040121,0.009172773,0.002898056,0.001809964,0.00331119,0.002210296,511.6438152,499.4345753,0,12,19,12,60,56,8,837.1168914
256,13,1,13,blind_batch2_0002.tif,mpfc,1333,6298,316,631,249,537,285.819955,583.2693173,1333,5.94013727095444e-12,366742.7892,-2155377.591,1.52766688188422e-12,13289.63616,-486197.3606,61855144.24,398988.3151,721624.0047,78817087.63,-306941319.8,19.9925328,4161,0.321709641,41.1974309,-8,0.211654493,0.050018675,0.430939189,0.000553071,0.004812231,0.000599689,5.05079302888861e-07,1.29701808132044e-07,8.84716768907127e-07,302.8953642,271.5465745,275.1258734,-9.969719549,-9.969719549,299.3160653,69.61555737,93.13431162,7.071067812,1.873937407,1.414213562,58.04317982,65.91468115,NA,NA,0.206396004,-0.033223699,NA,0.007479159,-0.007494406,0.02611472,0.224543185,0.01112335,0.03327591,-0.003549358,-0.00305377,-0.022068441,-0.000691987,0.003120395,19.74900129,578.7005769,0.320355684,1333,49081,2173903,104894539,61677,2284234,101077458,4915599202,3252741,121717206,5372439814,2.6157e+11,0.195668471,0.019688748,0.088039898,0.002005162,0.003690958,0.006259067,0.035671469,0.011969601,0.016700274,0.004827352,0.01471605,0.011246683,0.013880025,0.014897453,0.01187398,0.006177886,0.005674582,0.019503492,0.012902046,0.004229111,0.000815941,0.011180681,0.004509966,0.001301256,0.003473659,0.006231053,0.012358294,0.006098883,0.002238118,0.003426127,285.819955,583.2693173,0,13,22,13,12,9,6,141.438602
257,14,1,14,blind_batch2_0002.tif,mpfc,1880,10486,179,647,81,540,133.2276596,594.0755319,1880,6.86384282744257e-12,827754.5617,-8603708.937,-1.65E-11,62558.67234,-956562.4083,201469661.6,910509.2745,-4359311.948,443354902.6,-10592038030,29.71798759,7768,0.39860363,48.92535482,-4,0.179286668,0.033649654,0.491812991,0.001801371,0.001786815,0.010239449,-2.60E-05,0.000237277,-3.52E-05,502.2002156,422.4082079,440.2949796,-33.27588954,-33.27588954,484.3134439,89.63929635,114.4027972,12.20655562,2.584539008,1.414213562,92.1588689,82.21028723,NA,NA,0.234199457,-0.056142415,NA,0.017699941,-0.006241927,0.030320483,0.257613534,-0.028446139,0.066723369,-0.036764364,-0.049293875,0.010824495,-0.007217932,0.015625631,28.25934025,837.902633,0.242018538,1880,98188,5955884,388921540,101662,5372127,327645619,21594660969,6407936,337077975,20490869335,1.35113e+12,0.182387273,0.027583748,0.071331397,0.00713247,0.029945404,0.004045504,0.01088149,0.009930868,0.008465738,0.023548805,0.009716099,0.006288471,0.001051019,0.014158384,0.01349048,0.001626733,0.011590438,0.010075282,0.007128532,0.004983924,0.008385319,0.010595072,0.006915929,0.002321587,0.004030238,0.002970003,0.008849521,0.004661816,0.00777613,0.002156186,133.2276596,594.0755319,0,14,23,14,15,9,10,255.9066407
258,15,1,15,blind_batch2_0002.tif,mpfc,2576,10780,709,672,632,532,674.8955745,598.3629658,2576,7.60280727263307e-12,697536.9095,-4398654.216,3.75166564481333e-12,482930.6378,-5139474.751,405820020.5,2536119.627,-1448954.735,1023224435,-403235492.5,31.44145231,8117,0.884400759,57.27010623,-16,0.238961039,0.031805147,0.487306464,0.097954334,0.009440654,0.001606327,1.39601050503275e-06,9.54374439944761e-05,6.09759186715801e-06,1030.764548,224.5369027,270.7829618,-187.4730737,-187.4730737,984.5184887,128.4220883,146.4137972,14,3.122817994,2,69.97151645,59.93822188,NA,NA,0.105117609,-0.013060361,NA,0.072776814,-0.015259984,0.02374083,0.382188854,-0.004302196,0.059859533,-0.000464781,0.051382951,0.077231094,0.002895342,0.024188665,13.85712962,1008.855952,0.31735863,2576,110499,5437455,288686595,170951,7815972,397137340,21568357536,13880935,658079146,34329090486,1.91474e+12,0.152881401,0.020125826,0.076149513,0.021942771,0.014114926,0.01099717,0.045355265,0.011113637,0.00569572,0.010494626,0.005972076,0.005534737,0.032293571,0.007205091,0.003419363,0.005687062,0.010211974,0.005619678,0.004795025,0.002750984,0.015260152,0.008772621,0.009246563,0.004202899,0.004478474,0.005612524,0.00040943,0.006200409,0.004686314,0.003062967,674.8955745,598.3629658,0,15,24,15,23,21,5,375.2741744
259,16,1,16,blind_batch2_0002.tif,mpfc,2945,11571,959,717,872,584,912.7809847,641.4879457,2945,-1.24E-11,981033.7351,-517977.9259,6.11777295489446e-12,48287.72496,4772470.406,-134338497.7,2055923.822,19915097.73,883535754.6,14312593212,20.92228664,9352,0.724140638,61.23471613,-16,0.254515599,0.047795923,0.350161283,0.01548384,0.016424483,0.003823729,2.39228510803956e-05,9.52152356378579e-05,-1.86E-05,698.8416676,332.3833094,333.118416,-16.39651102,-16.39651102,698.106561,105.7424545,133.7535046,17.4642492,4.128636149,2.828427125,82.94638174,72.92553017,NA,NA,0.113113214,-0.00110052,NA,0.005567576,0.010139814,-0.005259502,0.237048068,0.04231255,0.034591407,0.010325707,0.035961134,0.01735625,0.008834266,-0.000358801,2.56702903,879.9381669,0.314905902,2945,120100,5878830,319241542,169302,6952590,346672772,19043000364,11788748,506223774,26357311992,1.49564e+12,0.199335679,0.058818846,0.077212651,0.012628635,0.050840585,0.002407499,0.017572035,0.023416079,0.009347588,0.020275907,0.004259597,0.005584256,0.007176641,0.019897794,0.01107579,0.003221292,0.011332372,0.011939457,0.011174651,0.005259423,0.00502386,0.007395103,0.00653961,0.004638021,0.001123298,0.00854154,0.010352917,0.008735076,0.003813251,0.002011977,912.7809847,641.4879457,0,16,26,16,26,19,10,300.6345633
260,17,1,17,blind_batch2_0002.tif,mpfc,2279,15300,824,755,734,585,782.6099166,686.8889864,2279,5.32907051820075e-12,557686.2159,-1709709.37,-1.10E-11,-364832.6911,1558216.922,-77510013.22,2846118.914,-5331746.17,455053772.2,-2750168687,37.05640816,9360,0.909635315,53.86754981,-19,0.148954248,0.026985886,0.655354126,0.213869333,0.027669549,0.017943212,0.000383433,0.006150623,-0.00011325,1273.749297,219.8027561,244.7065449,160.0845507,160.0845507,1248.845508,142.758498,169.5788902,9.848857802,2.294162556,1.414213562,86.45157885,59.30298557,NA,NA,0.107374526,-0.006895432,NA,-0.070243331,0.006284448,-0.006548244,0.5479796,-0.021503475,0.038444104,-0.00486692,-0.137191718,-0.064354241,0.004983459,-0.011496533,-8.84242526,1030.16966,0.243482906,2279,110782,5942790,341386978,232205,10922633,571594093,32347081769,26505251,1208741429,61445875133,3.40028e+12,0.100904577,0.020888508,0.050330772,0.019114723,0.011034691,0.008267107,0.023046939,0.014482352,0.008589059,0.007105153,0.002990759,0.005692128,0.007918342,0.009383288,0.00763194,0.004345589,0.008633674,0.005620483,0.006539744,0.003253198,0.004966973,0.010637614,0.002383784,0.006360168,0.001518491,0.004853089,0.0058539,0.001618536,0.005993308,0.001372698,782.6099166,686.8889864,0,17,27,17,25,22,7,370.7472621
261,18,1,18,blind_batch2_0002.tif,mpfc,1733,8120,655,796,539,726,604.1407963,759.7587998,1733,8.64019966684282e-12,1367895.646,-21148538.8,-5.85E-12,165072.8529,5820125.736,-153841349.3,439601.1783,-6367439.197,505580853.5,-16437755181,21.66686269,6386,0.839988046,46.97365358,-7,0.213423645,0.046153429,0.601839125,0.107622424,0.021349561,0.050118935,0.001011562,0.012467215,0.001290165,805.7563516,237.2308521,789.3223576,-95.252656,-95.252656,253.6648461,113.5433909,121.7579566,10.04987562,2.636083216,2,67.28844979,61.60920089,NA,NA,0.455465873,-0.169154657,NA,0.054964025,0.046551744,-0.02955816,0.146373252,-0.050929381,0.097139291,-0.075866061,-0.005540146,0.016090803,0.015426692,-0.011858566,80.21109604,686.9137803,0.271374883,1733,112889,8721575,725193425,58504,3976070,321755984,27566573624,2414626,162068544,13325982174,1.15758e+12,0.148838053,0.02265279,0.058172706,0.023180673,0.034520427,0.00990235,0.009532891,0.018423852,0.005423023,0.028058977,0.01615501,0.005652593,0.004779982,0.001310511,0.006606823,0.005892094,0.015026085,0.012695621,0.007927417,0.001996268,0.003072695,0.00623878,0.008778357,0.00313562,0.0038853,0.007499038,0.008070818,0.002061608,0.003318139,0.002092162,604.1407963,759.7587998,0,18,28,18,14,12,4,221.7645053
262,19,1,19,blind_batch2_0002.tif,mpfc,2690,17526,965,907,838,769,907.8141264,840.8189591,2690,1.00044417195022e-11,1540267.063,-3589289.746,1.47508671943797e-11,-890215.5204,-10294445.99,-1320542205,1917588.833,11623929.71,1331061157,21385102461,48.23723997,10192,0.830462292,58.52362237,-9,0.153486249,0.020730871,0.477861817,0.063258863,0.013762107,0.003227585,1.30320646010717e-05,0.000674896,-1.71E-05,981.009328,304.4389606,572.5899863,330.9351377,330.9351377,712.8583023,125.2842737,151.0132445,13.60147051,2.569445968,1.414213562,82.16123724,69.79271717,NA,NA,0.212858731,-0.009563741,NA,-0.123024215,-0.027429777,-0.067841501,0.265003086,0.030972216,0.068381901,0.021182556,-0.025194001,-0.087314612,-0.033808693,-0.040895421,-39.01725264,1276.94531,0.263932496,2690,187800,14651360,1234347408,193193,12597385,917651741,72156146515,15792509,986295445,68538856201,5.12028e+12,0.146442416,0.015166027,0.079028422,0.016554219,0.017542,0.004909243,0.034650916,0.012013491,0.001403724,0.01140217,0.008187282,0.004343578,0.019595026,0.002030879,0.001918141,0.001155895,0.007398106,0.006548362,0.002985546,0.003420018,0.010258103,0.00452779,0.002797003,0.00222445,0.000313425,0.006887544,0.002147748,0.00218656,0.003987759,0.001710708,907.8141264,840.8189591,0,19,29,19,42,34,10,577.1686209
263,20,1,20,blind_batch2_0002.tif,mpfc,920,4600,147,882,97,790,118.3021739,849.6206522,920,-1.84E-12,92769.99565,155662.5983,-2.84E-12,119068.4587,-657537.8011,29806739.52,342670.6076,-3054292.402,64962106.63,-817158966.2,7.587697341,2261,0.940422536,34.22543471,-1,0.2,0.131792289,0.51446196,0.166332605,0.164176529,0.092564804,0.011405771,0.037751517,-0.000345968,424.2584165,49.04658707,100.8369518,-129.4222377,-129.4222377,372.4680517,82.39013693,91.54780172,10,3.170959468,2.236067977,43.53913707,28.01330743,NA,NA,0.109605382,0.006063379,NA,0.140676345,-0.025612452,0.038278154,0.404856578,-0.118970981,0.083425077,-0.034597853,-0.256906004,0.185410936,-0.093853963,0.060608199,21.80960272,296.1787156,0.406899602,920,19598,510250,14977502,54851,1287514,34836734,1042847812,3612923,88106700,2430565576,73600006362,0.136879318,0.052472852,0.036085056,0.043267622,0.021545556,0.02055828,0.006547973,0.032508871,0.013819104,0.003243355,0.021424788,0.005926902,0.008231083,0.012594992,0.019661494,0.000810774,0.003786769,0.006730625,0.013963915,0.004494308,0.006056659,0.008330168,0.008556936,0.008952336,0.003406572,0.002273823,0.006069799,0.005730865,0.006414116,0.003708229,118.3021739,849.6206522,0,20,30,20,11,6,5,90.91168952
264,21,1,21,blind_batch2_0002.tif,mpfc,1096,3145,280,918,243,833,259.7718978,866.2846715,1096,9.59232693276135e-14,46790.97445,-9575.621144,1.14539489004528e-11,19528.16788,-154920.4563,2532468.34,368873.1825,-823720.1868,14334240.16,-70246523.15,5.818251161,2005,0.936346024,37.35599739,-5,0.348489666,0.171872952,0.346036147,0.072950929,0.019039135,0.012046185,0.000181306,0.00284768,2.02243278847763e-05,337.6394836,41.61613401,42.69249494,-17.81767143,-17.81767143,336.5631227,73.49987577,84.29116205,11,3.861378902,3,34.17235803,25.80422725,NA,NA,0.038953006,-0.000240791,NA,0.016256999,-0.003895672,0.001923589,0.307083141,-0.020713492,0.010887872,-0.001611714,0.111631938,-0.007274992,0.001435113,0.000498416,3.457022051,283.0782105,0.546633416,1096,18382,355092,7515538,36480,631367,12319249,261369371,1583098,27027815,517155061,10769113151,0.196406832,0.062777725,0.072403889,0.033251197,0.060093484,0.019597231,0.001305771,0.021649799,0.010987677,0.029600941,0.025131604,0.008430956,0.011006848,0.0118382,0.010253622,0.004918246,0.011501304,0.009335135,0.010651036,0.004807295,0.007916685,0.011518577,0.007166855,0.00444257,0.003176288,0.006514546,0.004351922,0.002066293,0.005909153,0.003023186,259.7718978,866.2846715,0,21,31,21,6,2,5,58.35534
265,22,1,22,blind_batch2_0002.tif,mpfc,2557,20727,528,937,381,796,459.0430192,867.6558467,2557,-2.67E-12,2161379.268,-15345012.39,3.45323769579409e-12,-803410.1431,19590139.51,-2775138926,2187171.145,-4222747.812,3125619589,-29769726541,48.08538631,14293,0.734623259,57.05850958,-22,0.123365658,0.020796339,0.665094036,0.060412051,0.047373319,0.003883497,4.41072140712085e-05,0.0005552,2.8795271345439e-05,1164.563489,536.0819595,845.2793382,314.2002906,314.2002906,855.3661107,136.5028052,183.2075326,9.219544457,2.043170793,1.414213562,111.3826036,92.61377517,NA,NA,0.330574634,-0.046413084,NA,-0.122878487,0.05925305,-0.165994059,0.334519402,-0.012772277,0.186957949,-0.035214157,-0.039744344,-0.158226122,-0.000512908,-0.188034866,-44.54019786,1243.016377,0.178898762,2557,199556,17735332,1706134970,183224,13495944,1165029264,1.09386e+11,15316242,1075964952,91687122904,8.58056e+12,0.096996083,0.004953606,0.05717394,0.007322082,0.004548844,0.003757626,0.033482728,0.002567596,0.005188402,0.0024829,0.003783799,0.002229267,0.014846278,0.003149678,0.00092994,0.003001617,0.002000679,0.007176402,0.003418202,0.001763361,0.007041741,0.002983773,0.001976732,0.001724745,0.002120481,0.004363813,0.007417818,0.001120731,0.004051037,0.000665476,459.0430192,867.6558467,0,22,32,22,29,19,15,480.4995717
266,23,2,1,blind_batch2_0003.tif,mpfc,1114,3854,598,106,551,24,575.551167,53.13375224,1114,-2.84E-13,134359.5835,-349200.2159,-6.88E-12,-105866.1239,754407.6608,-33374321.64,535993.0709,-3636538.996,95587296.25,-1199225226,10.62748804,2791,0.898667813,37.66150359,0,0.289050337,0.094095613,0.540173098,0.133850967,0.090044168,0.062665257,0.004640711,0.021875503,0.000788723,504.6584778,97.09435376,120.610039,95.03242718,95.03242718,481.1427926,89.85842,86.81589716,9.219544457,2.675092783,2,42.6932637,39.4145869,NA,NA,0.10826754,-0.008430659,NA,-0.085307385,0.018213488,-0.02414109,0.431905559,-0.08779611,0.069142425,-0.025989779,0.212883172,-0.125128663,0.058822417,-0.03713972,-13.89860084,385.7117241,0.399140093,1114,27350,805834,26032334,32455,690942,19033102,589174482,1481529,26568172,665139004,19431224320,0.188145118,0.06054555,0.029034641,0.059155764,0.018679934,0.019520526,0.019335285,0.032491713,0.020619309,0.020676082,0.008533985,0.003827383,0.003914088,0.004094189,0.015661389,0.007785211,0.009245365,0.005319809,0.003419762,0.005304679,0.002777376,0.008549088,0.004485483,0.004574821,0.00589348,0.009444191,0.010481394,0.003270598,0.007343934,0.005740122,575.551167,53.13375224,0,1,1,1,7,7,3,104.5391065
267,24,2,2,blind_batch2_0003.tif,mpfc,1353,5106,1006,132,960,21,981.5654102,65.63562454,1353,-1.53E-12,98144.4612,-36835.20002,9.10205244508688e-12,-105137.2528,349218.3901,-28757476.44,869081.3629,-2412427.906,113571342.2,-647158034.7,12.09102861,3907,0.951217852,41.50533826,-1,0.264982374,0.082705949,0.528362869,0.190550413,0.035532225,0.032291423,0.001093773,0.013955244,9.04281189105646e-06,652.7438056,62.13115679,72.53840443,77.7067648,77.7067648,642.3365579,102.1954054,117.392504,10,2.9873675,2.236067977,43.64833473,31.52932775,NA,NA,0.053613011,-0.000547039,NA,-0.057432938,0.00518624,-0.011610673,0.474749858,-0.035826951,0.045853804,-0.007103429,0.170792042,-0.107109718,0.030631624,-0.02310951,-7.628216052,453.4041123,0.34630151,1353,29178,727380,19882464,60392,1197241,28281623,734614261,3564716,65076401,1489250623,38018311997,0.125004942,0.022073368,0.065333508,0.025221328,0.019878815,0.006848934,0.026441515,0.028769025,0.008668191,0.009669954,0.010127173,0.002961829,0.016169163,0.017912556,0.012061414,0.004074577,0.007179364,0.006045786,0.006287856,0.001340253,0.01366648,0.009966004,0.010201013,0.005341999,0.002366659,0.006143692,0.001940888,0.004790769,0.004228083,0.000544699,981.5654102,65.63562454,0,2,3,2,10,7,4,116.0243875
268,25,2,3,blind_batch2_0003.tif,mpfc,1319,11097,289,124,152,43,213.0621683,70.72858226,1319,1.59161572810262e-12,1011498.902,11463654.15,-5.86E-13,-89184.74375,-11467031.94,-236573354.9,361944.8324,-2015597.182,241932936.3,2851805222,29.54323312,6326,0.811245589,40.98051927,-12,0.118860953,0.033848699,0.789443915,0.149907794,0.497862924,0.028295346,0.003245364,0.008494164,-0.00086383,775.982996,265.2935276,766.8680077,67.61542361,67.61542361,274.4085159,111.4258854,136.2974688,7.280109889,1.808018781,1,78.55607179,65.15133492,NA,NA,0.581401067,0.18143083,NA,-0.051262641,-0.181484289,-0.103093538,0.208042848,-0.031900079,0.105429127,0.034218666,0.104439495,-0.027664459,-0.040879078,-0.016344098,-82.32244939,699.7716447,0.208504584,1319,80541,5929507,497060841,36574,2144103,142058163,10448013957,1376090,77065509,4664420297,3.04271e+11,0.090402269,0.016395425,0.043917529,0.010056037,0.015913292,0.004461132,0.021435436,0.008921894,0.007244663,0.011946024,0.0036833,0.002670188,0.016330962,0.004306633,0.005897515,0.004005731,0.011256774,0.005568815,0.004950772,0.002144926,0.007411591,0.001703138,0.002477535,0.004389964,0.001166311,0.008254843,0.005974386,0.003579224,0.002893646,0.001550766,213.0621683,70.72858226,0,3,5,3,18,13,5,275.0071455
269,26,2,4,blind_batch2_0003.tif,mpfc,1070,7314,943,168,837,99,877.2738318,127.0990654,1070,2.41584530158434e-13,540646.7673,5204058.237,-1.14E-12,-150349.0262,3500939.334,-124644365.3,168475.4991,-2875290.042,112435958.1,-3430646467,14.68759134,3763,0.897651766,36.91024672,-5,0.146294777,0.068084683,0.619374851,0.17465019,0.188634649,0.024982326,-0.001681962,-0.010353507,0.000334925,554.9483049,107.7827852,505.2773526,140.5131086,140.5131086,157.4537374,94.22936314,108.8485186,10.44030651,2.712185836,2,49.89425003,41.52739533,NA,NA,0.472221825,0.138957728,NA,-0.131320662,0.093481386,-0.101746931,0.147153026,-0.076775423,0.091781234,-0.085611626,0.051830991,-0.083633828,0.075886735,-0.080418268,-70.53165502,444.3980156,0.284347595,1070,43093,2276167,140421859,30066,1060524,55348842,3512477334,1013302,29484930,1467439000,93691958436,0.114879429,0.052733119,0.015316492,0.01197648,0.036687447,0.00430969,0.021778842,0.022332627,0.005934311,0.007427876,0.006683267,0.004923959,0.013483469,0.017967939,0.002169046,0.003974918,0.007433028,0.01206033,0.007235036,0.004354041,0.003879529,0.005033883,0.006214965,0.007355224,0.004454885,0.007625636,0.008658305,0.00552578,0.006186319,0.003157143,877.2738318,127.0990654,0,4,7,4,11,8,3,156.6812429
270,27,2,5,blind_batch2_0003.tif,mpfc,2163,12994,661,278,483,205,563.3157651,239.8122977,2163,-1.06E-11,2959323.332,9821225.452,1.27897692436818e-12,-720410.7994,5519000.41,-3085911191,388597.7929,-2660638.178,1108199463,1478475856,24.61533915,6732,0.96762818,52.47873031,-7,0.166461444,0.040625075,0.715586566,0.396756067,0.01238521,0.001759942,2.49571759066378e-06,-0.000304298,7.82854095628698e-06,1455.128318,92.68542505,1368.15688,333.0609336,333.0609336,179.6568622,152.5845768,189.7814533,10.77032961,2.658435383,2,46.36516482,38.50930798,NA,NA,0.632527453,0.045136136,NA,-0.153981014,0.025364081,-0.304939627,0.083059113,-0.012227693,0.109508638,0.003141351,0.000654679,-0.0410284,0.005374795,-0.096487732,-75.36527897,817.9676042,0.321301248,2163,173723,16912019,1843483607,75299,5327286,478544552,48478483692,3009929,188925802,16010376028,1.55952e+12,0.076464368,0.007019794,0.048887303,0.012082093,0.005695037,0.002983531,0.032702722,0.011554765,0.005682389,0.005278346,0.003451831,0.001529165,0.020909196,0.010514723,0.005122048,0.0036037,0.005766384,0.001202801,0.002603757,0.000771293,0.010429456,0.010857409,0.00318829,0.003596235,0.002515691,0.005266051,0.001260861,0.0022515,0.001550069,0.000384156,563.3157651,239.8122977,0,5,11,5,24,17,11,262.7056304
271,28,2,6,blind_batch2_0003.tif,mpfc,780,1936,1004,262,960,218,986.6935897,240.4051282,780,1.91846538655227e-13,69941.76795,-377835.9358,-2.56E-13,36390.82564,-425956.0069,10306582.07,70669.97949,-193294.6664,9808177.721,-131148603.4,2.394363896,1080,0.825928822,31.5139151,0,0.402892562,0.41764746,0.231117271,0.014312282,0.006543938,0.00154018,4.86935506257123e-06,0.000162054,-4.45E-07,136.7929754,43.47849565,89.66893327,-46.65490467,-46.65490467,90.6025378,46.78341166,52.80151513,11.18033989,4.115047765,3.605551275,28.51692192,26.37529015,NA,NA,0.114960171,-0.022236517,NA,0.05981398,-0.025068494,0.021718552,0.1161571,-0.011375837,0.020668289,-0.009895382,0.004810407,0.017694524,-0.008099192,0.007380294,44.71337518,153.1959595,0.722222222,780,20821,625729,20059111,17476,502888,15536386,503413252,462222,13775752,431924338,14073886468,0.355301422,0.083394301,0.133818719,0.062155617,0.051739528,0.006781237,0.025421184,0.041143214,0.022447036,0.015020545,0.009625549,0.008140586,0.017035913,0.009085083,0.015587032,0.01227251,0.0102166,0.014969111,0.012700883,0.00128752,0.007274466,0.011460016,0.005410336,0.012527589,0.004393313,0.0035955,0.010630028,0.009211985,0.003237424,0.002908414,986.6935897,240.4051282,0,6,12,6,3,2,1,12.65685421
272,29,2,7,blind_batch2_0003.tif,mpfc,902,2440,355,307,315,246,337.5443459,283.5221729,902,5.08038056068472e-13,57935.72616,-129305.7141,1.70530256582424e-12,16913.61308,222098.256,-1130535.413,164033.0565,-269412.2622,6338588.298,-28520575.37,4.271194058,1514,0.817414755,33.88896678,1,0.369672131,0.234126567,0.272821646,0.018733888,0.011235045,0.004613278,2.97216323658552e-05,0.000621609,-1.48E-05,184.7717417,61.31338321,64.23029508,-18.75123402,-18.75123402,181.8548299,54.37230791,60.67124525,10.81665383,3.495855166,2.828427125,35.23969345,31.32114512,NA,NA,0.071208753,-0.005291775,NA,0.020788508,0.009089266,-0.00154051,0.201612893,-0.011025569,0.008637199,-0.001294003,-0.075021216,0.017884919,-0.000170365,0.000231631,8.841973424,220.0304833,0.595772787,902,20335,516375,14124277,33845,779927,20360223,569653115,1433971,33327797,878468841,24732387221,0.311149561,0.079167318,0.104934112,0.061649365,0.045846262,0.006683118,0.028387862,0.031957248,0.023536806,0.014781145,0.006408251,0.01155535,0.006136093,0.006981018,0.010959442,0.021081534,0.006807968,0.016721716,0.004814997,0.006624335,0.001540703,0.006681808,0.002272487,0.011260872,0.012608007,0.005359148,0.014343024,0.008206393,0.001424156,0.002473513,337.5443459,283.5221729,0,7,14,7,0,0,0,0
273,30,2,8,blind_batch2_0003.tif,mpfc,1676,15072,695,398,538,302,610.451074,363.8019093,1676,-3.29E-11,1620584.988,25613198.99,-4.41E-12,-277992.2434,9991766.492,-654850058.6,452278.2339,-813973.9628,371727979.4,-10973372569,23.33809821,7729,0.876706777,46.194691,-1,0.111199575,0.042848393,0.73794266,0.212165523,0.181645784,0.04650937,0.0023527,0.019504709,-0.003569223,1004.390723,232.4011753,966.9361504,165.8664937,165.8664937,269.8557481,126.768496,159.6621433,11.66190379,2.608675301,1.414213562,82.37592871,60.97883899,NA,NA,0.576930877,0.222730036,NA,-0.098965688,0.086887488,-0.139097661,0.161011783,-0.007078243,0.078959285,-0.056935229,-0.088804241,-0.06035856,0.021670124,-0.050928451,-77.27536545,701.0914498,0.216845646,1676,121428,10418174,1015247340,103580,7226490,613573138,59883440886,6853720,461384498,38675878730,3.75312e+12,0.083710555,0.010380534,0.048645089,0.009236159,0.015414496,0.002028093,0.026402336,0.009140748,0.005986602,0.01642308,0.001932954,0.001496724,0.013553783,0.010693526,0.005981814,0.003976701,0.013409874,0.003229796,0.002917099,0.000492397,0.004660888,0.010050843,0.004621327,0.003965713,0.002200043,0.007240205,0.005175464,0.002538757,0.000993892,0.000813868,610.451074,363.8019093,0,8,15,8,12,10,5,294.2497883
274,31,2,9,blind_batch2_0003.tif,mpfc,1170,5760,273,505,201,425,242.1435897,474.0034188,1170,-4.22E-12,462529.8769,-5467517.103,2.61479726759717e-12,342884.4256,-4486563.755,284564321,371467.9863,-4307224.504,257079591.2,-5316890171,9.52337176,2787,0.952258339,38.5965059,-3,0.203125,0.105004827,0.609246741,0.255389536,0.054605008,0.088614216,0.00615283,0.044289678,0.000372966,652.0454101,60.77327646,395.3246811,-293.0636117,-293.0636117,317.4940054,102.1407194,94.84724561,12.64911064,3.398421328,2.236067977,37.04128846,31.18288671,NA,NA,0.337884343,-0.116768445,NA,0.250481719,-0.095818461,0.177673583,0.271362398,-0.091988355,0.160512927,-0.0970526,-0.116395616,0.173838773,-0.099882033,0.12662556,48.7819715,374.1909089,0.419806243,1170,48138,2443100,133110666,57334,2701811,143448681,7994961119,3181030,160176787,8723719289,4.9433e+11,0.165594738,0.022684344,0.054409583,0.046496073,0.039263759,0.003777239,0.018128152,0.031397143,0.019010412,0.024970115,0.012018448,0.004671994,0.005874068,0.017212573,0.013675389,0.009213629,0.005687378,0.012799701,0.006951525,0.005708676,0.005834066,0.015713477,0.008056782,0.005268681,0.005353338,0.006545108,0.00231246,0.00550132,0.006743364,0.004936617,242.1435897,474.0034188,0,9,18,9,10,9,1,135.7106808
275,32,2,10,blind_batch2_0003.tif,mpfc,1580,9504,286,604,187,508,223.1164557,547.1848101,1580,6.66489086142974e-12,546984.5722,7220937.097,-5.77E-12,-32867.00506,-5521648.148,-160813655.3,526728.0354,-2655063.454,174416123.7,2957825709,15.58383682,5461,0.347002259,44.85218479,-6,0.166245791,0.06416905,0.430104393,0.000759191,0.071483688,0.002128413,1.93263066922138e-05,2.52021680662582e-05,1.77690951982934e-05,361.5496714,318.0152701,346.1927672,20.80190194,20.80190194,333.3721743,76.05783814,113.4548368,10.77032961,2.764507177,2,73.10580678,71.33193059,NA,NA,0.219109346,0.072769744,NA,-0.013165761,-0.055644983,-0.040771028,0.210995047,-0.026756678,0.044219657,0.018865694,0.052296697,-0.010050106,-0.019494188,-0.014413207,-53.56358026,556.2508294,0.2893243,1580,57064,2607934,140920558,61912,2203175,94295671,4634249567,2952738,101411593,4055261729,1.83088e+11,0.149618023,0.041963031,0.065824039,0.011912538,0.029615758,0.010957318,0.028675116,0.018594521,0.008850905,0.015686838,0.00941922,0.002617328,0.016343999,0.012989469,0.00306006,0.004475288,0.011155511,0.003599426,0.007289916,0.00704924,0.006153663,0.009719676,0.002701393,0.006120517,0.003436788,0.004090065,0.003698915,0.007094681,0.007796122,0.0024838,223.1164557,547.1848101,0,10,20,10,10,7,4,169.823379
276,33,2,11,blind_batch2_0003.tif,mpfc,960,4745,626,653,553,588,585.04375,608.7875,960,-5.40E-13,226304.1625,-560198.5017,1.99662508748588e-12,-90281.075,2065161.619,-53726410.45,131638.65,-1631328.544,62177198.51,-1468827883,6.81662939,2518,0.851918319,34.96154978,0,0.20231823,0.146700069,0.388392809,0.048936737,0.049690357,0.021772729,0.000523192,0.002763642,-0.000489023,292.6124651,80.24463124,235.7335026,94.04278646,94.04278646,137.1235938,68.42367603,79.25906888,11,3.12836684,2.236067977,40.78726923,35.83174709,NA,NA,0.245555732,-0.019618412,NA,-0.097961236,0.072322922,-0.060725923,0.142837077,-0.057129885,0.070277686,-0.05358233,0.053702583,-0.073723702,0.059487136,-0.056375887,-58.83361026,286.764502,0.381254964,960,30762,1212034,52781184,19956,549184,21474430,963886678,546474,12126312,461851354,21080216994,0.187026031,0.078919462,0.035257602,0.026162949,0.056930615,0.01963215,0.037161011,0.020931265,0.007665279,0.007196216,0.012127785,0.009229016,0.02422618,0.012271959,0.008347346,0.00906725,0.013667501,0.007746719,0.004118729,0.006353808,0.005979359,0.002938046,0.006034816,0.010098425,0.005557293,0.010640163,0.005979769,0.003561045,0.005788813,0.002761771,585.04375,608.7875,0,11,21,11,5,2,4,61.7695533
277,34,2,12,blind_batch2_0003.tif,mpfc,1228,6674,1008,686,914,615,952.3949511,643.9079805,1228,1.26902932606754e-11,364903.4487,3367582.247,3.93640675611096e-12,19657.62948,1250751.269,101484474.8,235282.6018,-1490966.466,87242529.26,37100906.41,11.08065166,4396,0.606842042,39.54160038,-1,0.183997603,0.0902474,0.398005583,0.008068217,0.022939886,0.005388179,-5.93E-05,-0.000127386,8.74213344058514e-06,299.5269074,189.223948,297.1526455,-16.0078416,-16.0078416,191.5982099,69.22738272,97.71898485,10,2.908061858,2.236067977,66.63620385,55.02347834,NA,NA,0.241980982,0.063726827,NA,0.013035702,0.023668734,0.054803022,0.156024601,-0.028214474,0.047112174,0.000571729,0.040573397,-0.026422253,0.015955624,0.001447776,81.56347048,413.510714,0.279344859,1228,47149,2175187,114904681,35499,1382640,65640522,3654150546,1261487,48080290,2296926880,1.32055e+11,0.16056721,0.021373638,0.090773776,0.009868619,0.024631232,0.005904735,0.048403487,0.008269091,0.011874033,0.020550052,0.002937379,0.005228242,0.023437893,0.006853689,0.011450446,0.005676337,0.010639114,0.004908595,0.004600593,0.001848258,0.00579333,0.007961102,0.00826022,0.004592932,0.002807965,0.007446319,0.008232068,0.006797786,0.004277373,0.003989625,952.3949511,643.9079805,0,12,22,12,7,2,5,87.56854326
278,35,2,13,blind_batch2_0003.tif,mpfc,1383,3552,224,700,150,652,191.3774403,674.945047,1383,-3.41E-12,450662.9761,-3449751.535,-1.24E-12,91571.68547,-206572.5876,45654849.39,118711.8236,462215.0696,42827236.18,-52757152.07,8.581674699,2420,0.894100549,41.96296332,-17,0.389358108,0.116527372,0.297682895,0.039288727,0.004854676,0.001777037,4.63736751970692e-06,0.000274942,-2.40E-06,342.9125937,68.78285081,325.8589849,-66.21235392,-66.21235392,85.83645956,74.07159711,75,11.66190379,3.584153802,2.828427125,34.91212243,33.17417087,NA,NA,0.235617487,-0.048498953,NA,0.047875889,-0.002904138,0.017259189,0.062065408,0.006498134,0.016190248,-0.000536295,0.00650533,0.010432616,0.001069788,0.003903035,75.55684756,386.1909089,0.571487603,1383,57225,2818487,150466587,31733,1404602,72041748,3942813032,846827,39703982,2106462552,1.17766e+11,0.312645852,0.032853316,0.123178059,0.063581877,0.032375237,0.00477139,0.032589313,0.050146845,0.009423425,0.014978501,0.007967851,0.008837696,0.028557034,0.008822871,0.0126192,0.008265213,0.004073139,0.0107001,0.009908023,0.005691038,0.01391353,0.001947749,0.005264433,0.007675179,0.01001751,0.001233993,0.005169497,0.001591388,0.009589509,0.003507159,191.3774403,674.945047,0,13,23,13,13,11,1,123.9533209
279,36,2,14,blind_batch2_0003.tif,mpfc,2070,11224,365,748,243,656,311.7207729,697.9507246,2070,6.45172804070171e-12,1238682.607,-8131721.852,-9.32E-12,-531906.4812,9010515.128,-935690795.5,665110.9739,-6834169.388,811649493.7,-22430345045,20.71135007,6922,0.881267195,51.33815207,-7,0.18442623,0.048282705,0.44430292,0.079556272,0.018222918,0.010213563,0.000139054,0.00271602,-8.93E-06,751.782739,167.9243048,598.3973946,256.9596527,256.9596527,321.3096492,109.6746271,143.1223253,12.04159458,3.122002803,2,64.94309394,51.83424425,NA,NA,0.289080867,-0.041711581,NA,-0.124135098,0.046219342,-0.105492436,0.155222053,-0.035055799,0.091507668,-0.055582714,0.019509895,-0.068380184,0.043186069,-0.07482457,-59.16601538,733.9970414,0.299046518,2070,142252,11014350,919029376,86838,5435668,397964430,31940029888,4308028,244589120,17019409074,1.32638e+12,0.128666562,0.022785509,0.074380614,0.017823872,0.023240863,0.003864968,0.033835665,0.018286336,0.006014523,0.015338156,0.004941174,0.001669325,0.014213529,0.013229305,0.005729987,0.003268681,0.009578568,0.004100324,0.002372571,0.001080665,0.007225535,0.008625613,0.006213338,0.003089554,0.002327913,0.004860169,0.004956463,0.002050153,0.001958169,0.000400322,311.7207729,697.9507246,0,14,24,14,15,11,4,230.0782133
280,37,2,15,blind_batch2_0003.tif,mpfc,1413,4350,1007,797,920,747,968.8039632,767.104034,1413,-2.98E-12,527526.6978,-7110936.416,-5.88E-12,-103009.1826,2247300.473,-120149501.2,201317.707,-569678.4142,92603074.9,-1805196803,13.53481247,3378,0.832021842,42.41565132,-2,0.324827586,0.07388355,0.365048443,0.037341979,0.011677483,0.012007673,0.000137597,0.002287771,-3.58E-05,394.4312986,121.3821514,373.3380735,72.90104925,72.90104925,142.4753765,79.4411781,92.70382948,9.486832981,2.809851779,2,43.93539783,44.0694273,NA,NA,0.264216613,-0.094748292,NA,-0.051593099,0.029943719,-0.042588808,0.100831831,-0.007590569,0.032824561,-0.017022643,0.009228091,-0.013969528,0.012315798,-0.01337219,-73.86270305,490.2325394,0.418294849,1413,68960,3893048,234376022,28407,1283365,70458757,4184735413,772413,32985337,1776050645,1.04616e+11,0.209189466,0.049254922,0.085623326,0.030166853,0.046698287,0.014767267,0.010682219,0.024046671,0.004507868,0.019965422,0.011910895,0.006384448,0.010086759,0.006460609,0.004170929,0.005376638,0.005663961,0.012548799,0.011039411,0.001599643,0.012012804,0.003442092,0.006384698,0.009631826,0.005218665,0.001097251,0.010924847,0.009136085,0.002241238,0.001653988,968.8039632,767.104034,0,15,26,15,7,7,2,131.2964665
281,38,2,16,blind_batch2_0003.tif,mpfc,652,1560,86,907,46,868,62.29907975,888.5322086,652,3.69482222595252e-13,44358.67945,100411.2086,2.42295072894194e-12,11481.21933,46078.29059,2505919.73,56084.32362,172403.2742,4134430.22,30454844.56,4.473312323,1104,0.639156878,28.81236164,0,0.417948718,0.223547995,0.236278659,0.003678556,0.001895872,0.000644281,-7.10E-07,-2.67E-05,-4.98E-08,96.79910041,57.25458527,68.03478443,-17.60923209,-17.60923209,86.01890126,39.35461354,41.78516483,8,2.644820502,2.236067977,32.8216373,30.26670389,NA,NA,0.104347829,0.009250457,NA,0.027008025,0.004244997,0.009041164,0.13193083,0.01588278,0.014916704,0.004303183,-0.007794848,0.00160269,-0.000596691,0.000947224,31.47455941,191.4446968,0.59057971,652,10627,217569,5092597,13387,229677,4887517,118471587,330949,6038037,133635949,3330937371,0.468909551,0.091918891,0.107267818,0.029760973,0.064988116,0.029030435,0.031198423,0.019124078,0.021366682,0.013267855,0.015801539,0.006054413,0.002159772,0.017947601,0.011403127,0.013785517,0.015399822,0.005210977,0.011469223,0.003149293,0.009347275,0.007101351,0.004742111,0.023877406,0.012508458,0.012273614,0.000734788,0.007899987,0.002545753,0.00409622,62.29907975,888.5322086,0,16,28,16,1,0,4,1
282,39,2,17,blind_batch2_0003.tif,mpfc,1293,9546,777,958,666,872,716.3217324,909.5916473,1293,6.23856521997368e-12,727212.1593,-93160.21234,9.71311919784057e-12,-555779.1253,964860.9894,-693076491.8,568172.3898,-3086689.616,590589125.7,-1832271705,17.65440519,4322,0.963672747,40.57460698,-8,0.135449403,0.056643086,0.774821499,0.45109829,0.023746446,0.010270347,0.000156474,0.005635382,3.52244644570201e-05,935.136397,66.70780183,562.422397,429.8369105,429.8369105,439.4218018,122.3199998,130.0845879,8,2.275546962,1.414213562,45.10417929,32.6699377,NA,NA,0.434974785,-0.001549652,NA,-0.332433805,0.016049756,-0.320616297,0.339846715,-0.051344822,0.273205773,-0.023571924,0.070393995,-0.256328292,0.064134632,-0.275741704,-49.07125755,535.5878785,0.299167052,1293,65066,4001446,274455686,48606,1890159,95450271,5547665619,2395352,75666267,3240398387,1.65528e+11,0.09728748,0.008557658,0.049703779,0.019235216,0.012453956,0.003278294,0.025425972,0.01567218,0.008618927,0.012561137,0.007201566,0.00114282,0.017154178,0.009244237,0.007150396,0.005561433,0.006093559,0.009676734,0.002923709,0.000505969,0.012484821,0.007763104,0.002807309,0.006530577,0.003645245,0.00370482,0.007823333,0.002175029,0.002420662,0.000118854,716.3217324,909.5916473,0,17,29,17,15,12,3,182.9949527
283,40,2,18,blind_batch2_0003.tif,mpfc,1007,3450,923,980,848,934,883.9016882,956.1261172,1007,-6.68E-13,295455.2671,961518.1896,-2.36E-12,-64752.5144,714083.9128,-18321034.76,77582.98312,-268085.2923,18999079.79,-150094252.4,5.910604551,2053,0.899513492,35.80715322,1,0.291884058,0.169187431,0.367870044,0.06247221,0.007325233,0.000997125,-3.65E-08,-0.000141738,2.69460744336067e-06,311.0695796,59.37555474,293.4014569,64.30239762,64.30239762,77.04367738,70.5486589,74.16872656,9.219544457,3.004151562,2.236067977,31.84796665,30.822214,NA,NA,0.291361923,0.029880223,NA,-0.06385541,0.022190934,-0.017941617,0.076508121,-0.008331042,0.01860562,-0.004631919,0.00089062,-0.014857867,0.004133682,-0.005283926,-74.63620575,273.4863274,0.490501705,1007,36153,1593409,79382277,22281,735173,31320589,1564626371,570575,17351077,705677449,34825133431,0.233076208,0.007945804,0.10696899,0.042894814,0.011617385,0.014620754,0.046123085,0.03603759,0.011717927,0.015589546,0.014721415,0.008366696,0.026609582,0.021279781,0.005902266,0.01083907,0.010010272,0.006446071,0.011419985,0.002362072,0.005895554,0.014865485,0.007161412,0.009098693,0.009692725,0.008382779,0.003503096,0.009037695,0.002271302,0.003381964,883.9016882,956.1261172,0,18,30,18,2,0,3,2.414213538
284,41,3,1,blind_batch2_0005.tif,mpfc,935,4158,584,88,518,25,541.0459893,59.37967914,935,-2.42E-13,173167.0225,1666645.416,-4.76E-13,53930.6738,529105.8739,16816077.53,112326.2139,-140533.7074,15478032.43,85909739.85,6.607093883,2387,0.77786396,34.50331831,-3,0.224867725,0.151352473,0.32656723,0.020065798,0.014640508,0.003434238,4.55555662613137e-07,2.82787737780804e-05,-2.43E-05,218.8933294,86.44703037,185.2053716,-57.67986502,-57.67986502,120.1349881,59.18017633,67.00746227,10,3.18821272,2.236067977,46.27567015,37.19075807,NA,NA,0.198080611,0.062346802,NA,0.061689695,0.019793088,0.020572633,0.128486618,-0.005257163,0.018935681,0.003437176,-0.033022253,0.026653324,0.001072245,0.004498476,59.71291133,278.6223664,0.391705069,935,21548,669762,25083584,32145,794744,26041080,1001693546,1217461,31625298,1067593478,41534951076,0.236564396,0.064044092,0.087819282,0.023953729,0.055883459,0.00930907,0.017619615,0.016782009,0.011441564,0.030626605,0.016608462,0.017528929,0.001259497,0.005726516,0.014323815,0.001715215,0.0174193,0.009213176,0.013501103,0.005832874,0.003834692,0.006985544,0.006632133,0.005665647,0.006671915,0.007777863,0.005367112,0.005874284,0.013778494,0.005447394,541.0459893,59.37967914,0,1,1,1,6,4,2,48.45584482
285,42,3,2,blind_batch2_0005.tif,mpfc,1911,11954,885,292,746,206,815.599686,241.892203,1911,4.43378667114302e-11,1814482.76,1201243.993,1.06723518911167e-11,441944.5353,4223850.891,933988758.2,790199.7938,17764946.47,1234107681,35375787989,37.92686721,9349,0.826867388,49.32707948,-15,0.159862807,0.026366533,0.713236281,0.137248287,0.10651843,0.024029883,0.00062623,0.006904186,-0.001042043,1035.481695,327.5128387,949.4938565,-231.2634931,-231.2634931,413.500677,128.7156056,150.4792344,8.94427191,2.114438212,1.414213562,83.33997471,72.38926314,NA,NA,0.496857068,0.007524532,NA,0.121017003,0.026457991,0.133831883,0.216379214,0.111278736,0.176836127,0.115956131,0.07311945,0.08657306,0.059910306,0.095877758,69.60397954,954.3523805,0.204406888,1911,133005,11071589,1024355223,68590,5215787,463125973,45004782665,3252046,275831053,26517042507,2.72865e+12,0.107446707,0.012276893,0.05290439,0.012326278,0.016822322,0.004832823,0.022287688,0.010587097,0.007020833,0.01901245,0.004827822,0.003099012,0.007056757,0.009775955,0.006567029,0.005846221,0.015816463,0.00170626,0.00481281,0.001594376,0.001925095,0.006790444,0.005396595,0.002958947,0.002203585,0.009156312,0.002312975,0.00319999,0.002217161,0.001492187,815.599686,241.892203,0,2,7,2,28,24,8,427.1026028
286,43,3,3,blind_batch2_0005.tif,mpfc,1138,6888,477,326,393,244,433.3462214,278.4806678,1138,4.20641299569979e-12,419385.5888,-1455338.077,-1.32E-11,-367940.3831,5166569.967,-262259834.5,591526.0747,-7309916.823,291137754.9,-7275626917,16.85505309,3913,0.92496823,38.06503122,-16,0.165214866,0.059329389,0.780600245,0.340551893,0.26616743,0.10648258,0.017924323,0.062131279,-0.00027885,776.2118692,112.1112094,368.5286369,323.3219535,323.3219535,519.7944417,111.4423165,96.89685237,8.485281374,2.244808956,1.414213562,57.62561708,42.35303237,NA,NA,0.323838872,-0.033312578,NA,-0.284114195,0.118262392,-0.17795287,0.456761372,-0.167323438,0.197547593,-0.146343185,0.139085172,-0.245621448,0.180938943,-0.181318979,-38.41693172,490.9543648,0.290825454,1138,45914,2271842,124046150,39239,1215205,53811191,2843469511,1944513,45770175,1674040525,79723848477,0.15320319,0.042286629,0.01470046,0.048289333,0.010213845,0.023811174,0.005520048,0.028450008,0.004257566,0.008875074,0.019538964,0.013877098,0.010139022,0.006447213,0.017701079,0.010784166,0.005532061,0.007845715,0.014508782,0.004960961,0.002041519,0.00638727,0.007569183,0.002065687,0.006417797,0.004797736,0.007505679,0.007320512,0.00943055,0.00359711,433.3462214,278.4806678,0,3,9,3,22,18,2,191.1370872
287,44,3,4,blind_batch2_0005.tif,mpfc,770,2304,229,300,181,252,207.3766234,273.712987,770,-3.69E-12,112472.7792,-445202.7688,-9.09E-13,-94096.76623,432744.5798,-28484829.32,101973.5701,-323093.5074,26028643.34,-245351415.6,2.422278103,876,0.967249664,31.31125116,1,0.334201389,0.412834513,0.361690588,0.101063914,0.005909884,0.003423042,1.53697405059264e-05,0.001061504,8.98716940873766e-07,261.6444979,16.85725454,146.0685444,122.2035925,122.2035925,132.433208,64.70171532,64.35060217,8.602325267,3.453648873,3,16.97056275,16.42303482,NA,NA,0.189699408,-0.027060203,NA,-0.158705964,0.026302972,-0.062393801,0.171991179,-0.019638188,0.057013717,-0.019367387,0.008943331,-0.056070006,0.01626187,-0.026432312,-46.59659424,153.0954544,0.878995434,770,20310,648182,22584954,16719,346894,9542802,299748232,464993,7855608,188747704,5380342038,0.23672448,0.026837258,0.103288134,0.059009171,0.016984613,0.008815983,0.037376467,0.05127114,0.026448517,0.00374859,0.007388149,0.004337331,0.023659453,0.024691738,0.026678603,0.014412152,0.003298534,0.002412021,0.003250788,0.003375673,0.012669646,0.013906982,0.013290708,0.01431428,0.008769971,0.003359994,0.005062404,0.002774794,0.003242784,0.00301062,207.3766234,273.712987,0,4,11,4,0,0,0,0
288,45,3,5,blind_batch2_0005.tif,mpfc,1405,5562,277,347,223,244,243.9437722,282.2533808,1405,-2.37E-12,183656.558,1325119.039,-7.57E-12,-18684.98292,568715.6026,11952685.08,768961.7964,-4851502.099,77354592.31,-549806684.1,12.81586049,3594,0.872996115,42.29540827,-13,0.252606976,0.078028315,0.482576641,0.088272678,0.087821018,0.057546102,0.00400119,0.016139944,-0.000852211,547.7278858,130.2922953,130.7164114,13.29892023,13.29892023,547.3037697,93.61434811,102.0441081,12.16552506,3.280824443,2,52.77203009,45.6582602,NA,NA,0.093036592,0.017908701,NA,-0.009465424,0.00768607,0.004309595,0.38954005,-0.065567015,0.027890553,-0.005288626,0.227419836,-0.050840193,0.015116261,-0.00420367,-1.826601634,475.6822869,0.390929327,1405,29426,799948,25771970,53746,1106959,30386763,1008962785,2824928,52883619,1365647723,44470384677,0.171795022,0.067424457,0.0293823,0.035699262,0.040550442,0.01711422,0.024505688,0.031978289,0.010631801,0.007090203,0.024903409,0.010600818,0.001471336,0.007227372,0.002520233,0.002151738,0.008464888,0.014791813,0.013571669,0.002201209,0.013038338,0.005415875,0.006244327,0.003427431,0.004478775,0.005897098,0.007695468,0.00336025,0.003527312,0.003423741,243.9437722,282.2533808,0,5,12,5,10,8,2,135.5391074
289,46,3,6,blind_batch2_0005.tif,mpfc,683,1665,309,367,272,322,290.7349927,347.0161054,683,-1.07E-12,52547.03367,-38552.24277,7.38964445190504e-13,39823.91508,-165774.8064,6984757.947,75238.82284,-266860.8757,8270400.875,-51125869.89,3.120172936,1035,0.886835333,29.48936434,1,0.41021021,0.320495056,0.273931125,0.031517998,0.004355256,0.001731046,4.74901533645195e-06,0.000307318,-1.95E-07,154.1750292,32.91992909,76.93562764,-58.30734272,-58.30734272,110.1593307,49.66689508,50.80354318,8.544003745,3.076929479,2.828427125,26.20839733,22.95035654,NA,NA,0.112643672,-0.003162262,NA,0.085369462,-0.013597741,0.021922458,0.161287453,-0.021889364,0.025957595,-0.006139998,-0.019620656,0.029842834,-0.009455084,0.007947476,37.04883298,163.645707,0.659903382,683,12796,292280,7406248,17086,359930,8638134,224877446,502664,11143024,273954452,7243721308,0.336932433,0.06000526,0.120167368,0.06587238,0.039570652,0.022534837,0.016024647,0.042257053,0.020091079,0.000981601,0.032590138,0.003285961,0.00959772,0.011378938,0.013352799,0.013703226,0.009502143,0.018051863,0.005138331,0.001592965,0.012191547,0.009009951,0.014804731,0.012210171,0.01163242,0.003793856,0.006979682,0.005569074,0.002082948,0.001886866,290.7349927,347.0161054,0,6,15,6,0,0,0,0
290,47,3,7,blind_batch2_0005.tif,mpfc,2412,21328,759,397,635,225,703.4241294,332.4950249,2412,-2.60E-11,1949791.116,-41728829.96,4.80326889373828e-12,1192698.59,-52172031.85,2330132972,2826640.94,-39192918.02,3839970620,-1.22E+11,39.61747353,13502,0.833418754,55.41708926,-16,0.113090773,0.025241387,0.821011041,0.190833706,0.155240092,0.273146247,0.043587258,0.119003699,0.035550098,1516.974594,463.3040359,808.3711093,-494.4853191,-494.4853191,1171.907521,155.7934322,179.6273921,14.31782106,2.980480953,1.414213562,108.523146,86.09799402,NA,NA,0.335145568,-0.146047104,NA,0.205010497,-0.182597359,0.166053791,0.485865473,-0.137171643,0.273650339,-0.177619467,-0.256644475,0.353698636,-0.354245628,0.316186855,34.90852078,1095.814321,0.178640201,2412,165039,13242441,1131199185,259278,18933570,1534543218,1.29971e+11,30697736,2317691270,1.88603e+11,1.58921e+13,0.095179253,0.031450428,0.027662793,0.022643197,0.018439771,0.010278904,0.003621896,0.019783858,0.011316694,0.003454526,0.011963602,0.005359074,0.007453673,0.011401508,0.012791323,0.003874035,0.004074721,0.008734771,0.009184629,0.000544934,0.005297355,0.006754446,0.007853343,0.006397965,0.002964538,0.002714227,0.004769637,0.008053198,0.001618114,0.000515726,703.4241294,332.4950249,0,7,16,7,35,31,4,498.3990674
291,48,3,8,blind_batch2_0005.tif,mpfc,1626,4224,861,444,795,380,827.1728167,417.3154982,1626,1.77635683940025e-12,313420.4385,818677.7236,-3.55E-13,14513.34502,-1964977.189,8572230.272,280959.1494,-1331968.279,75335951.45,-580530306.8,7.129510811,3091,0.369492575,45.50041208,-1,0.384943182,0.140262078,0.224813716,0.000271282,0.00435946,0.000676434,-2.98E-07,-5.03E-06,1.12284508825642e-06,196.1641855,169.3829165,192.7554972,-8.925796444,-8.925796444,172.7916048,56.02345016,77.3369252,14.31782106,4.170196416,3,58.12626956,52.0588769,NA,NA,0.118545816,0.007679123,NA,0.00548942,-0.018431308,0.001994032,0.1062679,-0.012493742,0.017524299,-0.003348906,-0.007127515,0.007432032,-0.008207838,0.00348157,69.09855427,381.6761902,0.526043352,1626,52313,1996477,85218203,60675,1966599,73468427,3043943235,2545077,81633473,2983482341,1.20422e+11,0.345680381,0.105365108,0.11265665,0.031334717,0.059287943,0.020952677,0.013068574,0.017626265,0.008261557,0.017415654,0.008227108,0.006100233,0.003651838,0.005791531,0.002227228,0.015217668,0.013284001,0.006866725,0.009013694,0.012992916,0.001426733,0.005405087,0.008537943,0.003360114,0.010802114,0.011060282,0.004744182,0.008803802,0.008919568,0.000923534,827.1728167,417.3154982,0,8,17,8,3,2,5,37.79899019
292,49,3,9,blind_batch2_0005.tif,mpfc,2163,8236,911,504,795,433,836.7337032,467.9463708,2163,-6.85E-12,1496820.613,42011976.51,1.03383968053095e-11,-150771.8904,-9818595.601,-701749991.9,522001.779,-1517029.492,409697527.8,9830596321,24.90643432,6006,0.819441381,52.47873031,-16,0.262627489,0.040150267,0.431504247,0.047567273,0.067194286,0.035805287,0.001753658,0.007793351,9.54191178733222e-05,702.5461569,230.7975287,692.0113791,69.70498864,69.70498864,241.3323065,106.0223491,118.7013058,12.52996409,3.089984253,2,63.87496516,60.76808751,NA,NA,0.319931289,0.193077566,NA,-0.03222607,-0.04512405,-0.069344634,0.111572957,-0.006971925,0.040484967,0.020887288,0.010919119,-0.012097863,-0.006323242,-0.015514561,-81.40571411,822.7899346,0.36013986,2163,90270,5264122,386639016,75589,3003837,161558825,10792782255,3163563,119972309,6055232909,3.73296e+11,0.19469975,0.054954318,0.060900909,0.039013578,0.042451621,0.01522981,0.010933846,0.028047368,0.00427414,0.012416348,0.011756847,0.009329829,0.004930934,0.014569119,0.003206921,0.010481348,0.00347821,0.007635294,0.009276102,0.006744186,0.000856768,0.0041976,0.004559779,0.013347091,0.007616837,0.003889017,0.007616266,0.005606671,0.007443074,0.003665071,836.7337032,467.9463708,0,9,18,9,24,20,7,254.735068
293,50,3,10,blind_batch2_0005.tif,mpfc,1381,5270,602,521,517,459,559.0615496,482.9753802,1381,-1.15E-12,467843.7683,-1055734.115,2.8208546609676e-12,-50575.90731,2039052.222,-59404390.93,201827.1629,-268320.7746,95509051.62,-786399294.7,18.41529607,3707,0.772317721,41.93261036,-13,0.262049336,0.054302684,0.351134976,0.022268536,0.005277766,0.00215689,-2.68E-06,-0.000119226,-6.76E-06,345.4995705,139.4178308,338.7717366,36.62267003,36.62267003,146.1456647,74.35047497,94.62557794,8,2.217273807,2,48.89389061,47.2301312,NA,NA,0.245309006,-0.014896024,NA,-0.02651895,0.028770284,-0.022554724,0.10582597,-0.003785908,0.036262981,-0.008034618,0.013748837,-0.018389879,0.016891865,-0.012965894,-79.59044078,565.3158005,0.372538441,1381,58087,2911073,160744975,33110,1342082,67578532,3783381848,995652,39185192,1997106782,1.13877e+11,0.19637523,0.040807641,0.094335235,0.009749219,0.045929988,0.005718192,0.01734141,0.010237311,0.001310571,0.02601707,0.006866381,0.002055806,0.008544397,0.008752777,0.012758869,0.004965056,0.010671302,0.003479628,0.005494811,0.001210794,0.001009995,0.005593708,0.012520965,0.003975097,0.004043664,0.009372335,0.010584177,0.005892448,0.001356867,0.001387187,559.0615496,482.9753802,0,10,19,10,13,14,2,184.4802332
294,51,3,11,blind_batch2_0005.tif,mpfc,1057,5546,104,545,10,486,66.55156102,512.2592242,1057,3.12638803734444e-12,493033.4399,-8712308.444,5.44986278327997e-12,-186307.1277,3982825.935,-212312765.2,176912.9726,-2193420.836,96163457.79,-3038920358,9.757804053,3142,0.918430862,36.68534038,-5,0.190587811,0.102482074,0.599639304,0.191287344,0.100813288,0.106160094,0.010788759,0.046318836,0.002053722,548.0562916,85.76245252,466.446017,176.2602911,176.2602911,167.3727271,93.64240847,93.94147114,11.04536102,2.944213978,2,41.63719333,37.04320775,NA,NA,0.441292353,-0.239853342,NA,-0.166755242,0.109648794,-0.179784044,0.158346951,-0.060385754,0.081430126,-0.079151083,0.016907829,-0.050713197,0.043883673,-0.050558758,-65.15539234,360.0132393,0.33640993,1057,59775,3873403,266098299,27756,1383338,84623466,5663452436,905764,39244386,2187262658,1.38176e+11,0.152250848,0.033132036,0.050507396,0.038836707,0.033567735,0.007669427,0.00357962,0.033541175,0.01600844,0.020305692,0.009108504,0.005237361,0.011942832,0.019366251,0.010590502,0.011385229,0.012465789,0.00828816,0.00859462,0.00301917,0.005564593,0.003378374,0.007739819,0.006133783,0.008532331,0.009018871,0.008811127,0.005310258,0.006231693,0.001471761,66.55156102,512.2592242,0,11,21,11,10,9,1,106.8111847
295,52,3,12,blind_batch2_0005.tif,mpfc,1260,5610,502,650,392,599,433.8690476,627.0452381,1260,-1.73E-12,656715.3929,10261039.16,3.32178728967847e-12,133563.4643,389455.3764,172655534.6,98844.42143,-485336.0634,65048841.64,-130510476.5,16.70969228,3120,0.948827853,40.05348707,-11,0.22459893,0.059845507,0.475913211,0.151787661,0.043778666,0.030109239,0.001092309,0.010813804,-4.29E-05,545.2729197,54.37772655,521.2026927,-106.0027494,-106.0027494,78.44795351,93.4043185,110.6435719,10.29563014,2.696377705,2,37.94840057,29.49650191,NA,NA,0.413652931,0.182081148,NA,0.084129166,0.006910848,0.086311541,0.062260281,-0.008612242,0.032518307,-0.001838013,-0.002694452,0.014699349,-0.003793125,0.011999165,77.20668545,514.3685784,0.403846154,1260,52755,2865517,185229603,35337,1613090,91937912,6118799360,1089879,52638498,3100694452,2.10259e+11,0.131047364,0.033699005,0.062363066,0.024038466,0.034951119,0.009959731,0.02154127,0.020148209,0.009165385,0.021622992,0.017055422,0.003218107,0.010494513,0.009625449,0.007684407,0.005099233,0.012921104,0.013575428,0.006729983,0.001316888,0.005862205,0.005621037,0.006580627,0.003784629,0.003188103,0.008632022,0.005950417,0.006141065,0.003349127,0.000888781,433.8690476,627.0452381,0,12,24,12,14,14,4,231.0365832
296,53,3,13,blind_batch2_0005.tif,mpfc,2331,12733,774,670,667,551,720.954097,618.5002145,2331,8.14281975181075e-12,1231452.088,12166673.43,7.27595761418343e-12,-502587.477,-14523278.24,-908236049,1347556.75,12440815.82,1052154624,29779760982,27.62970559,8216,0.750715116,54.47863231,-16,0.18306762,0.03619293,0.474644315,0.03467929,0.026907203,0.016606347,0.000350136,0.003045412,-2.51E-05,770.2417461,336.1541519,528.2934742,215.6102433,215.6102433,578.1024238,111.0129179,127.1416533,12.04159458,2.774388557,2,84.33408879,73.33802854,NA,NA,0.226638127,0.046378443,NA,-0.092496887,-0.055361643,-0.071708711,0.248006188,0.047423453,0.083071633,0.04869936,-0.032998704,-0.066776911,-0.063001399,-0.060382433,-41.70557003,899.6305551,0.283714703,2331,125767,8017097,577605673,157343,7986712,472399182,31340336038,11968243,590327034,33563380228,2.11961e+12,0.178371015,0.039994254,0.065712959,0.025495171,0.027417157,0.010945453,0.018606843,0.012740861,0.003379103,0.012079299,0.021265936,0.008014887,0.00081035,0.011959256,0.011531216,0.009439154,0.008457475,0.013360786,0.007761685,0.005667481,0.007244224,0.007455519,0.013545311,0.005790798,0.004686445,0.008961823,0.006936593,0.008495676,0.002345907,0.002113824,720.954097,618.5002145,0,13,25,13,14,11,7,283.7350689
297,54,3,14,blind_batch2_0005.tif,mpfc,2208,9570,369,736,259,649,322.2395833,682.0190217,2208,-4.01E-12,1119116.26,-13753828.18,-5.91E-12,-20678.0625,800320.2899,-14518772.7,840709.2011,-4950457.439,273412688.3,-5587879114,19.20396854,5995,0.501159603,53.02181546,-5,0.230721003,0.05207257,0.40199371,0.003333059,0.001410131,0.009289718,-3.27E-05,0.000301826,7.92456744734741e-06,507.5379064,380.0642048,506.8461324,9.365064538,9.365064538,380.7559788,90.11440785,109.3709285,12.64911064,3.165979017,2.118033989,80.56305419,77.98094175,NA,NA,0.229549879,-0.060037959,NA,-0.004241424,0.003493543,-0.001348754,0.172443831,-0.021609646,0.025399283,-0.01104715,0.04772546,-0.009389545,0.005397917,-0.003488124,-85.77537639,729.9615075,0.368306922,2208,139633,9949449,756990073,72906,4589867,326706049,24884298761,3247994,199085791,13737068765,1.01751e+12,0.234432335,0.038536116,0.083045405,0.015971184,0.042409287,0.008213399,0.007986557,0.011758723,0.011136135,0.035191073,0.013918827,0.004383292,0.010319148,0.006374292,0.002197681,0.004885822,0.019685338,0.013003517,0.003453271,0.003367396,0.005003207,0.009191154,0.01174919,0.0066335,0.007045093,0.007016954,0.010471614,0.009148993,0.004832759,0.001110255,322.2395833,682.0190217,0,14,26,14,19,15,3,221.5218649
298,55,4,1,blind_batch2_0010.tif,mpfc,2784,17930,673,185,563,22,613.5542385,97.30747126,2784,-6.57E-12,1099949.81,336713.4035,1.09992015495664e-11,-1290561.428,204370.7699,-1328640617,3916016.805,881966.9328,2109408716,532622110.4,69.18592702,10397,0.929864712,59.53737391,-41,0.155270496,0.014453806,0.647166719,0.24291294,0.00116177,0.001277148,1.55019887952003e-06,0.000386892,-1.31E-07,1586.919962,214.7921843,395.0969145,463.5637314,463.5637314,1406.615232,159.344656,175.6929139,8.062257748,1.726979689,1,79.45816765,58.62316051,NA,NA,0.141916995,0.000823355,NA,-0.166509961,0.000499742,-0.061574349,0.505249724,0.002156648,0.097758166,0.000467818,0.035113008,-0.184587131,-0.004504772,-0.06237543,-21.25372047,1555.780879,0.267769549,2784,140743,8215105,526859341,209656,9308438,488376454,28483815824,19704680,802659224,39174031688,2.13533e+12,0.114834097,0.013314071,0.05812543,0.019035915,0.015553672,0.006095781,0.023835337,0.014875858,0.006296943,0.012445096,0.007781267,0.002741815,0.014590348,0.003408158,0.005540335,0.002938614,0.010418643,0.003139446,0.004652155,0.000967203,0.00762807,0.005993858,0.003639808,0.002151475,0.002401354,0.008318188,0.002975247,0.002721012,0.001213177,0.000388932,613.5542385,97.30747126,0,1,1,1,52,53,16,820.3595313
299,56,4,2,blind_batch2_0010.tif,mpfc,2941,20806,139,250,36,48,89.57361442,144.9411765,2941,1.15676357381744e-11,1824077.312,-1657145.211,-2.79E-11,-2290440.765,12533193.28,-3171203778,4852002.824,-27403128.23,5673236971,-73676268749,70.89945943,10479,0.950059814,61.19311645,-35,0.141353456,0.01410448,0.771847483,0.403039556,0.030190059,0.010306384,0.000176348,0.006198382,4.41857671833071e-05,2068.554477,201.4489692,620.2234997,778.7965878,778.7965878,1649.779947,181.9254563,219.4196892,7.280109889,1.627578205,1,78.98209671,56.77308787,NA,NA,0.210888643,-0.003532832,NA,-0.264806728,0.026719245,-0.124663431,0.560958839,-0.058420138,0.223021047,-0.053406613,0.053705956,-0.418860088,0.098164163,-0.224638487,-28.26781006,1618.728102,0.280656551,2941,157560,10265136,743728122,285104,12983611,762233173,51219417625,32490320,1269144703,67978961317,4.28953e+12,0.077777495,0.006580997,0.047326577,0.012189499,0.007603383,0.001759726,0.027568525,0.011498613,0.005459174,0.006137448,0.002662998,0.001096417,0.016182746,0.007923329,0.005053618,0.003471069,0.005522137,0.001697654,0.002351184,0.000761119,0.008750141,0.005372086,0.003025615,0.003387702,0.002472337,0.006358853,0.000914213,0.003032132,0.001767079,0.000556761,89.57361442,144.9411765,0,2,2,2,47,41,13,696.2224465
302,59,4,5,blind_batch2_0010.tif,mpfc,5438,30096,429,514,220,370,320.4183523,444.4507172,5438,-1.17E-11,14318861.25,169168963.7,-1.09E-11,-817168.3816,23496231.93,-9379637602,5223366.292,16591697.01,15489598827,4.30298e+11,141.179002,25830,0.801322488,83.20983502,-92,0.180688464,0.007083206,0.660838991,0.097655432,0.005048053,0.007261007,3.16224590056452e-05,0.002250918,-3.05E-05,2646.505157,947.1372745,2633.111668,150.2700224,150.2700224,960.5307636,205.7767783,240.4163056,9.433981132,1.713399605,1,140.3377424,123.1023817,NA,NA,0.484205897,0.07757516,NA,-0.027633325,0.010774577,-0.05832684,0.176633094,0.007608391,0.09632135,0.036285381,-0.012958625,-0.022000021,-0.007351306,-0.039953294,-84.90671559,3106.058187,0.210530391,5438,546075,69154813,9989334249,404863,39838507,5008004251,7.16691e+11,35365707,3446280179,4.33874e+11,6.22341e+13,0.119790253,0.002510039,0.060102596,0.014045701,0.007353573,0.002590383,0.012868969,0.016827747,0.002666051,0.005008317,0.00576374,0.001830978,0.008352275,0.011296981,0.002869362,0.003176228,0.003400434,0.004877036,0.001751807,0.001981036,0.012560995,0.004901218,0.004871783,0.002020241,0.002135136,0.002498237,0.001435713,0.00101117,0.002834042,0.00101362,320.4183523,444.4507172,0,5,5,5,139,140,20,1796.103845
303,60,4,6,blind_batch2_0010.tif,mpfc,6860,46556,295,547,69,341,164.9094752,431.3014577,6860,-8.40E-11,13690072.78,132292072.6,-1.55E-10,-3510603.795,-317445721.4,-32113448180,15378694.59,163429277.7,36060880039,2.27295e+12,199.6282704,29341,0.630857857,93.45813649,-119,0.147349429,0.005009311,0.617701115,0.023547665,0.085801437,0.008024896,0.000206038,0.000953159,4.34756572882099e-05,2645.056847,1592.372798,1995.637432,511.7498243,511.7498243,2241.792214,205.7204646,262.7318024,10.29563014,1.552701488,1,170.6732278,159.6181843,NA,NA,0.290909247,0.033940914,NA,-0.0745991,-0.081444018,-0.099475148,0.326791868,0.041929489,0.111702778,0.085007301,0.033814427,-0.073786936,-0.060466778,-0.090668958,-38.23850863,4148.375034,0.233802529,6860,657939,76792657,10123450899,619468,55902247,5943642813,6.93833e+11,71317558,6369433559,6.56117e+11,7.34843e+13,0.12488069,0.031835308,0.048122452,0.008154144,0.02021842,0.00541678,0.009126116,0.003458646,0.004597049,0.00448835,0.003334887,0.003488197,0.003311855,0.009200051,0.005498658,0.004906778,0.007221422,0.00566078,0.000418112,0.00127616,0.001263844,0.006976703,0.004377396,0.002935828,0.003060313,0.00665627,0.00253459,0.0012215,0.001608628,0.001242419,164.9094752,431.3014577,0,6,6,6,166,180,22,2399.184153
304,61,4,7,blind_batch2_0010.tif,mpfc,3992,23688,567,557,426,389,501.0871743,462.8248998,3992,4.11404244005098e-11,2943199.663,-24533257.19,4.68105554318754e-11,-2308596.065,-12353846.12,-3925133989,7228950.605,-26220428,7140410956,-12333211566,104.5886933,15663,0.874588127,71.29356396,-95,0.168524147,0.009561263,0.638310079,0.15627034,0.037505529,0.021302942,0.000429523,0.008363342,0.000422018,2063.106546,485.0272884,737.2744648,578.3056275,578.3056275,1810.85937,181.6857307,198.3380952,9.055385138,1.644483258,1,116.0828137,88.09334036,NA,NA,0.184687992,-0.024365699,NA,-0.144866139,-0.012269471,-0.061699677,0.453622087,-0.026041347,0.112241021,-0.003068381,0.149244185,-0.183051453,0.033504531,-0.075600874,-23.56601914,2290.564717,0.254868161,3992,299748,25450430,2328460710,294709,19820270,1519829688,1.26142e+11,28985813,1809378620,1.29655e+11,1.01475e+13,0.129207694,0.011490433,0.060208189,0.021653206,0.014306844,0.004304943,0.021249395,0.016932605,0.010958821,0.010822835,0.006403815,0.002861154,0.013986485,0.010710011,0.01207951,0.005898957,0.007948426,0.005850516,0.002099087,0.002517845,0.007922637,0.007156165,0.005463434,0.007992299,0.002944339,0.006206222,0.003311038,0.002845884,0.003164859,0.002056717,501.0871743,462.8248998,0,7,7,7,87,92,20,1131.479376
306,63,4,9,blind_batch2_0010.tif,mpfc,7045,39904,959,687,787,455,872.694819,581.3112846,7045,-3.45E-11,14753193.86,-59957321.3,2.37619701692893e-10,5036925.262,-28654394.71,16204927116,22093986.35,187649668.2,52450557590,4.6255e+11,194.2447228,33256,0.711018056,94.70993925,-118,0.176548717,0.005148145,0.742407351,0.063072832,0.023697285,0.005048962,5.5225670619812e-05,-0.000328822,4.01390893773215e-07,3499.781294,1730.478495,2094.136815,-714.964551,-714.964551,3136.122974,236.6357976,247.4267568,9,1.58683246,1,166.1339012,166.3960815,NA,NA,0.2972515,-0.014392616,NA,0.101485387,-0.006878421,0.046345128,0.445155852,0.045044867,0.150005477,0.0157607,-0.057226194,0.083839475,-0.040280918,0.038372715,26.95962985,4146.866412,0.211841472,7045,603720,66488870,8166338916,889863,81293574,9232916984,1.15131e+12,134493725,12985506092,1.51851e+12,1.92541e+14,0.146267234,0.020444806,0.040765499,0.014911221,0.012536761,0.00944305,0.008691179,0.003367293,0.010978953,0.009049678,0.008466772,0.01034169,0.011546513,0.003281172,0.010594574,0.004436565,0.011870984,0.005330464,0.01258277,0.002473437,0.006518596,0.009612507,0.00478446,0.003581646,0.001221629,0.005969668,0.004351964,0.008959174,0.001391354,0.002321768,872.694819,581.3112846,0,9,9,9,198,217,18,2530.279611
308,65,4,11,blind_batch2_0010.tif,mpfc,5864,34825,556,973,381,774,463.3422578,879.9254775,5864,3.90230070479447e-11,7385148.089,32522921.3,-1.10E-10,-4588430.433,-52427960.42,-15621190848,12048082.43,70805371.42,16411270882,2.84232e+11,150.2473497,22508,0.832192934,86.4076194,-106,0.168384781,0.006655691,0.565141343,0.089610068,0.004833603,0.005994427,3.18397112260648e-05,0.001793155,-5.23E-06,2534.686882,779.3019524,1259.404517,782.4744941,782.4744941,2054.584317,201.3826956,206.5187643,10.63014581,1.665872758,1,138.3979487,111.6639209,NA,NA,0.214768847,0.012351072,NA,-0.133436987,-0.019910312,-0.077469768,0.350372496,0.026889412,0.081387991,0.018407493,-0.04683256,-0.078799648,-0.023028142,-0.041676829,-31.53201306,3327.402379,0.260529589,5864,482855,47144519,5130728597,621147,46558216,4185734282,4.2157e+11,77843375,5508541258,4.67541e+11,4.42472e+13,0.174999449,0.018823547,0.062240844,0.03071822,0.009336767,0.004566028,0.009099513,0.020687972,0.006463374,0.005792391,0.003936687,0.002193167,0.003046737,0.005278114,0.004054865,0.007120046,0.008305748,0.002979423,0.00250283,0.000488281,0.001126835,0.002432922,0.00330785,0.007498101,0.006545399,0.004950591,0.00258285,0.001841436,0.003155322,0.000669093,463.3422578,879.9254775,0,11,11,11,111,114,34,1763.003339
309,66,4,12,blind_batch2_0010.tif,mpfc,4587,24265,157,979,42,768,94.75692174,884.5530848,4587,1.3855583347322e-12,2679743.968,29194169.42,-4.86E-11,-260439.3104,31294906.16,411491832.8,10111127.82,17245564.54,4732579750,42757890630,108.5088722,17257,0.857968724,76.42218128,-69,0.189037709,0.009215836,0.607914729,0.125358224,0.071224011,0.032947518,0.001414035,0.011174755,0.000740195,2206.288198,582.216662,584.2040479,56.77770012,56.77770012,2204.300812,187.8845687,214.9790687,11.70469991,1.806842954,1,110.9181806,96.51666484,NA,NA,0.127360813,0.020486807,NA,-0.012377959,0.021960984,0.004263586,0.480553916,0.012101956,0.049035626,0.006541324,-0.200526072,-0.049043737,0.002810942,-0.00463557,-2.00470178,2500.93225,0.265805181,4587,241996,15446708,1126865020,534629,27944941,1804176421,1.3453e+11,72423787,3777391617,2.45421e+11,1.84721e+13,0.126370733,0.015734908,0.061454312,0.018685949,0.018904429,0.004440699,0.017357432,0.01844254,0.005974856,0.010663614,0.004396085,0.001901341,0.004641379,0.01023214,0.004925833,0.004758921,0.00781628,0.001719573,0.001897897,0.001020987,0.002259316,0.006427595,0.003114529,0.006164537,0.002958506,0.006886242,0.003235267,0.002906244,0.003217165,0.000533449,94.75692174,884.5530848,0,12,12,12,94,104,14,1372.917983
310,67,4,13,blind_batch2_0010.tif,mpfc,3552,19332,675,989,567,810,618.6900338,885.8747185,3552,2.42579289988498e-11,1775833.727,4619396.166,-5.46E-12,438545.065,-22936702.77,772667293.8,5529317.25,-32916906.98,2631689449,-18216255568,90.82692812,14464,0.831146021,67.24988374,-53,0.183736809,0.011009951,0.57900629,0.09333969,0.039328609,0.001853893,-1.19E-05,-0.000400584,1.04051675399099e-05,1570.910609,485.7197338,499.953189,-123.4642638,-123.4642638,1556.677154,158.5388588,179.2344833,10.29563014,1.780166017,1,106.0592671,88.15620081,NA,NA,0.140752587,0.006143315,NA,0.034759083,-0.030503424,0.017241445,0.438253703,-0.043776056,0.058724019,-0.006820304,0.051423979,0.001073245,-0.021864158,0.011138809,6.57625595,2013.486507,0.245575221,3552,183603,11266279,770559549,269507,14369371,877225863,59197051831,25978085,1376440151,82261164575,5.43671e+12,0.138229584,0.020292276,0.062819596,0.019575048,0.014372302,0.003702909,0.026711077,0.009598047,0.004754602,0.014196323,0.004609048,0.004947539,0.016069754,0.005115994,0.001668946,0.000973091,0.010366083,0.003498804,0.006050346,0.005189978,0.007733963,0.006716989,0.002707096,0.001791124,0.001408766,0.005929725,0.003229422,0.002624312,0.004199403,0.00481615,618.6900338,885.8747185,0,13,14,13,87,83,17,1067.383923
311,68,5,1,blind_batch2_0012.tif,mpfc,1585,7320,637,121,576,1,608.1287066,45.71419558,1585,3.11928260998684e-12,232121.7438,-1164086.198,1.20792265079217e-11,-12583.6959,775370.1337,-6217632.727,724257.5306,3730185.643,63662721.22,221976826.3,11.80965402,4113,0.824675609,44.92309738,-1,0.216530055,0.084676486,0.380690135,0.038475752,0.024971353,0.017444834,0.000346646,0.003092874,0.00011138,457.1476846,146.2461794,146.4490497,7.939240315,7.939240315,456.9448143,85.52404898,119.4194289,11.04536102,2.993927574,2.236067977,56.43556504,48.37291464,NA,NA,0.092396877,-0.011638901,NA,-0.005008984,0.007752395,-0.001561483,0.288293258,0.037295573,0.01598812,0.001400249,0.121810597,0.024096905,0.007345027,0.000963904,-1.463752797,484.9959954,0.385363482,1585,50924,1868244,73775720,70872,2264442,83503802,3328370556,3893242,127689676,4783292060,1.92076e+11,0.141332179,0.040865458,0.070187632,0.020239312,0.041308878,0.006071658,0.017799828,0.020093559,0.00932126,0.022663623,0.004760982,0.004266705,0.003940599,0.011830427,0.009346259,0.005920492,0.007230384,0.001469194,0.005555413,0.002471957,0.007382018,0.00460132,0.005563159,0.008210272,0.003532627,0.005845277,0.001772979,0.003775124,0.004344099,0.001460417,608.1287066,45.71419558,0,1,2,1,4,2,2,65.52691275
312,69,5,2,blind_batch2_0012.tif,mpfc,2114,10998,973,152,879,35,926.4195837,79.68164617,2114,-9.21E-12,705276.8292,-5240151.2,1.08357767203415e-11,-477135.6202,8435942.747,-561389337.2,1105104.748,-8603877.772,733434458.8,-16268138922,17.89066686,7147,0.852840631,51.88090591,-8,0.192216767,0.055895066,0.405098053,0.053600039,0.010866242,0.022814858,0.000320921,0.005118709,-0.000161406,672.901922,183.4753614,333.6219627,225.7027531,225.7027531,522.7553207,103.7614126,138.5388032,13.89244399,3.784331603,2.236067977,72.03116912,54.18123091,NA,NA,0.157815498,-0.025502418,NA,-0.10676573,0.041055483,-0.059422266,0.247282555,-0.041872778,0.077632999,-0.037451605,0.094131207,-0.087173075,0.065384334,-0.060358816,-33.63345757,689.3990617,0.295788443,2114,100245,5458853,320504253,94457,4001976,207095336,11740669284,5325599,201295400,10010803776,5.57179e+11,0.140107431,0.036188645,0.07163672,0.020693626,0.037871157,0.009879405,0.017144601,0.022392532,0.004923666,0.019650717,0.019186799,0.002001463,0.004532795,0.010357538,0.007038418,0.002081481,0.008005507,0.016711945,0.005513238,0.000946385,0.006991572,0.00239009,0.005724268,0.001030146,0.002142646,0.007126165,0.007723696,0.006434742,0.001392999,0.001037659,926.4195837,79.68164617,0,2,3,2,21,18,5,248.7350672
313,70,5,3,blind_batch2_0012.tif,mpfc,1742,10988,207,219,140,55,179.152698,117.1900115,1742,-1.57E-12,443863.3823,-1492519.419,1.25055521493778e-12,-795364.5431,5183240.37,-465146354.9,2144730.106,-20039180.92,1080888202,-17413385758,21.44070592,6226,0.97322715,47.09546992,-14,0.158536585,0.046640255,0.85303638,0.588947202,0.373038917,0.344944849,0.123710389,0.261141277,0.002593217,1411.425307,74.5640666,254.8010231,456.5812532,456.5812532,1231.18835,150.2757629,166.3881005,10.44030651,2.690743821,2,46.85524585,34.54019493,NA,NA,0.146269244,-0.011784187,NA,-0.262101753,0.040924273,-0.087992401,0.706767136,-0.158219348,0.204473167,-0.078925019,0.521253321,-0.516795686,0.214027569,-0.201291761,-21.54179177,685.0914498,0.279794411,1742,68204,3114234,155195042,108335,3446243,136576153,6137525135,8882085,228790951,7742182725,3.09266e+11,0.080114982,0.017753768,0.037845081,0.018992972,0.018732679,0.004881337,0.014755792,0.018387966,0.008265843,0.009685531,0.008975079,0.002126293,0.005130115,0.013809503,0.008256,0.004849552,0.00563782,0.007195989,0.004148359,0.001639334,0.001592305,0.009358672,0.005951629,0.005553344,0.003275473,0.00475845,0.005928828,0.002777533,0.00294227,0.001421071,179.152698,117.1900115,0,3,5,3,20,17,6,269.9777092
314,71,5,4,blind_batch2_0012.tif,mpfc,2290,13392,455,144,311,51,397.2528384,115.2515284,2290,1.44098066812148e-11,1884350.607,-44632888.75,-1.27E-11,-327896.6349,6065302.254,-934491697.5,871659.1197,2845862.069,405651518.4,-591756270.1,23.05014079,8244,0.780354175,53.99739399,-12,0.170997611,0.043383683,0.525544846,0.052930106,0.071411372,0.032105935,-0.000334414,0.001752981,0.001500497,865.1737748,338.3239222,822.8605269,143.1863035,143.1863035,380.6371702,117.6553458,148.2228053,13.89244399,3.183469074,2,88.96417385,73.57433489,NA,NA,0.359327741,-0.177855087,NA,-0.06252677,0.024169282,-0.077816017,0.166217105,0.011340316,0.03377899,-0.001029719,-0.09034153,-0.011723569,-0.00507595,-0.010608669,-73.53696607,814.4406922,0.277777778,2290,197519,18920925,1912411775,147136,12363001,1165199621,1.16192e+11,10325372,851302785,79002568369,7.76333e+12,0.132597728,0.032689639,0.058565998,0.013076047,0.037748988,0.008307434,0.001532944,0.012164783,0.003086003,0.022062682,0.016784317,0.002451424,0.010772755,0.012606186,0.001665744,0.003609364,0.008801939,0.013451306,0.005963404,0.001461624,0.003030702,0.013874189,0.006282021,0.004185474,0.002199662,0.002176494,0.005401731,0.005561402,0.004876491,0.000263246,397.2528384,115.2515284,0,4,6,4,21,18,6,295.3919224
315,72,5,5,blind_batch2_0012.tif,mpfc,2248,20000,566,260,406,135,488.125,192.9746441,2248,0,2843699.875,-24642060.84,1.16529008664656e-11,-1542884.875,36579900.6,-4904875662,1613453.555,-22597760.26,3488114854,-1.28E+11,42.52701598,11442,0.924160705,53.49992987,-18,0.1124,0.023514464,0.881992659,0.432121662,0.207832304,0.07568662,0.008953901,0.046699452,-0.003152319,1730.231955,252.4875423,1264.991048,686.3366882,686.3366882,717.7284496,166.3842279,182.5376673,10.29563014,2.134364595,1.414213562,91.99075969,63.55942634,NA,NA,0.562718438,-0.102845728,NA,-0.305309915,0.152669314,-0.431756696,0.319274221,-0.094313667,0.307044877,-0.23710141,0.0392025,-0.233651886,0.186531084,-0.395820175,-55.8681838,1096.063059,0.196469149,2248,184617,18005371,1921126737,130327,9160220,827016036,84266102810,9169115,551519406,46033195430,4.4817e+12,0.085825211,0.01629185,0.038905452,0.015425725,0.016070858,0.005555574,0.0158777,0.011985679,0.004166786,0.011000027,0.009433844,0.001936714,0.008756745,0.009317142,0.001899782,0.00268418,0.006108924,0.008351425,0.004706601,0.001402511,0.006744402,0.006379196,0.002928738,0.002593492,0.002238614,0.003242499,0.009199268,0.003804321,0.002455039,0.001133437,488.125,192.9746441,0,5,8,5,31,27,8,546.8843511
316,73,5,6,blind_batch2_0012.tif,mpfc,1270,5848,1011,299,925,231,968.8480315,261.5645669,1270,-6.09E-12,423073.6701,-1222904.925,2.8599345114344e-12,238752.9614,2841189.899,146952473.3,331088.2055,2828376.443,136025306.8,1977169929,12.24871078,3746,0.885464973,40.21211536,-2,0.217168263,0.081641245,0.467581298,0.090900674,0.043714157,0.006327547,4.53935872571086e-05,0.000959916,9.49422419802883e-05,488.3649646,105.4632839,333.1288741,-187.9944578,-187.9944578,260.6993744,88.3959243,91.40021882,11.3137085,2.835724609,2,55.3423141,41.0781273,NA,NA,0.2623062,-0.021275677,NA,0.148027132,0.04943004,0.071740721,0.205275098,0.049207116,0.066406188,0.027085133,0.02505071,0.060211631,0.026175615,0.033382761,50.45186953,442.1320344,0.339028297,1270,55687,2864839,161496541,38817,1940802,111341448,6833881110,1517513,83963096,5150523930,3.30977e+11,0.191801511,0.008620098,0.082947755,0.035068822,0.018236396,0.01635214,0.032889542,0.035282456,0.006311997,0.020168809,0.009705466,0.00704318,0.011908182,0.024322482,0.009818559,0.006946625,0.011217151,0.002712621,0.011129243,0.003976504,0.002578362,0.014502255,0.007618718,0.004500075,0.006071049,0.003796823,0.00207098,0.010722539,0.001605619,0.003652232,968.8480315,261.5645669,0,6,14,6,8,6,3,72.32590216
317,74,5,7,blind_batch2_0012.tif,mpfc,1876,11739,368,316,239,225,317.4776119,279.4040512,1876,5.41433564649196e-12,1142966.06,-28973915.1,-7.18E-13,52535.97015,4431986.7,3156662.429,486605.7292,5125680.574,160517718.5,1101262564,20.78462273,6871,0.76121862,48.87327885,-4,0.159809183,0.048112492,0.463028613,0.035673238,0.10082063,0.024594237,0.000996892,0.004644253,0.000711381,611.4842801,257.1573984,609.2569615,-28.00424848,-28.00424848,259.3847171,98.91283275,130.418557,12.16552506,2.905166412,2,83.03909042,64.14451165,NA,NA,0.324763839,-0.190075043,NA,0.014927638,0.029074775,0.000478112,0.138264775,0.033625554,0.024312212,0.003851022,-0.039928082,-0.006439498,0.002016095,-0.000266591,85.45255125,699.9909448,0.273031582,1876,147224,12696754,1146831512,102062,8062118,703432636,64409537570,6039192,484783386,42921203884,3.98267e+12,0.139612331,0.030218746,0.069823969,0.016916789,0.031761276,0.004588706,0.022794435,0.022316195,0.007275503,0.019102855,0.002528187,0.004007931,0.006541727,0.017721292,0.00605389,0.004854365,0.009468157,0.003466083,0.003545198,0.001045447,0.003032597,0.011105366,0.003109554,0.004950497,0.000903049,0.006130439,0.004684563,0.001003848,0.001248178,0.002654149,317.4776119,279.4040512,0,7,15,7,15,10,6,203.8233789
318,75,5,8,blind_batch2_0012.tif,mpfc,1180,4740,562,391,502,312,533.5457627,361.2516949,1180,1.64845914696343e-12,119000.5288,-217527.9738,4.77484718430787e-12,36580.90847,316135.7169,28756020.74,429602.2466,569426.8579,36284628.76,54703732.81,11.77855487,2964,0.857617752,38.76109729,-8,0.248945148,0.084900059,0.393997971,0.052520759,0.021424405,0.013115449,0.000219042,0.002813145,-1.88E-05,367.6715098,97.24609649,100.8479058,-31.00076989,-31.00076989,364.0697005,76.69904926,78.05767099,11.18033989,3.15739056,2,47.93883682,39.44537418,NA,NA,0.085464327,-0.004547892,NA,0.026271839,0.006609499,0.017501802,0.308533645,0.011905097,0.022083945,0.000969237,-0.120895634,-0.005243657,0.000991583,0.00436452,6.627169002,417.9188309,0.398110661,1180,37224,1293260,48087270,58117,1869926,66319328,2536262642,3291963,108020254,3895302680,1.51859e+11,0.241071009,0.066064067,0.061439907,0.053601494,0.034456354,0.014265678,0.002917246,0.037681919,0.016851794,0.012671322,0.016529306,0.015018879,0.008084764,0.013268048,0.020205786,0.006309426,0.008924861,0.01036789,0.010982511,0.011851777,0.003932365,0.008093829,0.009714238,0.001117752,0.005844315,0.005080644,0.003321906,0.00289922,0.011088927,0.007356762,533.5457627,361.2516949,0,8,17,8,14,13,3,149.9949505
319,76,5,9,blind_batch2_0012.tif,mpfc,2398,26264,763,481,629,285,691.4286906,381.1855713,2398,8.4980911196908e-12,1918017.306,10267967.25,-6.37E-12,-37621.76731,-16728589.57,-1381299204,3031318.421,80484555,4143387785,1.53439e+11,42.65955237,15568,0.606588836,55.25602617,-14,0.091303686,0.023441409,0.860693566,0.037653717,0.726421545,0.103941664,-0.026799262,-0.020020464,0.009876778,1264.632329,799.3108435,799.8404112,15.68881039,15.68881039,1264.102761,142.2466775,195.9234544,13,2.533937011,1.414213562,117.2197063,113.0883438,NA,NA,0.333544792,0.036463767,NA,-0.006542456,-0.05940683,-0.100170589,0.527148774,0.285818016,0.300474793,0.227228603,0.050682334,-0.001654726,-0.120474968,-0.170561546,-1.93325535,1133.803174,0.154033916,2398,149704,11263842,952933492,230653,14361743,1061993133,86704246703,25216809,1647499579,1.26094e+11,1.04712e+13,0.078814316,0.027561164,0.026046299,0.005886151,0.02316024,0.007634864,0.002249339,0.009621016,0.006781032,0.010072669,0.009719647,0.002730061,0.009948529,0.006067024,0.007978055,0.003535965,0.002098791,0.008330031,0.003321382,0.001525217,0.010072973,0.00125391,0.009513845,0.002924494,0.001726521,0.003427684,0.004016112,0.005293415,0.001151521,0.001867999,691.4286906,381.1855713,0,9,18,9,25,21,6,484.0853592
320,77,5,10,blind_batch2_0012.tif,mpfc,2467,18304,923,540,819,364,866.9639238,431.242805,2467,1.26050281323842e-11,965037.7892,7392111.822,1.13402620627312e-11,-1278699.39,12648370.95,-1631123065,4072999.56,-62026020.1,3073284141,-67144228752,29.98222674,9787,0.94244858,56.04535625,-3,0.134779283,0.033353093,0.827795543,0.437351654,0.47762364,0.215969209,0.069356213,0.141957048,0.001001691,1836.831028,205.3405771,391.1786742,518.3216013,518.3216013,1650.992931,171.4330669,185.0756602,10.77032961,2.527502491,2,83.15644783,57.31883839,NA,NA,0.158564521,0.02445376,NA,-0.210101987,0.041841931,-0.108637379,0.669231022,-0.205187567,0.204689359,-0.090036098,0.386298816,-0.41154975,0.245801891,-0.230582351,-19.72469645,964.0985925,0.252069071,2467,118327,6640465,418468867,165888,6677940,336508984,19502804310,15227774,496391104,21723475544,1.12712e+12,0.090838996,0.022994617,0.036278664,0.022312291,0.016154213,0.007302016,0.012621491,0.020487115,0.005257698,0.006738372,0.008671548,0.004348605,0.008990602,0.01221122,0.00728867,0.001364181,0.0040284,0.006421304,0.005276683,0.003848153,0.008897165,0.008263062,0.005289384,0.000748308,0.003346029,0.003036599,0.005669236,0.002866506,0.005017514,0.002583659,866.9639238,431.242805,0,10,19,10,16,12,4,236.1076517
321,78,5,11,blind_batch2_0012.tif,mpfc,1125,4060,101,470,31,412,52.04444444,440.8311111,1125,-7.25E-13,260835.7778,4190327.798,-1.77E-12,93997.44444,1918796.312,113431727.9,222633.9111,1277988.981,95199459.21,2593468886,8.953188385,2735,0.753755883,37.84698783,-1,0.277093596,0.111692054,0.382000742,0.022974971,0.01611279,0.019525495,0.000329726,0.002484454,-0.000105944,300.1363366,129.6144979,231.8540247,-83.55328395,-83.55328395,197.8968099,69.29777331,83.81527307,10.63014581,3.000436059,2.236067977,49.36784181,45.53934526,NA,NA,0.206092466,0.098711259,NA,0.074269586,0.045200951,0.079666728,0.175908275,0.030105497,0.066861623,0.054305925,0.008944581,0.041050164,0.027812,0.042482683,50.74325012,355.7705986,0.411334552,1125,23675,759063,31142675,32435,776574,27759674,1257335220,1157771,31062738,1217312474,58990527756,0.203899571,0.068383868,0.05824276,0.036104178,0.047340788,0.01223565,0.00902769,0.022680896,0.01601747,0.014024699,0.021989166,0.005319633,0.022891074,0.006556944,0.005801845,0.010912434,0.016002533,0.014893245,0.009221157,0.003455128,0.015003194,0.010656841,0.004741947,0.002550987,0.009584201,0.009342981,0.000826361,0.007360785,0.002297688,0.003237006,52.04444444,440.8311111,0,11,20,11,6,3,3,60.69848603
322,79,5,12,blind_batch2_0012.tif,mpfc,3111,17250,620,528,470,413,548.1388621,477.6554163,3111,-1.01E-11,2690714.012,-13036442.94,-4.30E-11,-322616.1398,14115666.27,-1041383796,1881754.606,-10344481.24,1263636439,-30322944377,54.48962558,11645,0.607521503,62.93685902,-26,0.180347826,0.018352117,0.472444406,0.011430994,0.016351856,0.002231539,-1.34E-05,1.8180723908282e-05,1.01237916845198e-06,901.1948407,568.579707,864.9032503,103.7017486,103.7017486,604.8712974,120.0796296,151.6080473,10.63014581,2.324811739,1.414213562,101.8253407,95.37963783,NA,NA,0.278014545,-0.024149552,NA,-0.033333895,0.026148775,-0.034586832,0.194429861,-0.019162788,0.041968371,-0.018055991,-0.045005608,-0.023064843,0.010661811,-0.013268719,-70.71193328,1459.526045,0.267153285,3111,243090,21685490,2101941732,201143,15394469,1365782333,1.3226e+11,14886739,1111170603,97094520371,9.29005e+12,0.172089096,0.007439111,0.083644587,0.010144788,0.011943276,0.008158393,0.038485865,0.004525869,0.005932807,0.015073187,0.006137148,0.004166378,0.019184815,0.0057581,0.009453576,0.004006222,0.013767792,0.004333231,0.006282644,0.001137777,0.008385368,0.000677341,0.007847401,0.000851925,0.00302589,0.005869486,0.002360125,0.003540967,0.000883521,0.001754733,548.1388621,477.6554163,0,12,23,12,59,52,8,722.7077293
323,80,5,13,blind_batch2_0012.tif,mpfc,740,2480,234,556,194,494,209.6702703,528.3310811,740,-6.39E-14,54989.54595,66567.59246,-9.52E-13,-48548.21622,-248001.2156,-10379055.7,118119.8851,509528.1756,19038819.02,187901099.1,4.63982454,1352,0.895376058,30.69523193,-2,0.298387097,0.215525391,0.31612387,0.044730538,0.009651535,0.005370634,3.86129561949607e-05,0.001128031,2.03696816024583e-06,195.2193347,38.7123289,74.31019722,65.60569759,65.60569759,159.6214664,55.88836512,70.83078427,10.77032961,3.437305162,2.828427125,29.25780012,24.88769299,NA,NA,0.100419185,0.004468724,NA,-0.088656348,-0.016648477,-0.025613132,0.215704684,0.034204946,0.046983444,0.017045836,-0.04560087,-0.078806722,-0.028451631,-0.028104229,-28.484404,207.7167748,0.547337278,740,11596,236702,5499154,25405,349555,6356707,130989991,990301,12694387,221495711,4425431983,0.187800929,0.034806445,0.104845141,0.027901875,0.036408628,0.006883037,0.056903743,0.017836964,0.013207537,0.025530804,0.006559282,0.005490912,0.024786052,0.012641035,0.003235869,0.009519926,0.010318422,0.005641855,0.005567554,0.004861382,0.006194371,0.009994305,0.005557306,0.004203784,0.00693575,0.007235591,0.004059317,0.004412757,0.007207553,0.003803125,209.6702703,528.3310811,0,13,24,13,3,1,2,30.79899013
324,81,5,14,blind_batch2_0012.tif,mpfc,1083,3096,914,646,871,574,889.9307479,608.2511542,1083,-1.93E-12,95071.80609,133965.12,-2.27E-12,94021.83657,244970.427,16291927.31,392903.6861,-907908.8311,37679216.8,-107503389.1,10.04550105,2306,0.915660619,37.1337909,-9,0.349806202,0.09954705,0.416045757,0.090184694,0.008007994,0.001021018,1.42546984810969e-06,0.000215042,-2.55E-06,387.9053781,62.67217701,87.78560119,-86.81610024,-86.81610024,362.7919539,78.78125443,73.37574531,6.403124237,2.163143006,2,39.78021812,31.66630437,NA,NA,0.081057804,0.003470728,NA,0.080162604,0.00634662,0.012825878,0.334987954,-0.02352183,0.029663097,-0.002571713,-0.031225758,0.042225334,-0.001382299,0.006474312,16.13364995,369.747258,0.469644406,1083,20502,483190,12880674,37094,796239,20354593,572467023,1663416,37022513,971596923,27826297649,0.255613741,0.021029361,0.081599668,0.060025236,0.029378018,0.02380892,0.001447712,0.042161938,0.019227809,0.022622851,0.022164404,0.012866654,0.01194362,0.013558571,0.008752459,0.008878189,0.015628182,0.011148944,0.017427662,0.004055138,0.009195167,0.006809742,0.009443123,0.003320681,0.005504898,0.010606633,0.007633546,0.009270614,0.007939916,0.001282577,889.9307479,608.2511542,0,14,25,14,6,10,5,81.49747491
325,82,5,15,blind_batch2_0012.tif,mpfc,1279,10922,829,648,702,562,754.6215794,616.5707584,1279,8.81072992342524e-13,975422.8444,14513555.72,-1.81E-12,475606.2471,1453493.117,1085716633,349429.3464,-3940499.578,630985641.5,-354330915.8,14.3306605,4405,0.96148025,40.35434769,-3,0.117103095,0.069780454,0.809890564,0.484560839,0.234717467,0.039020042,-0.000203046,-0.006692452,-0.003728733,963.0835517,72.76648016,762.6449135,-371.8578945,-371.8578945,273.2051183,124.1343499,148.4082208,9,2.428106048,2,41.38967838,34.12130833,NA,NA,0.596282184,0.248083262,NA,0.290741122,0.024844864,0.518925315,0.21360838,-0.067355788,0.301583685,-0.00473546,-0.104579561,0.220393466,-0.122522284,0.392623277,61.67446899,479.9249276,0.290351873,1279,67303,4517013,354862495,69796,4148382,298004622,24631192200,4158250,266781570,20257013346,1.74895e+12,0.073937497,0.013704948,0.041038211,0.009986047,0.020673567,0.002476319,0.022002986,0.005221489,0.005364458,0.019949971,0.006179,0.00084189,0.009193384,0.00500868,0.001933148,0.003834061,0.01511673,0.007670656,0.002459379,0.000610967,0.000564251,0.005873998,0.003081101,0.001498365,0.003002022,0.009473669,0.005273712,0.003968343,0.001184102,0.00052849,754.6215794,616.5707584,0,15,26,15,9,6,3,119.7106797
326,83,5,16,blind_batch2_0012.tif,mpfc,1236,5698,1017,748,940,674,974.1108414,708.9967638,1236,-4.28E-12,262131.8147,1273242.126,3.5242919693701e-12,-76320.55663,-449865.6695,-62777434.15,216699.9871,1484111.679,82527992.55,1836596410,11.20957862,3531,0.706521736,39.67019129,-1,0.216918217,0.089209419,0.313433957,0.010867582,0.004570859,0.002636377,-7.79E-06,8.69277313126104e-05,4.80779987887026e-06,258.1272598,129.2771106,212.0807562,61.74802317,61.74802317,175.3236141,64.26535736,85.60373824,12,3.264772399,2.236067977,55.27363353,45.48003704,NA,NA,0.171586372,0.023706357,NA,-0.049957948,-0.008376,-0.03324667,0.141847584,0.027632514,0.043706484,0.027666173,0.007540984,-0.01915092,-0.010252844,-0.015168496,-53.28750816,417.2619767,0.350042481,1236,42161,1700279,77154263,43256,1399178,53847680,2324927954,1730520,55171660,2122450206,92296567660,0.204828293,0.040901598,0.106408084,0.019532338,0.039726785,0.010255988,0.045123589,0.010468598,0.007924124,0.029916196,0.006906098,0.005994537,0.016432905,0.005991712,0.011065188,0.003076801,0.015292386,0.002190201,0.002725118,0.007606889,0.001798879,0.002834052,0.006127094,0.001322973,0.002653511,0.000995014,0.002252168,0.008488761,0.009328323,0.003487147,974.1108414,708.9967638,0,16,28,16,13,8,6,116.6396118
327,84,5,17,blind_batch2_0012.tif,mpfc,1677,8030,104,827,31,717,64.78652355,763.771616,1677,-4.17E-12,332425.5754,505563.4061,-8.95E-12,3332.238521,5081528.852,22619981.63,638561.5289,-2591933.421,246779242.9,-1403591150,11.91235851,4682,0.692460339,46.20847018,0,0.208841843,0.083946433,0.345260851,0.011855017,0.01113013,0.010187179,-2.99E-05,0.001028951,-0.000104266,380.7977314,198.2047161,198.2263419,-1.987023567,-1.987023567,380.7761055,78.05615736,115.7670074,12.04159458,3.343168962,2.236067977,68.80217891,56.31407868,NA,NA,0.118202947,0.004389782,NA,0.001184868,0.044122665,0.004796153,0.227057904,-0.022505631,0.052325024,-0.00726733,0.055169809,-0.040987141,0.048773977,-0.015941757,0.62355646,501.0376259,0.358180265,1677,56660,2246770,98879120,78436,2653412,110391762,5173829336,4307140,143243062,6211974976,3.07032e+11,0.159226138,0.042172709,0.0819479,0.010000544,0.047033412,0.00526329,0.025662016,0.017657836,0.011594304,0.027595224,0.003891652,0.00485206,0.004241543,0.014270556,0.009404757,0.002405783,0.007007486,0.003840094,0.006008567,0.002940559,0.011390727,0.004253438,0.004404684,0.000483978,0.005275492,0.005559217,0.003920758,0.005058237,0.002865413,0.002529183,64.78652355,763.771616,0,17,30,17,4,1,4,69.59798098
328,85,5,18,blind_batch2_0012.tif,mpfc,1661,9975,636,854,541,749,600.1384708,795.3540036,1661,1.70530256582424e-13,595638.1517,-7711995.885,-4.55E-13,-46686.42083,1618025.08,-19152739.38,693909.8459,9536066.248,290423994.6,5472536314,20.74431963,5737,0.436167343,45.98750791,-4,0.166516291,0.048205968,0.467410266,0.002414171,0.104881781,0.001437612,1.67764023201171e-05,-5.17E-06,5.49291154721358e-06,428.9901912,347.3782601,358.6021383,28.10741772,28.10741772,417.766313,82.84831355,105.8158778,11,2.554409227,2,87.74325569,74.55234511,NA,NA,0.215895327,-0.068587142,NA,-0.016921985,0.014390012,-0.004179478,0.251514939,0.084809632,0.063375821,0.029301843,0.01988013,-0.004753647,0.002390381,-0.003149561,-21.76785687,658.020382,0.289524142,1661,98229,6404751,441505443,76994,4506621,292981949,20243617263,4262890,257308657,17245097237,1.22866e+12,0.155074867,0.007163458,0.083987548,0.003953417,0.009073915,0.017472021,0.04600584,0.004160812,0.00389292,0.015377685,0.011556001,0.001860822,0.024060907,0.007184333,0.007722347,0.008645735,0.013519201,0.006435641,0.002805405,0.001573432,0.006323028,0.006034598,0.008233276,0.007523487,0.002744118,0.009120965,0.004490001,0.002752311,0.003510921,0.004888263,600.1384708,795.3540036,0,18,31,18,11,12,3,180.4091654
329,86,5,19,blind_batch2_0012.tif,mpfc,1231,8383,292,853,191,770,244.7766044,802.1047929,1231,-3.55E-13,490643.5662,-3196954.415,8.95283847057726e-13,-243285.182,5063195.939,-363105397.1,263559.4817,-3476723.852,279181745.5,-9934917807,11.01254375,3974,0.911997463,39.58987092,-2,0.146844805,0.090805542,0.497705199,0.125556556,0.085451408,0.030686666,0.001518178,0.009973302,-0.000405467,524.4335772,88.24152264,398.5731651,197.6321543,197.6321543,214.1019348,91.60205912,122.0655562,10.63014581,3.102698759,2.236067977,51.59945128,37.57478359,NA,NA,0.323779988,-0.060130015,NA,-0.160546023,0.095231276,-0.194651854,0.173925211,-0.065392067,0.149662453,-0.151796268,0.026960677,-0.118890834,0.129364123,-0.211456795,-57.50931287,412.7411614,0.309763463,1231,66199,4050601,267400903,39521,1882020,108940800,6927903486,1532373,63307852,3487460104,2.15153e+11,0.105191804,0.024817602,0.058878345,0.014126757,0.029413355,0.004951161,0.028372364,0.012518748,0.003403554,0.020863923,0.010043001,0.001140848,0.013156644,0.008218131,0.003103467,0.002930062,0.014721284,0.010668116,0.002465058,0.000820344,0.00647047,0.00345197,0.00531857,0.002331274,0.002501699,0.011983955,0.009449116,0.002525362,0.001279589,0.000991983,244.7766044,802.1047929,0,19,32,19,6,2,5,100.0832624
330,87,5,20,blind_batch2_0012.tif,mpfc,1357,4756,446,846,364,788,409.7148121,823.5025792,1357,-3.54E-12,374258.6323,-2643223.408,-4.00E-12,17828.49816,-3813305.135,79740962.2,216839.241,-534932.7837,110324740.2,-1720791976,8.075240506,3321,0.6549705,41.56664603,0,0.285323802,0.123835321,0.32099606,0.007682922,0.022370792,0.007982738,-1.85E-06,-0.000169081,0.00010666,277.2678995,158.3237536,275.7985499,-13.13817108,-13.13817108,159.7931031,66.60545317,85.38149682,13,3.846510554,2.828427125,54.57132932,50.3307069,NA,NA,0.203241378,-0.038965859,NA,0.009681777,-0.056214964,0.031911111,0.117754682,-0.00788587,0.044150271,-0.018693857,-0.019861665,0.003178424,-0.026170572,0.012216267,83.61865983,371.0843071,0.408611864,1357,62035,3210177,178327741,48177,2220231,111786311,5999638473,1927247,88834717,4405767509,2.32007e+11,0.23700769,0.077776078,0.072668578,0.021319891,0.067771659,0.013411591,0.017405339,0.023128616,0.005125671,0.016818866,0.017307255,0.004495887,0.015131253,0.006658854,0.011090456,0.008151703,0.010190527,0.003256304,0.006375807,0.003880931,0.001723915,0.002401215,0.009170908,0.006335464,0.006697307,0.006801704,0.010631827,0.006484636,0.00696668,0.000648784,409.7148121,823.5025792,0,20,33,20,6,3,6,73.84062123
331,88,5,21,blind_batch2_0012.tif,mpfc,1023,6696,954,996,861,924,923.0009775,962.5962854,1023,0,500972.999,-13092286.13,-2.39E-12,-151280.5963,6380294.856,-355668080.6,160498.2659,-2242792.413,173769189.4,-8352544893,12.29095237,3326,0.903095901,36.09049812,-3,0.152777778,0.08136066,0.63206205,0.18942839,0.382012905,0.240287775,0.071785319,0.104581312,0.012117494,545.9217854,100.6776916,489.7096765,147.8793708,147.8793708,156.8898005,93.45987677,100.7223908,9.219544457,2.604273612,2,52.02752614,40.13530946,NA,NA,0.478699586,-0.391134752,NA,-0.144554615,0.190612626,-0.332214046,0.153362464,-0.067003886,0.162310223,-0.243923757,-0.016265951,-0.078791947,0.116188804,-0.207786223,-69.18713274,397.4985207,0.307576669,1023,63427,4433509,323911237,39484,2296766,158738184,11588233184,1684434,90516024,6161562094,4.48361e+11,0.127716495,0.047249917,0.027976494,0.039783338,0.026182652,0.011980748,0.004586744,0.031487704,0.011976853,0.004754896,0.016901816,0.005497554,0.003654707,0.010068354,0.015205506,0.005250463,0.005682975,0.004270411,0.00925678,0.003877891,0.003309037,0.005937869,0.008537327,0.006661798,0.004690564,0.004664703,0.00481724,0.0060751,0.004880734,0.001424074,923.0009775,962.5962854,0,21,34,21,9,5,4,110.1248931
332,89,5,22,blind_batch2_0012.tif,mpfc,956,3762,1012,1002,946,945,971.0355649,976.2343096,956,-7.11E-14,151450.7908,1944926.981,-1.34E-12,-95811.96653,-2022307.584,-62747602.54,179059.5146,1498675.24,55350818.25,1444312111,5.865166565,1995,0.859524333,34.88863719,1,0.254120149,0.170498142,0.361633972,0.044873596,0.048755242,0.022033603,0.000711891,0.004099436,0.000121406,274.1176373,71.6044395,158.4213293,100.2217223,100.2217223,187.3007475,66.22599336,73.59347797,10.44030651,3.546987996,3,38.1738391,33.84776259,NA,NA,0.165712688,0.068826957,NA,-0.104834438,-0.071565297,-0.071816372,0.195921284,0.053035028,0.063350547,0.053463628,-0.013188816,-0.057937221,-0.044310703,-0.044698388,-40.90068935,265.4446968,0.479197995,956,23934,750652,28321236,29860,651750,16626376,489798882,1111716,23345872,548926114,14196677272,0.2238935,0.072900476,0.063069451,0.04608979,0.056832156,0.010612578,0.019078877,0.036001229,0.009567306,0.021422636,0.01187743,0.004806888,0.018751139,0.013222952,0.012926848,0.010637929,0.010889427,0.003630045,0.00148868,0.006497401,0.012161648,0.008559214,0.007750175,0.013261452,0.008027568,0.002140617,0.006223004,0.00258922,0.004790762,0.004220188,971.0355649,976.2343096,0,22,35,22,3,2,1,54.87005836
333,90,6,1,blind_batch2_0013.tif,mpfc,1189,3276,227,686,185,608,204.371741,636.7199327,1189,1.35713662530179e-12,90721.6905,60090.0148,-8.27E-12,22957.78974,139915.4936,7530291.472,466033.7376,2177232.954,37724348.23,469620036.2,5.797868153,2371,0.899393243,38.90863424,0,0.362942613,0.172477189,0.393822705,0.071533507,0.047393788,0.035969333,0.001480661,0.008979256,-0.000114895,393.131074,75.12412206,76.30083305,-19.3084859,-19.3084859,391.954363,79.31013292,79.07591289,11,3.568580389,2.828427125,40.63544913,34.66966906,NA,NA,0.064172273,0.001232672,NA,0.016239265,0.002870193,0.004479878,0.329650431,0.044663244,0.022442756,0.008102334,0.181148551,0.047911307,0.020483833,0.010014257,3.4874455,294.3269478,0.50147617,1189,23033,536911,13975865,34148,684464,16449428,442893134,1446762,31522224,798953976,22412881878,0.242104881,0.088441577,0.032449007,0.059936875,0.056862907,0.03030169,0.027841982,0.023511424,0.016195289,0.007210519,0.02478043,0.010859315,0.011760718,0.00618824,0.007980804,0.010466171,0.006396798,0.005129537,0.008577042,0.005640582,0.013012217,0.003605274,0.009840441,0.003065237,0.007636406,0.00508716,0.003342767,0.014784199,0.005105993,0.002916244,204.371741,636.7199327,0,1,1,1,1,0,2,1
334,91,7,1,blind_batch2_0014.tif,mpfc,1994,15134,270,110,109,16,186.161986,65.51454363,1994,-1.13E-11,1656962.679,9796272.465,1.86020088221994e-11,364358.8024,3939006.466,1272565876,733290.0782,-3070568.214,672929295.6,9275301285,54.03259409,8785,0.812226197,50.38689961,-14,0.13175631,0.018507348,0.601164767,0.08755851,0.015399915,0.002110323,3.52258282002133e-06,0.000537323,1.15031952668382e-05,894.3764364,304.3461096,830.9742621,-182.727584,-182.727584,367.748284,119.6245083,166.760307,8.062257748,1.706288006,1,78.00989315,69.7820733,NA,NA,0.416737343,0.055175715,NA,0.091638708,0.022185734,0.160511004,0.184427424,-0.017294415,0.084877772,0.026199318,0.00380137,0.028478405,0.009642053,0.044920452,70.86442847,1163.577777,0.226977803,1994,153861,13529183,1309443963,98732,7982716,730059626,73529057206,5621960,466813150,43692830984,4.51826e+12,0.091204041,0.003792381,0.059589325,0.007791617,0.004777771,0.001225747,0.03374387,0.00457235,0.00383318,0.002134898,0.003638803,0.000602311,0.018183699,0.001050633,0.00327702,0.002512188,0.004352135,0.005013593,0.000741117,0.000815082,0.010367747,0.003542416,0.001743126,0.002372953,0.00188464,0.004595084,0.004622069,0.002319897,0.001590428,0.000685923,186.161986,65.51454363,0,1,1,1,40,35,14,532.2274956
335,92,7,2,blind_batch2_0014.tif,mpfc,2169,14518,675,203,553,84,631.2369756,141.6846473,2169,-3.30E-12,1409188.195,-38445064.37,-6.38E-12,180879.0913,-7294327.14,691504709.8,1621208.299,17555868.55,721161097.8,8792687652,55.62456965,9972,0.493051038,52.55146594,-27,0.149400744,0.017977667,0.644140121,0.0079439,0.186499935,0.009367135,0.000379749,-0.000152878,9.52633905088404e-05,795.2298861,601.910037,649.6948799,-83.39284983,-83.39284983,747.4450432,112.7992827,145.0551619,7.615773106,1.753371373,1,99.97269885,98.13541966,NA,NA,0.299536597,-0.17546549,NA,0.038447603,-0.033291729,0.067766723,0.344603524,0.080125996,0.070673018,0.018501767,0.01663291,0.02841554,0.018612054,0.026085541,29.81309153,1231.311796,0.217509025,2169,169696,14685690,1331020150,125118,9969733,868147387,79080370297,8838596,729928781,64682298667,5.97127e+12,0.1287487,0.029090851,0.048586486,0.003042989,0.019279224,0.014112358,0.020560332,0.003903519,0.011238356,0.011464635,0.008014138,0.002560307,0.016131909,0.006636737,0.00637343,0.001691985,0.011386817,0.005809975,0.002116989,0.00320335,0.004603362,0.001622369,0.005259343,0.001561185,0.001169917,0.005505086,0.00417716,0.001446635,0.001167349,0.004535275,631.2369756,141.6846473,0,2,2,2,49,37,17,559.8549117
336,93,7,3,blind_batch2_0014.tif,mpfc,2506,14850,250,344,140,209,203.2533919,270.3743017,2506,-6.39E-14,1386716.096,-4903345.482,-2.68E-11,95490.31844,-1796569.324,-33139035.52,2541678.905,31253699.92,1483549590,32455526505,69.66908959,10958,0.677615883,56.48662053,-39,0.168754209,0.014353568,0.625537019,0.034747783,0.102353528,0.008566299,-0.00011083,-0.000808517,-0.00022816,1017.366575,550.2291958,553.3583784,-38.10467615,-38.10467615,1014.237392,127.5847373,148.4991582,8,1.625727988,1,107.2651908,93.82785905,NA,NA,0.220813399,-0.015596955,NA,0.015205378,-0.005714672,-0.002105701,0.40472362,0.09941428,0.094266822,0.041195988,0.044969679,0.044147817,0.002956697,0.012451408,4.694634977,1481.20624,0.228691367,2506,158513,11413201,892449323,153804,9824115,710760845,55545565515,11981292,800832361,59860190067,4.78881e+12,0.144691561,0.01097402,0.060742191,0.013067569,0.011808221,0.01359477,0.017704964,0.005772622,0.003253314,0.010709639,0.011926645,0.003032658,0.011000753,0.007506952,0.002739415,0.007256417,0.004238985,0.004393837,0.002922478,0.003995412,0.001223463,0.006120076,0.006840528,0.006819321,0.002391366,0.003106731,0.005079973,0.00254791,0.004583104,0.003066244,203.2533919,270.3743017,0,3,3,3,54,54,11,774.9209334
337,94,7,4,blind_batch2_0014.tif,mpfc,3576,19497,698,346,497,249,600.4983221,303.5780201,3576,-5.67E-11,10203467.99,-129680560.8,-4.24E-12,-1068418.032,-8778650.488,-4949540784,1846894.232,-5735887.411,5757177765,-74213211573,102.4250016,15714,0.913428576,67.47669681,-70,0.183412833,0.009763241,0.942334478,0.454960315,0.021744442,0.032607589,0.000753846,0.017584332,0.000430813,2890.913388,478.8747058,2853.318789,298.7746174,298.7746174,516.4693044,215.0688592,200.2023976,8.602325267,1.661560341,1,89.19620444,87.53282409,NA,NA,0.797907939,-0.169582528,NA,-0.083549949,-0.011479791,-0.10823616,0.144426539,-0.007500787,0.125897501,-0.027138756,-0.023862651,-0.031138763,-0.018495228,-0.038615295,-82.82820451,2145.392098,0.227567774,3576,370110,48509232,7003027194,195171,19131453,2417600243,3.40202e+11,12498941,1171259253,1.43752e+11,1.98514e+13,0.112517883,0.012154939,0.03493203,0.026132703,0.008458942,0.009182213,0.004773685,0.019561726,0.005049378,0.005806435,0.007477438,0.002881327,0.001907946,0.011520351,0.005105155,0.000118597,0.005806548,0.003767526,0.001339856,0.002829748,0.001429291,0.008691231,0.003574947,0.002468001,0.001283991,0.004775592,0.004942172,0.003871034,0.003956271,0.003865274,600.4983221,303.5780201,0,4,4,4,88,92,9,1181.023535
338,95,7,5,blind_batch2_0014.tif,mpfc,3094,20988,505,471,399,273,441.918552,379.2294764,3094,1.02815533864486e-11,1235819.475,16879054.61,-7.50E-11,1998251.828,17736342.96,2238525255,6165617.072,-4440971.069,4288053828,53083081324,50.60765034,10507,0.96085722,62.76466483,-39,0.147417572,0.019759858,0.773170725,0.439494786,0.112224731,0.039325671,0.002261547,0.015849021,0.00130791,2221.669525,170.5206974,399.4245233,-645.8473911,-645.8473911,1992.765699,188.5383579,202.2992832,14.76482306,3.01371166,1.414213562,64.75287411,52.23342951,NA,NA,0.129096485,0.03169913,NA,0.208741885,0.033309131,0.075578988,0.64407424,-0.008340214,0.144776909,0.032220705,-0.230235595,0.325689852,0.015920242,0.110438451,19.51554907,1402.727056,0.294470353,3094,132790,6934974,420597262,328674,16104464,925959150,60244358894,41080484,2183220410,1.33733e+11,9.12122e+12,0.096259087,0.007356167,0.050121682,0.019730382,0.01105776,0.002557815,0.027855436,0.01626907,0.008984733,0.014536771,0.001494584,0.002834255,0.021064194,0.009558938,0.009781452,0.004301284,0.01164013,0.005171864,0.003124919,0.002023365,0.009021731,0.009788812,0.004132862,0.006312167,0.001841446,0.006016438,0.004864025,0.002192975,0.003588601,0.0010687,441.918552,379.2294764,0,5,6,5,57,53,9,673.9798062
339,96,7,6,blind_batch2_0014.tif,mpfc,3344,24339,709,520,576,337,643.5457536,427.4748804,3344,-2.90E-12,2416409,-2019986.219,-1.09E-10,2816688.343,-10545928.75,5554269062,6478017.89,-15467880.15,7548936702,-1.01E+11,91.94633671,14433,0.936439209,65.25115353,-70,0.137392662,0.010875909,0.795399717,0.385715056,0.010444793,0.000841354,-2.40E-06,-0.000511453,6.78054975124535e-07,2368.320017,291.4966367,722.6103468,-842.3111074,-842.3111074,1937.206307,194.6615531,204.1200627,9.055385138,1.71923326,1,83.6391841,68.29309033,NA,NA,0.216091611,-0.003123797,NA,0.251887293,-0.016308693,0.148534763,0.579308106,-0.023920218,0.201877063,-0.046749066,0.026795613,0.292091037,-0.059509208,0.196946138,27.10438454,1965.645886,0.231691263,3344,225873,17673171,1518164001,302548,23252521,1968942777,1.79326e+11,33851012,2780703317,2.46627e+11,2.3235e+13,0.101812948,0.00808638,0.048784111,0.020792696,0.003314893,0.003805123,0.022308599,0.017032147,0.007757794,0.005363518,0.001957229,0.002123283,0.012221281,0.010437721,0.00647751,0.00322945,0.003154853,0.005653162,0.002019352,0.001653566,0.006354343,0.007251717,0.002828546,0.003739508,0.001478805,0.005128777,0.006649665,0.001428133,0.001743275,0.0017799,643.5457536,427.4748804,0,6,7,6,93,93,8,1086.0946
340,97,7,7,blind_batch2_0014.tif,mpfc,3629,16906,833,454,726,296,779.3587765,385.838523,3629,-2.40E-12,1482508.873,-3491223.728,5.63602498004911e-11,1168275.243,-26652031.96,1554351830,4777061.374,-30999641.28,3618158212,-64989419245,49.33220349,11476,0.885652904,67.97489469,-52,0.214657518,0.020270735,0.475303028,0.094059021,0.012762971,0.018409237,0.000225648,0.005642388,0.00016944,1418.927134,305.9475552,408.5171874,-321.9275952,-321.9275952,1316.357502,150.6745969,178.8071587,14.31782106,3.180320266,1.414213562,90.24307045,69.96542634,NA,NA,0.112570181,-0.004400583,NA,0.088709726,-0.033594092,0.032522837,0.362732847,-0.039074124,0.075705363,-0.022572947,-0.094932898,0.09820721,-0.055621149,0.047429342,17.6724445,1499.904725,0.316225166,3629,193639,11814849,785144383,326024,18564517,1159452027,77803000327,34066576,1996663419,1.26881e+11,8.61769e+12,0.144519777,0.028841583,0.070633835,0.025145222,0.023980955,0.011315871,0.019222502,0.027462834,0.006815775,0.005765294,0.018068458,0.003992601,0.000850257,0.016476095,0.009242501,0.00277139,0.008012617,0.013383513,0.007902657,0.00120262,2.8588205350096e-05,0.006325816,0.007304225,0.000804741,0.003110487,0.004702179,0.004711845,0.00611421,0.00348399,0.001093659,779.3587765,385.838523,0,7,8,7,62,65,12,791.4184071
341,98,7,8,blind_batch2_0014.tif,mpfc,2404,26796,258,702,104,528,170.1102329,608.4725458,2404,1.49924517245381e-11,2479975.788,29713260.68,6.59383658785373e-12,1061684.775,-21874083.12,2733369918,1999887.188,-33566929.9,2426392935,-93424649348,70.09326357,12221,0.808736711,55.32511062,-21,0.089714883,0.014266706,0.775167943,0.14189453,0.286812638,0.001406031,1.53966765645907e-05,0.000263146,2.36679257130603e-05,1384.531929,478.9718047,1031.603905,-441.6326021,-441.6326021,831.8998286,148.8371958,187.0026738,8.544003745,1.71734695,1,112.2448903,87.54169792,NA,NA,0.429119761,0.104861039,NA,0.183707405,-0.077195805,0.196741066,0.346048182,-0.118461019,0.174645638,-0.137148435,0.042251974,0.179494055,-0.166160747,0.214749835,51.37011144,1455.158513,0.19671058,2404,158929,12986809,1216177783,193456,13851106,1163583954,1.10184e+11,17567784,1298716316,1.09902e+11,1.03834e+13,0.082005762,0.007521463,0.047924174,0.008503286,0.004834161,0.004679715,0.025821045,0.009455936,0.001491202,0.000715163,0.005644661,0.004677175,0.015702025,0.005954067,0.002415995,0.001373146,0.003490473,0.00507675,0.004807752,0.00176239,0.011418969,0.004166077,0.00304016,0.001178056,0.001243491,0.00153269,0.003654039,0.00297625,0.002335368,0.001026653,170.1102329,608.4725458,0,8,9,8,47,35,15,680.3645818
342,99,7,9,blind_batch2_0014.tif,mpfc,1706,9450,986,674,896,569,937.8493552,619.3440797,1706,5.7127635955112e-12,539736.2843,-401379.8012,-9.63E-12,432227.4285,-781391.0157,288663809.3,930975.0252,2263848.573,366484862.7,-750357447.4,39.24536078,5647,0.885621045,46.60629425,-26,0.180529101,0.025480719,0.505323364,0.106290693,0.017021404,0.008328424,9.90993326885098e-05,0.001882749,-3.50E-06,709.1380512,152.9436074,316.3753132,-253.3572265,-253.3572265,545.7063454,106.5185844,122.6417547,8.062257748,1.778731621,1,63.70773225,49.46814852,NA,NA,0.185448601,-0.003338935,NA,0.148509511,-0.006500112,0.058137353,0.319874763,0.018832146,0.073810638,-0.003658825,0.096435559,0.115596086,0.006391528,0.04317188,32.82461834,917.2518754,0.302107314,1706,71395,3527571,192400423,85887,4026543,212987803,12147752463,5254877,265697247,14691074603,8.60881e+11,0.144245741,0.006769158,0.077732061,0.020875595,0.016326397,0.003013785,0.033060551,0.017528898,0.007691793,0.018324738,0.00170916,0.003150618,0.016506986,0.006775903,0.006370928,0.00528249,0.009719513,0.003603791,0.00604659,0.001821302,0.004052541,0.005749737,0.001770044,0.006890965,0.003594787,0.003426888,0.006664118,0.003977837,0.003901926,0.000751981,937.8493552,619.3440797,0,9,10,9,25,21,17,327.2619802
343,100,7,10,blind_batch2_0014.tif,mpfc,1572,7719,641,652,548,569,595.9452926,608.3575064,1572,3.5598191061581e-12,684715.2952,-517408.8049,8.77520278663724e-12,-147128.2545,-4454352.758,-145053047.4,513117.0814,939063.8562,266470620.7,1797808188,39.37756571,6286,0.665450799,44.73849086,-14,0.203653323,0.025395171,0.484720028,0.019000751,0.020990038,0.001701555,-8.67E-06,-7.35E-05,-5.32E-06,489.3347046,272.6451787,435.5695262,93.59303718,93.59303718,326.4103571,88.4836441,103.7689742,7.071067812,1.785303757,1,80.19732341,66.04788308,NA,NA,0.277079851,-0.005280833,NA,-0.059537555,-0.045462494,-0.037339563,0.207640176,0.009584374,0.068594881,0.011672381,0.004437685,-0.018246886,-0.024672482,-0.012582813,-60.12448344,881.9737008,0.250079542,1572,75370,4298352,271226086,61870,2819247,150609849,8874399915,2948166,130708543,6733098185,3.8157e+11,0.183974324,0.014064479,0.078741343,0.013994365,0.016234539,0.010019582,0.027409196,0.011116658,0.006720655,0.011446699,0.00970439,0.002964245,0.016437329,0.004978837,0.004752863,0.003474932,0.004765662,0.007473607,0.004636525,0.009052386,0.013104091,0.008850658,0.005944044,0.004574405,0.005483617,0.005197484,0.00105674,0.003200784,0.009616864,0.002842219,595.9452926,608.3575064,0,10,11,10,24,17,13,308.504621
344,101,7,11,blind_batch2_0014.tif,mpfc,1468,7446,483,658,410,556,438.1791553,607.3358311,1468,2.28794760914752e-12,415717.8822,4770506.356,-8.20E-12,-147993.3236,-2044530.221,-107962452.6,742837.4353,1702217.575,178338392.9,4239601045,30.40478003,5387,0.742658136,43.23327019,-17,0.197152834,0.032889565,0.537606689,0.041905666,0.000464658,0.012210347,2.42393805732058e-05,0.001664836,-1.61E-05,544.8595217,244.3470978,283.1865682,100.8128907,100.8128907,506.0200513,93.36890461,101.5972441,8.94427191,2.098037553,1,69.88933058,62.52642293,NA,NA,0.192906382,0.057776249,NA,-0.068673631,-0.024761582,-0.034126722,0.344700307,0.020615788,0.05637242,0.0349771,-0.053116755,-0.037649374,-0.030252371,-0.027809415,-21.06982487,748.9259736,0.272507889,1468,41367,1581405,72762321,75361,1975616,70797556,3101963498,4611557,116457278,3965452882,1.66721e+11,0.171311115,0.021740579,0.066918203,0.018555166,0.026141421,0.006326085,0.006146014,0.017133741,0.001439372,0.008352195,0.012651927,0.009439303,0.024403953,0.012207251,0.005566031,0.002227186,0.01213364,0.012108382,0.011001783,0.005728681,0.017062808,0.007214656,0.008902021,0.0024168,0.00081529,0.016692455,0.006285157,0.008248915,0.006170183,0.001702481,438.1791553,607.3358311,0,11,12,11,39,38,7,391.5878841
345,102,7,12,blind_batch2_0014.tif,mpfc,2129,14175,432,715,327,580,373.1690935,648.0573039,2129,-8.13E-12,696511.1264,9967191.255,-2.60E-11,166923.3706,-668867.5955,306633866.6,1893899.009,-14028119.86,634861265.8,-7849990683,43.53675278,8241,0.805312944,52.06464242,-20,0.150194004,0.022969099,0.57150128,0.0752107,0.0627519,0.000622153,1.33715526322945e-06,-7.96E-05,3.65019470149248e-06,900.2976538,316.4285723,327.1541223,-78.40458929,-78.40458929,889.5721038,120.0198419,140.7302384,10.04987562,2.021200463,1.414213562,88.87323829,71.15375715,NA,NA,0.153665628,0.047657761,NA,0.036826956,-0.003198166,0.031775554,0.417835652,-0.067074943,0.065788782,-0.017630082,0.018854679,0.050428258,-0.033317148,0.035427016,7.789568075,1079.246825,0.258342434,2129,98294,5234656,315961088,144894,6856548,371001108,22784884776,11754994,551410006,29629345566,1.81465e+12,0.132614077,0.025198893,0.059887222,0.013248287,0.020050049,0.001248364,0.026179643,0.010374996,0.006481874,0.015343583,0.004260376,0.005664751,0.017746026,0.008688425,0.005090634,0.004860061,0.011880978,0.006633163,0.005162556,0.002293103,0.007625302,0.004095424,0.001940559,0.008152627,0.002303486,0.006925413,0.006201019,0.00349711,0.001707518,0.004895568,373.1690935,648.0573039,0,12,13,12,39,30,13,428.9726592
346,103,7,13,blind_batch2_0014.tif,mpfc,3283,21920,811,682,651,545,731.6960097,625.6028023,3283,-2.91E-11,3559446.618,-14412806.54,-3.90E-11,448917.5967,12204801.61,1887228517,3481480.054,-6491334.487,2093830461,-22868440545,95.00498589,14648,0.476387319,64.6532708,-56,0.149771898,0.010525763,0.653262992,0.006991533,0.041836243,0.01685159,0.000326981,0.000601432,-0.000305432,1209.585859,935.0765445,1084.205488,-136.7400538,-136.7400538,1060.456916,139.1164036,166.3790852,9.055385138,1.663670618,1,123.7348727,122.3160853,NA,NA,0.330248397,-0.023338415,NA,0.041650945,0.019763029,0.053334944,0.323014595,-0.010511308,0.059173719,-0.011279464,-0.145085756,0.021250977,-0.005042185,0.013796405,47.48151153,1979.764681,0.224126161,3283,264925,24937837,2572437409,264619,21802615,2094716065,2.20957e+11,24810513,2067986097,1.99381e+11,2.10936e+13,0.151002291,0.007757217,0.056614095,0.006184035,0.019849275,0.01041472,0.004155488,0.003518867,0.007333454,0.015742949,0.01125093,0.002315299,0.004660934,0.003682312,0.007077394,0.006627968,0.006304127,0.003609586,0.002348271,0.00224082,0.003515087,0.009441047,0.00678342,0.005099432,0.002799095,0.006675108,0.002573047,0.003262579,0.003783123,0.00126504,731.6960097,625.6028023,0,13,14,13,72,74,10,997.3544836
347,104,7,14,blind_batch2_0014.tif,mpfc,2587,18240,864,808,712,688,788.9060688,751.5334364,2587,2.72848410531878e-12,2476690.175,2991468.543,-2.91E-11,817639.625,-34560417.17,1169476010,2124219.858,-19934301.84,1744047180,-32758441281,62.88755916,10852,0.730260857,57.39225298,-28,0.14183114,0.015901396,0.687465461,0.062476972,0.108655602,0.020149529,9.21657312675406e-05,0.002433222,0.000938293,1212.551995,565.9211529,957.3599438,-316.0570642,-316.0570642,821.1132036,139.2868691,151.6476179,8.94427191,1.792793986,1,94.86310942,95.15638941,NA,NA,0.370065691,0.008788067,NA,0.122171266,-0.101528485,0.067546373,0.317399769,-0.058561199,0.100732345,-0.037199382,-0.031408208,0.098429162,-0.052439923,0.046063507,51.08176209,1429.833657,0.238389237,2587,198956,17777614,1751142884,164361,13457998,1220675390,1.1896e+11,12566639,1050411412,94589809504,9.02951e+12,0.142019515,0.022794183,0.047688901,0.016642824,0.01916022,0.009275548,0.008850007,0.016500999,0.005662977,0.00837867,0.016798455,0.003010179,0.014290376,0.004246335,0.007443027,0.004635695,0.003527692,0.014291681,0.010393881,0.001341406,0.005575873,0.007591581,0.007901652,0.003036662,0.002693022,0.002420618,0.004939682,0.011242015,0.005115907,0.002145929,788.9060688,751.5334364,0,14,15,14,58,63,9,775.6194174
348,105,7,15,blind_batch2_0014.tif,mpfc,1907,13632,637,953,541,811,586.1546932,867.1893026,1907,4.54747350886464e-13,667543.3655,7256212.612,-8.26E-12,556084.1557,336386.7725,392640654.7,1953444.662,4874008.434,713671815.6,1485989161,40.98610764,8471,0.887071078,49.27542807,-12,0.139891432,0.024398511,0.720715149,0.218556771,0.028115378,0.034600646,0.000592894,0.016032513,-0.000901737,1132.963676,241.4401134,350.0489594,-291.6015499,-291.6015499,1024.354831,134.6381032,148.4082208,9.848857802,2.046686032,1,79.26026488,62.15337331,NA,NA,0.183560021,0.045691274,NA,0.152911143,0.002118177,0.056616522,0.537155129,0.030690894,0.102907367,0.004906685,0.167488458,0.223155566,0.042956318,0.073756277,20.42816557,991.0569619,0.225121001,1907,86110,4555814,273258028,107153,5394545,306544017,19193864225,7974297,427442905,25202010557,1.60207e+12,0.110241444,0.023224184,0.045422044,0.020462467,0.014094197,0.008061938,0.019444953,0.011003842,0.011023554,0.005826927,0.00622572,0.004460537,0.013589196,0.005264855,0.010866616,0.003830083,0.010434899,0.000511732,0.006667013,0.001613594,0.005625783,0.009679348,0.006558499,0.002546914,0.002392844,0.008781816,0.000990151,0.004923636,0.00226924,0.001125572,586.1546932,867.1893026,0,15,16,15,35,29,6,468.8427191
349,106,7,16,blind_batch2_0014.tif,mpfc,1284,13680,520,1012,376,917,448.9423676,971.673676,1284,-1.34E-11,1368119.735,-13108855.69,1.36282096718787e-11,792366.852,-19333133.32,2042862301,637908.2702,-15129714.31,1346531853,-55503094698,24.42647492,5619,0.964560024,40.43314946,-4,0.093859649,0.040939186,1.21676566,1.120130643,0.964014139,0.471815577,0.308897319,0.446723601,0.076378387,1460.632115,101.6949917,1065.513812,-617.1081402,-617.1081402,496.8132946,152.8728682,161.8950277,10.04987562,2.397220075,1.414213562,48.6173645,40.33757389,NA,NA,0.829839418,-0.221897405,NA,0.480613816,-0.327257559,0.965037129,0.386926242,-0.256105065,0.636094382,-0.731711054,-0.166026554,0.463311006,-0.551949835,1.082376047,57.36962072,627.7949853,0.228510411,1284,93658,8199756,784588546,70201,5912994,544571898,53356163766,4476055,398007552,37570080648,3.73428e+12,0.062277493,0.010160155,0.029417596,0.012108471,0.015981094,0.003656083,0.010439242,0.010988329,0.005142463,0.014143453,0.005686086,0.001902916,0.005554787,0.008751388,0.004138883,0.003141239,0.010109511,0.00691103,0.002672827,0.001038992,0.003378968,0.007963879,0.00060554,0.003599524,0.002025679,0.007593098,0.008160246,0.002511953,0.00146663,0.000667816,448.9423676,971.673676,0,16,18,16,17,13,4,269.9777094
350,107,8,1,blind_batch2_0018.tif,mpfc,872,2904,162,152,96,108,137.0538991,127.3050459,872,-3.84E-13,202712.4667,-3096265.184,3.79429820895893e-12,-33347.33716,821464.4079,-29730488.84,50312.8578,7355.744687,15992117.16,-352402876.2,5.203530142,1842,0.890693964,33.32063749,0,0.300275482,0.192177228,0.332759927,0.047863359,0.03198321,0.020057664,0.000507649,0.004378187,-1.94E-05,240.4700841,49.69657247,232.4684252,38.24235912,38.24235912,57.69823142,62.02839145,70.80254233,11.40175425,3.773711532,3,30.03967553,28.19831838,NA,NA,0.266592231,-0.137894498,NA,-0.043855916,0.036584535,-0.044838657,0.066167697,0.000327594,0.024118845,-0.017998311,-0.002924304,-0.011309715,0.008334743,-0.013213772,-78.1821801,238.7878426,0.47339848,872,35799,1672401,82206591,16834,657754,30369166,1489831402,375294,14127094,650672370,32021092690,0.220647111,0.075339092,0.067408104,0.058353479,0.041539172,0.020619534,0.009011138,0.044356838,0.012805175,0.012462273,0.019743342,0.00034715,0.009483502,0.012787106,0.016570397,0.005140574,0.012197783,0.006519358,0.006977873,0.007366238,0.005371544,0.004305484,0.005975166,0.002254746,0.009444396,0.009886803,0.0045328,0.004544535,0.00265061,0.006699113,137.0538991,127.3050459,0,1,1,1,4,3,2,60.94112659
351,108,8,2,blind_batch2_0018.tif,mpfc,1360,6642,743,186,662,104,694.7639706,133.9102941,1360,3.5669245335157e-12,449753.2346,1369775.857,-1.66E-12,43907.20441,1103875.091,-14976744.06,346393.0559,3895403.001,136501151.6,2065242504,15.81767663,4475,0.53955164,41.61256758,-2,0.204757603,0.06322041,0.430442415,0.005376962,0.023212787,0.012865368,0.000155599,0.000556148,-0.000158806,342.5637284,242.8379557,330.7009078,-32.28470913,-32.28470913,254.7007764,74.03390882,91.78779875,11,2.864876353,2,67.46509607,62.33303531,NA,NA,0.243162432,0.020081781,NA,0.023738757,0.016183508,-0.005953888,0.187279983,0.057109075,0.054264973,0.022263061,0.066924493,0.037555111,0.022163566,0.007205974,69.82444988,519.9310242,0.303910615,1360,44559,1909683,93409977,40678,1376680,61100204,3028845358,1563084,57734796,2710202800,1.37831e+11,0.202260549,0.049879624,0.067475037,0.021563485,0.037482915,0.021276253,0.005787649,0.028771175,0.004953839,0.009356518,0.02343575,0.002535704,0.011170823,0.013018242,0.008867521,0.003217788,0.004015753,0.010667134,0.006548437,0.001781329,0.004116381,0.002861093,0.008387142,0.006242198,0.004744112,0.002966995,0.001720211,0.006187459,0.001667384,0.00720364,694.7639706,133.9102941,0,2,2,2,11,11,3,152.7817479
352,109,8,3,blind_batch2_0018.tif,mpfc,891,3024,850,253,766,217,814.7138047,231.8136925,891,-1.04E-12,253380.0202,-2552873.611,-2.75E-12,-41614.50842,998191.4475,-48375140.65,41825.07295,-80374.20179,20051887.03,-390638155.2,5.935226482,2119,0.932803051,33.68169287,0,0.294642857,0.168485567,0.371850558,0.082003661,0.024647276,0.01441696,0.000262257,0.003798963,-7.13E-05,293.2340574,38.08479012,284.3771271,46.70539665,46.70539665,46.94172048,68.49631318,83.60023923,9,3.32890281,2.828427125,34.78835624,24.68515023,NA,NA,0.319166248,-0.107729602,NA,-0.052419076,0.042123028,-0.068389453,0.05268431,-0.003391739,0.028347981,-0.018501319,0.003363319,-0.00489256,0.008126691,-0.009173939,-79.26227486,257.7878426,0.420481359,891,43404,2367754,137475642,13199,601359,32018969,1837765827,237351,10248967,540518969,31082327059,0.16232028,0.029271282,0.090203947,0.028883583,0.031406982,0.005097847,0.042729817,0.030475121,0.010490438,0.015334561,0.011254418,0.000466092,0.027707589,0.01661779,0.013686331,0.005567311,0.009394435,0.009192081,0.002290768,0.000535097,0.017524926,0.00768727,0.010000216,0.008440922,0.00344911,0.008070666,0.003456504,0.002801317,0.001213603,0.001072661,814.7138047,231.8136925,0,3,4,3,4,1,3,52.52691263
353,110,8,4,blind_batch2_0018.tif,mpfc,704,1620,575,266,539,221,554.3892045,239.4275568,704,2.98427949019242e-13,42989.35795,69833.53386,1.95754523701908e-12,-27114.15057,-177701.0873,-3901631.765,66826.3054,137141.4895,4345296.367,40641513.15,2.106228596,918,0.837140275,29.93928255,0,0.434567901,0.474782273,0.221574088,0.014285039,0.003692448,0.000248502,-1.36E-07,-1.49E-05,1.95193530129606e-07,120.0651319,35.92302631,61.06442891,38.51441842,38.51441842,94.92372926,43.82969438,48.33218389,10.77032961,3.970740586,3.16227766,25.49117494,23.97432837,NA,NA,0.086739246,0.005310463,NA,-0.054707981,-0.013513207,-0.011182227,0.134834843,0.010428869,0.012453787,0.004390011,0.014393862,-0.015282034,-0.004432051,-0.003188193,-33.13565767,136.5035713,0.766884532,704,10834,209716,4620340,12973,172530,2852322,53771772,305887,3845204,58300980,995058050,0.383138128,0.129927108,0.091284209,0.01745626,0.083511314,0.022450502,0.024440414,0.002822985,0.023364802,0.012252967,0.022046598,0.008315781,0.007118543,0.007297585,0.007433881,0.013669032,0.007456255,0.01750196,0.010742824,0.007243283,0.014487012,0.003592409,0.009412173,0.006475202,0.006152096,0.009699943,0.011372852,0.006779819,0.007419255,0.00283836,554.3892045,239.4275568,0,4,5,4,0,0,0,0
354,111,8,5,blind_batch2_0018.tif,mpfc,1999,10197,342,327,239,228,284.1230615,284.0695348,1999,-5.93E-12,976079.7269,2688860.679,-5.69E-12,-243567.1056,6970947.9,-161038079.4,997793.3347,-1960162.401,527421221.3,2097519447,33.2187613,7716,0.629441969,50.4500332,-5,0.19603805,0.03010347,0.493962104,0.01489046,0.044174728,0.00237487,2.15577114807541e-05,6.10144375054201e-05,1.1267399954001e-05,615.6805817,371.7496642,488.2840054,121.844475,121.844475,499.1462405,99.25164637,117.4563749,12,2.41384649,1.414213562,91.493993,77.12324311,NA,NA,0.244264135,0.015049994,NA,-0.060952714,0.039017537,-0.020159985,0.249697969,-0.01097135,0.066026643,0.005873016,-0.0875792,-0.03674556,-0.007728635,-0.013794165,-43.72388852,913.4884194,0.259072058,1999,90201,5046225,318477393,112083,4813961,267929449,17151718571,7282235,299323187,16563195523,1.07534e+12,0.177273473,0.023566917,0.073590453,0.014176079,0.010404195,0.020554601,0.031468908,0.005395926,0.010705596,0.010976351,0.020402527,0.006037258,0.028951979,0.006440519,0.00836381,0.001857564,0.013641753,0.006162303,0.00220545,0.004738015,0.015626524,0.00292902,0.004691279,0.004013131,0.002439319,0.010526297,0.001887947,0.005844688,0.005943612,0.002428486,284.1230615,284.0695348,0,5,6,5,20,16,4,345.7472627
355,112,8,6,blind_batch2_0018.tif,mpfc,2434,7303,159,385,92,276,121.5410846,320.5636812,2434,-5.90E-13,406722.3915,1610481.709,6.92779167366098e-12,-184481.3681,705647.6243,-97088286.63,1495856.629,-9162607.145,237216108.2,-2792805384,11.18249398,5198,0.868005796,55.66924691,-9,0.33328769,0.08942549,0.321145289,0.037675854,0.013186319,0.005141167,4.22621544876198e-05,0.000914939,2.40608249933636e-06,627.056789,154.6108449,167.1004074,75.79349553,75.79349553,614.5672265,100.164408,108.2266141,15.13274595,4.210384442,3,61.31801949,49.73704372,NA,NA,0.068652591,0.005510035,NA,-0.03113948,0.002414273,-0.006732946,0.252492698,-0.031348563,0.016450627,-0.003925714,0.064470234,-0.017268492,0.005705821,-0.003149711,-9.357342025,584.8366158,0.468257022,2434,71903,2530815,100403543,108468,3019781,102588521,3956822771,6329590,161378009,5118711013,1.86073e+11,0.262254012,0.055641704,0.100093538,0.050284718,0.040623402,0.006056662,0.020405288,0.042895887,0.015164817,0.016143554,0.008290361,0.005567312,0.014544609,0.019376385,0.007192622,0.01179111,0.008973501,0.004495346,0.006185372,0.004519238,0.010051729,0.004813222,0.010160664,0.013269028,0.004839258,0.005517195,0.002346912,0.002103187,0.005005998,0.002260682,121.5410846,320.5636812,0,6,7,6,12,13,1,148.024388
356,113,8,7,blind_batch2_0018.tif,mpfc,1012,3224,917,392,865,330,896.2509881,359.1640316,1012,1.63424829224823e-13,117280.249,-675937.8562,-4.15E-12,-58903.66403,-488665.8841,-12881596.78,171120.7708,950050.0084,18836787.93,177153149,5.029318504,1840,0.787308541,35.89593876,-1,0.313895782,0.198834096,0.281602021,0.015995646,0.013874199,0.00025335,4.52974129204199e-07,3.20294168274738e-05,-1.43E-07,206.4864134,78.49483142,115.8895741,58.20520161,58.20520161,169.0916707,57.47854047,62.36986452,9.433981132,3.34682327,2.828427125,46.77077739,35.43892355,NA,NA,0.114515389,-0.020747009,NA,-0.057515021,-0.014998946,-0.01242877,0.167086631,0.029160515,0.018174619,0.005373003,0.00148735,-0.018983291,-0.008586168,-0.005246837,-32.7192821,252.900541,0.55,1012,31626,1105624,41206152,29514,863438,28074192,970461806,1031868,29761208,942472478,31507016972,0.287090914,0.015167603,0.139655672,0.033457845,0.013875625,0.023738066,0.046051396,0.038842133,0.006280538,0.005430007,0.018984283,0.014977883,0.016032203,0.0245655,0.008834084,0.005013381,0.012642146,0.008721058,0.020954547,0.008011073,0.005267461,0.012057859,0.008768213,0.001902011,0.00542669,0.007969384,0.003147114,0.013506138,0.008587085,0.002424482,896.2509881,359.1640316,0,7,8,7,2,0,4,4.828427136
357,114,8,8,blind_batch2_0018.tif,mpfc,1661,7128,353,411,245,345,292.3293197,376.1866346,1661,-3.18E-12,930478.8621,4055860.654,-2.27E-12,-204215.0891,99897.96778,-155469393.1,219680.1433,-315441.8638,100464865.1,-709969040.7,12.14299592,4473,0.91230128,45.98750791,-1,0.233024691,0.082352,0.416887256,0.08829235,0.001979342,0.001116088,1.60039129531353e-06,0.000252327,4.36512222596306e-07,592.9998738,99.44985853,560.19197,122.9470735,122.9470735,132.2577624,97.40635493,108.6738239,10.19803903,3.162114431,2.236067977,54.9819972,39.88981996,NA,NA,0.337261872,0.036071063,NA,-0.074019912,0.000888449,-0.033926262,0.079625384,-0.002805403,0.021923269,-0.003801419,0.002191121,-0.015956548,0.001063902,-0.006852442,-75.05900383,503.4457429,0.371339146,1661,78614,4651226,312273086,51801,2247491,125825261,8225096615,1835179,73804769,3887024995,2.44033e+11,0.179072894,0.023082326,0.089126394,0.030269863,0.020646262,0.008244684,0.03752961,0.025110404,0.011427037,0.016581978,0.012308435,0.001594296,0.020479688,0.017565601,0.00883505,0.005469915,0.012854309,0.008595089,0.001860236,0.003140329,0.005883415,0.015160082,0.003842695,0.003603281,0.002816635,0.010498332,0.007854601,0.004208045,0.006573549,0.002972895,292.3293197,376.1866346,0,8,9,8,9,3,7,86.42640805
358,115,8,9,blind_batch2_0018.tif,mpfc,991,4928,602,444,538,367,556.8133199,411.2018163,991,-1.93E-12,149324.4642,1893487.174,2.70006239588838e-13,-186233.664,-2482102.334,-102330228,402527.6367,3442460.439,127703953.8,3308945055,10.58356161,2536,0.948027351,35.52154823,-2,0.201095779,0.094486151,0.561921166,0.21031344,0.079735477,0.091407845,0.007803373,0.04070441,-7.23E-05,505.6679572,51.1959186,150.6805895,187.9249889,187.9249889,406.1832863,89.94824798,90.13878189,12.04159458,3.367959017,2,32.9315352,28.6205293,NA,NA,0.152049031,0.061246071,NA,-0.189631674,-0.08028521,-0.105143633,0.409872136,0.111348616,0.131214968,0.108001992,-0.167946374,-0.186286631,-0.129880529,-0.138821928,-27.89607338,363.0426766,0.390772871,991,18644,500080,16920230,43804,637865,12614995,307737725,2338744,30978267,537858005,10998565767,0.155296048,0.054063204,0.032505692,0.043931876,0.03278817,0.025872091,0.016843369,0.026672455,0.017605641,0.011367428,0.028152621,0.010238058,0.009689472,0.001513921,0.01267467,0.009569837,0.006654838,0.011758569,0.009863825,0.004815794,0.003999005,0.004266108,0.00408575,0.007327832,0.005373932,0.005802577,0.005259978,0.000415259,0.004159159,0.002851558,556.8133199,411.2018163,0,9,10,9,10,11,1,165.3380973
359,116,8,10,blind_batch2_0018.tif,mpfc,665,1938,760,511,722,460,741.5969925,490.7233083,665,1.424638185199e-12,59665.99398,-117446.9402,-5.15E-13,45681.84662,-291330.7733,8965609.765,79409.08872,-512361.4443,11639764.19,-135168582.4,3.589835743,1079,0.896604794,29.09818374,1,0.343137255,0.278564277,0.314489418,0.044676736,0.016019353,0.009343371,0.000114012,0.00195511,-8.23E-06,174.8478306,34.28763214,89.72329923,-68.69450619,-68.69450619,119.4121635,52.89201536,55.47071299,10.44030651,3.294104395,2.236067977,26.03165494,23.42225681,NA,NA,0.134922254,-0.010298823,NA,0.103300009,-0.025546549,0.030487014,0.179567163,-0.044928542,0.039580315,-0.017823788,-0.053783828,0.055981098,-0.028235071,0.020351312,38.90312592,173.2020561,0.616311399,665,13032,315054,8395212,20431,446068,11178624,302397934,707117,16152000,411557036,11213385162,0.274344432,0.082556585,0.076841013,0.071311035,0.034937343,0.023851326,0.01196383,0.040785136,0.02394787,0.01153733,0.015079496,0.001140259,0.019086749,0.012907199,0.012978175,0.009718517,0.006699858,0.008643152,0.011993559,0.002452421,0.008873804,0.011757808,0.003331396,0.006065236,0.007055306,0.003884468,0.00891584,0.011713893,0.01023738,0.001688152,741.5969925,490.7233083,0,10,11,10,0,0,0,0
360,117,8,11,blind_batch2_0018.tif,mpfc,1104,5500,436,557,326,507,380.8858696,536.4338768,1104,-1.41E-12,663809.6196,-1033435.717,1.50635059981141e-12,44006.66848,-7673444.84,46628670.73,122341.173,2239.624636,173462709.5,-630324208.2,9.307121354,3626,0.906644341,37.49208526,-1,0.200727273,0.107444607,0.645011874,0.202579539,0.293929276,0.047470358,-0.005350165,-0.019717205,0.001678615,604.4953339,107.5977753,601.2768293,-39.86111275,-39.86111275,110.8162799,98.34594726,109,10.04987562,3.083886434,2.236067977,48.48087731,41.49173899,NA,NA,0.544634809,-0.025518831,NA,0.03610608,-0.189481883,0.034653397,0.100377065,5.53034917415767e-05,0.12891365,-0.014098478,-0.026901958,0.006038776,-0.080002138,0.008816149,85.38378294,359.3330445,0.304467733,1104,60594,3989564,290804790,32495,1827523,114585579,7740354769,1078795,61803415,3831280763,2.51898e+11,0.118311292,0.059560706,0.001614427,0.011183381,0.035158892,0.005705834,0.037678428,0.029052758,0.008809726,0.013084912,0.009915037,0.005753977,0.005657825,0.013975936,0.005956515,0.004173161,0.017508958,0.014024075,0.006479378,0.005388588,0.008965258,0.012322153,0.000387525,0.003785616,0.001386766,0.002026577,0.002290507,0.004931676,0.005802851,0.001661293,380.8858696,536.4338768,0,11,12,11,6,4,3,98.22539753
361,118,8,12,blind_batch2_0018.tif,mpfc,1257,3634,459,652,380,606,417.3993636,632.1583134,1257,4.84590145788388e-12,352973.5195,878795.6471,7.0983219302434e-12,-145312.4733,-260670.178,-86322463.97,173791.4956,1413504.264,76574589.42,1111143276,5.455579757,2389,0.886858123,40.00577593,-1,0.345899835,0.183298576,0.33338524,0.046691967,0.003612451,0.002157053,-8.91E-07,0.000465851,5.95503036331703e-06,345.3409408,73.72430586,280.8063003,115.6026041,115.6026041,138.2589464,74.3334047,81.9390017,12.20655562,3.802863891,2.828427125,42.62521366,34.34514367,NA,NA,0.223394034,0.015687354,NA,-0.091967068,-0.004653215,-0.043462829,0.109991206,0.025232421,0.038554835,0.015779622,-0.017315522,-0.023938435,-0.00959818,-0.012371922,-60.82775493,293.5573952,0.526161574,1257,47011,2111155,106236619,32881,1084416,44094396,2053650546,1033903,32478560,1287683940,59472003314,0.234052291,0.012960928,0.118020259,0.037280904,0.022779842,0.013792485,0.049898412,0.029574661,0.013304613,0.018704229,0.019582207,0.013046195,0.019675679,0.013716882,0.01253503,0.007892567,0.008234225,0.018874287,0.014615904,0.008921277,0.006288166,0.006061276,0.008480405,0.007754914,0.003139039,0.002147018,0.010920419,0.011275228,0.008362167,0.005935335,417.3993636,632.1583134,0,12,13,12,1,0,2,11.82842726
362,119,8,13,blind_batch2_0018.tif,mpfc,1056,3318,122,698,80,619,99.43655303,650.7282197,1056,2.8421709430404e-14,78097.74905,178159.7163,5.80513415116002e-12,-35018.70928,70079.17325,-6975846.125,277900.9991,-683255.3657,13059605.8,-84337387.98,5.122769196,2320,0.863636872,36.66798275,1,0.318264014,0.195206921,0.319242449,0.036047896,0.010011429,0.007706916,6.65620931263925e-05,0.001463013,-1.23E-05,268.80759,68.31243666,73.95620175,33.16165652,33.16165652,263.1638249,65.58141078,80.52328856,12.04159458,3.928688397,3,35.25610419,33.06053518,NA,NA,0.070034282,0.004916428,NA,-0.031403084,0.001933878,-0.005923865,0.249208167,-0.018854858,0.011090173,-0.002203923,0.084741585,-0.021148778,0.008420482,-0.003287101,-9.658596476,260.7289681,0.455172414,1056,20525,477033,12485939,33505,616203,13844201,353579001,1340955,23158125,489768831,11810877147,0.207362887,0.046762215,0.100021591,0.032940418,0.043344546,0.009931228,0.041037363,0.02633158,0.012182634,0.022941652,0.015890816,0.00633062,0.021845219,0.015179098,0.00660159,0.009095839,0.008841202,0.014830866,0.002998631,0.00635588,0.012954497,0.0013705,0.003945241,0.011575548,0.00632939,0.003817239,0.006583028,0.002648006,0.007727727,0.003812079,99.43655303,650.7282197,0,13,14,13,3,2,1,57.7695533
363,120,8,14,blind_batch2_0018.tif,mpfc,1152,4543,963,915,886,856,918.1310764,885.3723958,1152,1.08002495835535e-12,317011.2075,2375858.353,-3.28E-12,152337.7682,2409671.207,105131152.2,226093.2422,904309.6735,81056807.9,1464106623,10.56395629,2594,0.859369271,38.29845892,1,0.253576932,0.094661505,0.409240308,0.057400051,0.020792629,0.010200918,0.00011609,0.002367835,9.27059060731911e-05,373.7222704,97.72256439,275.1833398,-132.237646,-132.237646,196.261495,77.32759098,82.07923002,9.433981132,2.70887978,2,42.92218754,39.54188956,NA,NA,0.238874427,0.052745978,NA,0.114789623,0.05349665,0.068766035,0.170365881,0.020076406,0.053019064,0.028215583,0.016487763,0.038159263,0.019001231,0.022746495,53.30779214,391.0609665,0.444101773,1152,37015,1506343,71148103,33837,1239557,56444127,2899020695,1219967,49052213,2388809411,1.28499e+11,0.217718859,0.038064301,0.082524085,0.042324216,0.027306381,0.005444199,0.011869727,0.036073962,0.011152344,0.012433534,0.006518987,0.007531809,0.006942813,0.019918678,0.014110329,0.003871416,0.013504075,0.006929337,0.008362539,0.003826345,0.006919232,0.012553847,0.008647546,0.008355677,0.004929672,0.010776034,0.009075779,0.003354543,0.005165201,0.000765793,918.1310764,885.3723958,0,14,16,14,3,2,2,29.38477683
364,121,8,15,blind_batch2_0018.tif,mpfc,798,1920,449,1015,409,967,423.9899749,992.0676692,798,-6.04E-13,63659.9198,327718.5849,7.105427357601e-15,-42858.45865,-268618.137,-9504563.706,100246.3459,198456.4054,9875502.53,95831935.28,4.556523836,1274,0.851460224,31.87546324,0,0.415625,0.219465548,0.257388876,0.02141934,0.002094025,0.001126325,1.61605084115281e-06,9.59765983681245e-05,6.16816581824676e-07,161.0931984,44.30312449,79.77433559,53.70734166,53.70734166,125.6219873,50.76899816,59.03388857,9.848857802,3.294308045,2.828427125,27.13309484,26.62423693,NA,NA,0.099967839,0.018217712,NA,-0.067302433,-0.014932348,-0.018703527,0.157421037,0.011032092,0.019433478,0.006675751,-0.001522875,-0.022866699,-0.006098542,-0.006543042,-33.44291383,213.7584053,0.626373626,798,11962,242970,5878354,20004,257001,4537179,96881529,601700,7069201,113144067,2174666029,0.291548108,0.040237818,0.142976963,0.042717605,0.039357474,0.009270697,0.032129174,0.038322805,0.01118321,0.024437798,0.010234993,0.003941614,0.002460795,0.008766235,0.00651371,0.005539436,0.007857663,0.011092451,0.007039233,0.001915741,0.007474073,0.013536283,0.004476093,0.002138475,0.004586311,0.005546792,0.012044356,0.005781972,0.000662955,0.002017542,423.9899749,992.0676692,0,15,17,15,2,0,2,6.242640734
365,122,9,1,blind_batch2_0026.tif,mpfc,2828,16430,796,141,641,35,723.643918,72.33734088,2828,1.70530256582424e-13,2068948.425,-12860861.21,3.63797880709171e-12,537750.7023,16351273.89,1692767632,1244406.177,28250943.69,1618166004,65922668328,19.92510988,9507,0.761948698,60.00601164,-8,0.172124163,0.050187929,0.414294442,0.028713797,0.057086979,0.008944725,0.000157855,0.000198239,0.000126238,825.4167029,346.2079796,731.5942098,-190.1522992,-190.1522992,440.0304727,114.9202647,170.3936619,13,3.75474426,2.828427125,86.34924628,74.4266597,NA,NA,0.25869668,-0.030239286,NA,0.067239144,0.03844617,0.074844369,0.155597763,0.066425441,0.071545918,0.054809629,0.048933962,0.053957792,0.04762903,0.052511773,63.73794168,841.4823228,0.297465026,2828,233717,21384237,2096388275,105590,9264122,903665470,95038870880,5186856,497069408,52456676824,5.92287e+12,0.124017408,0.026080929,0.073011409,0.003504045,0.035151853,0.003113151,0.030298302,0.007670507,0.006118613,0.026852281,0.006439255,0.001311431,0.008000697,0.010298527,0.007435993,0.003315292,0.013610551,0.0063951,0.002671209,0.000149804,0.000979272,0.006364783,0.007355001,0.002500555,0.001860037,0.006225355,0.004486508,0.002271408,0.001037746,0.000480872,723.643918,72.33734088,0,1,1,1,18,11,9,263.735068
366,123,9,2,blind_batch2_0026.tif,mpfc,1978,15435,562,207,457,60,507.2239636,127.9059656,1978,-3.07E-12,875611.7841,13295751.28,3.18038928526221e-11,285500.6572,5095696.43,378815177.3,1392520.51,-13132295.07,456914939.5,19566421.72,37.56392891,8989,0.712037874,50.18433839,-17,0.128150308,0.026621283,0.579716695,0.038754593,0.095904526,0.002735566,-1.16E-05,0.000375522,-4.28E-05,768.0361929,378.6434298,442.6753206,-144.3380471,-144.3380471,704.0043021,110.8538637,146.0308187,10.77032961,2.384081889,1.414213562,95.86066023,77.83504915,NA,NA,0.223799454,0.076409466,NA,0.072971712,0.029284501,0.048949528,0.355917241,-0.075470098,0.05904138,5.68485516216579e-05,0.023009702,0.008374747,0.005406059,0.013012974,23.9232458,966.2813127,0.220046724,1978,99343,5865011,395813239,134318,7031483,432042881,30185154011,10513514,553672445,34282082679,2.42022e+12,0.118099312,0.028277307,0.05375494,0.002625804,0.023031792,0.008876029,0.024909384,0.001771636,0.012535837,0.01828068,0.003375733,0.005455854,0.009851335,0.003359005,0.008912115,0.004093022,0.017127641,0.002425456,0.007007613,0.003483842,0.005001487,0.005364573,0.0040788,0.003104219,0.003830615,0.009047898,0.001748861,0.002412291,0.002266691,0.001511857,507.2239636,127.9059656,0,2,2,2,32,28,6,448.6711439
367,124,9,3,blind_batch2_0026.tif,mpfc,1317,3465,657,198,612,121,635.9301443,168.1761579,1317,-1.08E-12,112371.5733,-147134.1553,-8.53E-12,67399.20653,198289.1655,11278074.56,373443.1314,-339806.8116,24652627.63,-36279978.22,6.35695686,2450,0.868178719,40.9494381,-1,0.38008658,0.157307973,0.280090969,0.028695478,0.007966072,0.005770636,3.86851319728743e-05,0.000941435,-5.85E-06,295.9880886,72.89171746,85.3238977,-51.17631475,-51.17631475,283.5559084,68.81721745,77.1038261,14.31782106,4.494276796,3.16227766,40.32480487,34.15065855,NA,NA,0.064786559,-0.002337486,NA,0.03885825,0.003150174,0.004937165,0.21530441,-0.005398432,0.010792098,-0.00043764,-0.078719956,0.017752977,-0.001303849,0.001983547,13.6542744,324.3563851,0.53755102,1317,31516,866554,25967764,62131,1554203,44304723,1366361507,3304545,85097703,2473901667,77393080023,0.281633306,0.078536542,0.098742371,0.04730905,0.064578597,0.018396586,0.014788769,0.025571729,0.015648174,0.019132221,0.022917043,0.005049478,0.013782375,0.00091456,0.003527779,0.009013986,0.006716685,0.006833383,0.009174433,0.002145679,0.008557527,0.006330225,0.009730711,0.002178251,0.005753644,0.007171733,0.002806001,0.00937491,0.004742843,0.000847529,635.9301443,168.1761579,0,3,3,3,10,6,6,67.18376684
368,125,9,4,blind_batch2_0026.tif,mpfc,2088,12305,254,205,147,90,217.368295,162.6431992,2088,2.77111666946439e-12,1045861.781,-25814616.36,-2.58E-11,-14290.62021,-1516569.334,202194492.9,1299385.183,15078562.2,470364526.9,1337230503,23.77079742,8012,0.442972876,51.56087828,-6,0.169687119,0.042068425,0.537932265,0.003424514,0.134848373,0.016809044,-0.000692387,0.00055637,-0.000401291,622.6954859,500.5070834,500.8916576,6.844166768,6.844166768,622.3109116,99.81546861,117.6307783,12.04159458,2.816870658,2,101.8607491,89.48806252,NA,NA,0.239890641,-0.129580437,NA,-0.003277858,-0.007612653,0.022211498,0.298041624,0.075689162,0.051670549,0.003214767,-0.110305854,-0.034281162,-0.005230512,0.000127024,-3.21607251,789.7544007,0.260609086,2088,146929,11385005,922519795,151679,10659102,823515404,66684540102,12317833,879787236,68593155754,5.59758e+12,0.163077391,0.034718316,0.058514234,0.010478803,0.029164818,0.024176721,0.012169367,0.003176936,0.007132453,0.022119573,0.016816122,0.008469613,0.000644622,0.004084679,0.010346408,0.011229975,0.013425527,0.008214753,0.009633538,0.000968031,0.007064354,0.003354263,0.013803462,0.011008684,0.003780679,0.007937309,0.005175663,0.007136839,0.004392464,0.006085877,217.368295,162.6431992,0,4,4,4,15,11,6,249.3208545
369,126,9,5,blind_batch2_0026.tif,mpfc,1787,15222,972,269,843,151,927.4398433,202.7336318,1787,4.41957581642782e-12,1482782.283,-42875977.68,1.38697942020372e-11,952952.3654,-19172772.29,2495162714,1418031.209,595284.1281,1984841730,-57232576860,30.15216801,6772,0.890670025,47.69988539,-9,0.117395874,0.033165111,0.908386563,0.356619553,0.434226196,0.098101432,0.009867014,0.001326438,-0.017680571,1345.220434,278.0663553,829.7606509,-533.2693707,-533.2693707,793.5261381,146.7089872,171.3300908,9.055385138,2.321307755,1.414213562,60.81118318,66.70128699,NA,NA,0.464331646,-0.317616207,NA,0.298415988,-0.142027857,0.437245365,0.444054918,0.004409739,0.347818137,-0.237250626,0.143800191,0.330148743,-0.055213019,0.459751645,45.97290721,822.8610024,0.263880685,1787,150894,14224248,1408629102,92448,8759247,877633533,90895724547,6200702,622780963,64933067761,6.94677e+12,0.077511721,0.019652128,0.03325521,0.009883475,0.022632659,0.001994712,0.002566794,0.006855757,0.006340206,0.01339226,0.004498205,0.00224142,0.013268133,0.007008052,0.003958154,0.004476548,0.002424521,0.00737023,0.002118033,0.001442843,0.016244424,0.001592606,0.003815126,0.003638613,0.003204638,0.010565633,0.00237253,0.001168356,0.001789763,0.000914315,927.4398433,202.7336318,0,5,5,5,19,15,7,315.2203509
370,127,9,6,blind_batch2_0026.tif,mpfc,1284,3600,74,307,26,232,44.20482866,269.2095016,1284,-3.58E-12,134047.1301,1004853.884,6.48725517748971e-12,91156.90109,1519678.54,40992762.01,388952.6441,1872158.782,56388657.3,1053125468,6.496806452,2347,0.865674227,40.43314946,-5,0.356666667,0.153921778,0.317227957,0.036134193,0.012053256,0.003032086,1.13205027566949e-05,1.21986814570819e-05,-1.44E-05,325.6981028,81.62259356,104.3980764,-70.99447125,-70.99447125,302.92262,72.18843152,76.65507159,12.04159458,3.747922058,2.828427125,37.6872494,36.13808928,NA,NA,0.081306913,0.017009453,NA,0.055291644,0.02572404,0.01936476,0.235921044,0.031690575,0.026637697,0.013883614,-2.59E-05,0.027619039,0.017030958,0.012038193,17.7865749,323.7705986,0.54708138,1284,23375,559585,16072613,47777,960929,25660549,812675651,2166711,48100567,1388319103,46566069805,0.278223209,0.107410315,0.04099988,0.026004676,0.066550457,0.016450238,0.037623635,0.028698308,0.010265956,0.018930942,0.0109748,0.002837371,0.000675025,0.020544663,0.004308747,0.013583643,0.003065922,0.011046215,0.005864105,0.008972219,0.009582008,0.005996891,0.00319367,0.008410842,0.008932599,0.008362353,0.007776931,0.004623621,0.006300684,0.004818536,44.20482866,269.2095016,0,6,6,6,4,4,2,48.11269909
371,128,9,7,blind_batch2_0026.tif,mpfc,2480,14762,249,434,127,313,191.7629032,353.9072581,2480,2.45847786572995e-12,1345446.587,-24478271.81,4.47641923528863e-11,-495609.5323,871552.4073,-601818656,1400268.669,-2421624.333,476767315.3,-2231081273,30.26156847,8491,0.728761956,56.19282936,-17,0.167998916,0.033045214,0.446428729,0.026053077,0.010680976,0.017339822,-0.000219468,0.002794536,8.67146292059165e-05,753.719598,353.4236506,542.5187851,199.8425533,199.8425533,564.6244634,109.8158166,134.1640786,12.72792206,3.007839283,2,85.73162985,75.19826068,NA,NA,0.218757575,-0.079919278,NA,-0.080581675,0.002845537,-0.039455777,0.227671155,-0.007906378,0.031257298,-0.002937207,0.095269071,-0.048934296,0.006433903,-0.011656156,-43.4171627,971.1280297,0.292073961,2480,160612,11747146,910571062,101450,6074587,417220861,30580373047,5550310,316484511,20513162969,1.41845e+12,0.175383558,0.049096479,0.061615717,0.018707479,0.036325858,0.015523542,0.011751027,0.024813677,0.01504991,0.014523259,0.012178685,0.003741451,0.006408537,0.01258014,0.018481123,0.003555231,0.010319444,0.004729642,0.007140165,0.000859407,0.00108911,0.008246718,0.012411378,0.002652239,0.000531842,0.0066352,0.005961989,0.006336399,0.003633146,0.002395398,191.7629032,353.9072581,0,7,8,7,35,40,6,452.9726605
372,129,9,8,blind_batch2_0026.tif,mpfc,2515,16214,417,493,296,359,341.8003976,407.1952286,2515,-1.14E-11,1700457.8,38128880.3,-3.40E-11,1811114.005,53022329.75,3715523762,2571941.143,69112038.12,4657042334,2.13667e+11,17.47734752,6622,0.965210683,56.5879621,-15,0.155112865,0.05721692,0.675454066,0.346927001,0.337564263,0.306444995,0.098558733,0.180458763,0.000730223,1590.057394,108.7095814,676.1263617,-720.1248528,-720.1248528,1022.640613,159.502095,161.4434886,18.86796226,4.734437379,2.828427125,55.6258474,41.70555481,NA,NA,0.26883752,0.120201276,NA,0.286331949,0.167152868,0.233564092,0.406616546,0.217875666,0.292749538,0.267827143,0.27119514,0.381730291,0.350593145,0.398671001,38.23606777,743.2102448,0.379794624,2515,115188,6976114,513400962,121211,7362626,555137222,47141725292,8413733,629038462,53688812434,4.88707e+12,0.122761317,0.037090073,0.036501957,0.039003959,0.029730785,0.011569622,0.00393049,0.034308609,0.017278252,0.01037094,0.014687383,0.004105425,0.00517236,0.014741162,0.019139648,0.008920327,0.002274962,0.008954768,0.005942359,0.001300094,0.000346219,0.004493128,0.011121361,0.010561087,0.004921952,0.001964024,0.00378109,0.00338846,0.002166515,0.000723249,341.8003976,407.1952286,0,8,11,8,22,19,4,294.4629914
373,130,9,9,blind_batch2_0026.tif,mpfc,3439,16770,867,466,737,337,791.7981972,393.4073859,3439,-1.34E-12,2384085.949,36879988.28,-1.88E-11,-329289.2742,-2886631.006,-1052588121,2081890.252,33251830.16,2559596110,1.04307e+11,29.26638679,12037,0.528392777,66.17152556,-9,0.205068575,0.034168892,0.377617448,0.003753792,0.008979766,0.010344813,-9.97E-05,0.000135016,-2.78E-06,754.6638735,543.9625299,693.249767,95.75146095,95.75146095,605.3766363,109.8845848,150,17.72004515,4.52304512,2.236067977,116.3535829,93.29201723,NA,NA,0.201584695,0.053175347,NA,-0.027842821,-0.004162084,-0.025879861,0.176032753,0.047944094,0.06293249,0.04373201,0.015101545,0.016756817,0.008914382,0.002163575,-57.32426087,1124.619408,0.285702418,3439,188451,12710861,994699479,193985,10300739,678010893,51614851295,13024077,709799075,48501778425,3.82521e+12,0.185057866,0.044774942,0.082162773,0.014578769,0.046457216,0.012358228,0.017411659,0.019636358,0.010316907,0.026337076,0.012564489,0.004269782,0.003613405,0.012638389,0.013461486,0.003007157,0.011182621,0.005452413,0.005035681,0.00610122,0.001354762,0.006698372,0.00687801,0.002613215,0.002016273,0.005162573,0.004767248,0.003284697,0.00624952,0.001421491,791.7981972,393.4073859,0,9,12,9,21,17,10,385.7594556
374,131,9,10,blind_batch2_0026.tif,mpfc,1797,13624,238,522,107,418,178.4079021,467.2988314,1797,-1.46E-11,1303308.008,-15299875.02,3.43192141372128e-12,22226.95659,-1778605.529,205175030.3,650356.5275,11239330.55,508190505.5,13779751672,33.09982484,8738,0.708423777,47.83316278,-11,0.131899589,0.03021164,0.60499786,0.041075027,0.130578483,0.000891766,9.40700964728072e-06,0.000178328,2.02758573134367e-06,725.6893463,361.4918086,725.2687856,-12.36892409,-12.36892409,361.9123693,107.7544873,141.7674152,9.486832981,2.340780155,1.414213562,87.36528091,76.05175171,NA,NA,0.403599769,-0.111768054,NA,0.006883096,-0.012993,0.035357396,0.201398091,0.082105122,0.087575437,0.056017422,0.009546737,0.028022322,0.025815053,0.038704242,88.05261389,864.5533906,0.205653468,1797,128320,10466370,918214630,88590,6348253,517375565,45431075437,5017740,371737143,31004389851,2.77917e+12,0.113842744,0.02322806,0.055098333,0.005882068,0.017727204,0.009024024,0.026728369,0.00393253,0.00651289,0.009797245,0.009187433,0.002357686,0.019880889,0.007046118,0.006711265,0.004045484,0.012945759,0.002329588,0.00520096,0.001381191,0.011689945,0.00342581,0.004087651,0.004100806,0.003548509,0.011066313,0.002565592,0.006396161,0.001595385,0.001506896,178.4079021,467.2988314,0,10,14,10,28,26,7,405.7300177
375,132,9,11,blind_batch2_0026.tif,mpfc,2482,22491,1011,554,864,401,942.4794521,487.3589847,2482,-8.47E-12,2087583.452,-33741962.08,1.33013600134291e-11,661269.8082,2310195.347,1086354389,2089993.145,17191492.66,870727970.1,11281832233,47.59995981,12383,0.69347959,56.21548319,-20,0.110355253,0.021008421,0.67814235,0.046090531,0.107424462,0.023505378,-0.000586877,0.003330037,-0.001025024,1108.001291,575.1480228,841.0892232,-266.4261919,-266.4261919,842.0600905,133.1466134,152.118375,12.36931688,2.435906042,1.414213562,123.8836764,95.92897562,NA,NA,0.338875594,-0.109942571,NA,0.107343349,0.007527387,0.071050345,0.339266757,0.056015619,0.056947828,0.014810626,-0.151044849,0.031746261,0.01031789,0.019064382,44.94780305,1218.453932,0.200436082,2482,194786,17374282,1657446980,214343,17482791,1606527733,1.56984e+11,20600437,1748115679,1.64342e+11,1.62971e+13,0.123118876,0.014557696,0.055088514,0.009861182,0.018817953,0.012534425,0.01845305,0.014065833,0.007077795,0.017720485,0.007969592,0.002676142,0.004458652,0.013733097,0.006061108,0.004974056,0.016366221,0.001836431,0.003361096,0.004897752,0.001914996,0.010044548,0.003544173,0.003576553,0.001990195,0.010421764,0.003154724,0.002395911,0.005282315,0.002191741,942.4794521,487.3589847,0,11,15,11,36,44,4,647.9087379
376,133,9,12,blind_batch2_0026.tif,mpfc,1949,21605,903,663,754,518,826.080041,577.9138019,1949,-9.44E-12,1464949.514,11336866.72,-1.27E-11,1543452.447,10037716.77,2788214910,2520993.519,13196856.06,2629113806,34885014798,27.03544833,10430,0.948788913,49.81509684,-4,0.090210599,0.036988475,1.049318692,0.737676772,0.028571488,0.072376063,0.003282415,0.061903734,-0.000240787,1859.540713,185.5814171,751.6416181,-791.9201882,-791.9201882,1293.480512,172.489569,173.8332534,8.94427191,2.395260922,1.414213562,69.22698129,54.49130824,NA,NA,0.385655012,0.067602607,NA,0.406321287,0.059855676,0.376609029,0.66366368,0.078693866,0.355118967,0.106732695,0.16591723,0.481113231,0.153074369,0.392893521,35.5569763,813.7249635,0.186864813,1949,140484,11591042,1058006892,116772,9960383,927005343,92405158613,9517248,884148691,87102363715,9.028e+12,0.080333294,0.007872993,0.0363255,0.016990154,0.010323104,0.004193335,0.013950938,0.018198148,0.003415996,0.005802482,0.007835452,0.000365855,0.007736766,0.013443652,0.005941248,0.001265974,0.005381719,0.006043816,0.004226095,0.00232246,0.008089465,0.006469682,0.00819082,0.002944192,0.002125655,0.005023697,0.005262291,0.005160573,0.001731028,0.003150881,826.080041,577.9138019,0,12,17,12,15,13,2,343.9188357
377,134,9,13,blind_batch2_0026.tif,mpfc,1187,7644,626,626,528,548,580.168492,588.989048,1187,5.87618842473603e-12,493204.3016,-7495662.61,2.92743607133161e-12,297106.1904,-7386164.098,337563940.6,346984.8576,-4646566.393,267646943.4,-9071566022,12.24628663,4030,0.918050235,38.87589664,-2,0.155285191,0.081657406,0.596314865,0.188630706,0.193905147,0.098199977,0.013524309,0.042621368,0.000845314,611.6796361,96.14610879,415.5048876,-250.3000762,-250.3000762,292.3208573,98.92863174,101.8331969,10.77032961,2.968288649,2,58.58547373,39.22164888,NA,NA,0.350046241,-0.154412777,NA,0.210867798,-0.152157076,0.201838445,0.246268625,-0.095720586,0.160033215,-0.157436255,-0.036610711,0.129845322,-0.116271263,0.155693966,51.91213354,427.3980156,0.294540943,1187,61924,3723686,238222870,48654,2835312,176243344,11371886916,2341266,141849950,8919096670,5.76151e+11,0.142824758,0.044212021,0.039075223,0.036449453,0.026776725,0.020055068,0.001044923,0.031104535,0.004653919,0.00854442,0.019987865,0.010246488,0.004313881,0.01561882,0.008227156,0.004537938,0.007443696,0.01212377,0.010494201,0.005182463,0.001790297,0.003535335,0.008261274,0.00860626,0.003299369,0.006576558,0.007719413,0.005214369,0.005617981,0.005262414,580.168492,588.989048,0,13,18,13,9,5,5,140.9533204
378,135,9,14,blind_batch2_0026.tif,mpfc,1674,7194,1003,713,937,604,971.4360812,662.3948626,1674,-4.99E-12,221957.6607,906814.4608,6.13908923696727e-12,103177.7503,-1052906.243,41602886.97,1128823.996,-7072672.86,157160609.5,-2072462589,17.64315622,4965,0.903069643,46.16712031,-7,0.232693912,0.056679201,0.482030198,0.110151101,0.037643258,0.003167461,-1.86E-05,-0.000715374,-2.91E-05,681.2513684,125.6671839,132.5911952,-61.63545418,-61.63545418,674.3273571,104.4031699,108.853112,10,2.62330412,2,58.95770003,44.8405502,NA,NA,0.07920621,0.00790915,NA,0.036819268,-0.009183349,0.008868642,0.402823989,-0.061687183,0.03350251,-0.010797982,-0.007411345,0.019781269,-0.007804445,0.006211447,6.409627631,609.2152955,0.337160121,1674,57646,2207060,92196016,97753,3469408,134934134,5683660732,6837097,240420256,9241593310,3.84507e+11,0.179728031,0.032351703,0.070311789,0.032147746,0.033801774,0.0060589,0.027823826,0.018871763,0.016560244,0.023932555,0.009276737,0.006097588,0.012209145,0.007746502,0.010821365,0.01008889,0.01541072,0.007817967,0.004075098,0.005383259,0.002320611,0.00528769,0.009840758,0.005008982,0.004748113,0.013349761,0.006138231,0.008361364,0.003702306,0.002602945,971.4360812,662.3948626,0,14,21,14,14,14,2,154.6812429
379,136,9,15,blind_batch2_0026.tif,mpfc,1437,12733,531,746,412,639,482.3841336,675.7404315,1437,-1.89E-11,701761.9582,-14050828.52,1.78346226675785e-11,281038.2818,7387530.87,402411217.4,585380.1809,13874595,540225515.9,20287620081,13.8920389,5983,0.785381913,42.77435243,-4,0.112856357,0.071983674,0.623322742,0.077267188,0.509437555,0.100932038,-0.002402262,-0.006077334,0.022760587,647.5786631,248.1361171,488.3520934,-195.5729171,-195.5729171,407.3626868,101.7902678,137.7134707,12.20655562,3.132055742,2,64.48346801,63.00934751,NA,NA,0.339841401,-0.179498165,NA,0.136098063,0.094375092,0.135612516,0.283481341,0.177246796,0.182055913,0.180356756,0.22331496,0.26393192,0.268324267,0.288934509,50.84908691,500.8599564,0.240180511,1437,101142,7820554,635177904,52796,3997039,334279331,29475745117,2525128,212254477,19399744585,1.85317e+12,0.096329484,0.047195748,0.013890266,0.018005678,0.030595083,0.012412741,0.019432917,0.022413886,0.01188149,0.002036533,0.015493588,0.005842757,0.011938469,0.006454037,0.012763443,0.006239492,0.008410231,0.007355422,0.009719453,0.003021086,0.000910753,0.004027591,0.006661603,0.005435053,0.001581886,0.003434472,0.003007881,0.005899985,0.004642418,0.001048129,482.3841336,675.7404315,0,15,22,15,10,5,6,133.7817476
380,137,9,16,blind_batch2_0026.tif,mpfc,1724,22010,717,915,575,760,650.9344548,837.4814385,1724,-3.57E-12,1142673.593,-16967834.06,-1.09E-11,1439844.403,-21237850.74,3496725330,2223112.406,-28332454.47,4359942983,-1.13E+11,21.26747156,7940,0.977223948,46.85152052,-4,0.078328033,0.047020164,1.132431592,1.070878142,0.371838145,0.317672843,0.108456134,0.321741582,-0.012560245,1868.18158,84.13048451,662.8037085,-835.1765676,-835.1765676,1289.508356,172.8898646,208.1249625,10.29563014,2.690801587,2,57.921638,36.68906856,NA,NA,0.384456907,-0.137493844,NA,0.484441165,-0.172094666,0.68241684,0.747974685,-0.229583697,0.850881391,-0.532204364,-0.255604903,1.083538722,-0.631006732,1.920242105,34.71713267,678.783838,0.217128463,1724,130911,11083329,998175303,133578,11583017,1056182023,1.00905e+11,12572928,1149508409,1.10007e+11,1.10074e+13,0.050675616,0.002414356,0.032173399,0.008330628,0.006834648,0.001275655,0.023162933,0.00710843,0.004173291,0.00699194,0.001543946,0.001018641,0.016090806,0.006575375,0.003345185,0.00278286,0.006713717,0.001237913,0.00165944,0.000745521,0.0096309,0.006822897,0.002411941,0.002344549,0.002036727,0.006734636,0.00063509,0.001583788,0.001478937,0.000557384,650.9344548,837.4814385,0,16,24,16,16,14,4,253.3919229
381,138,9,17,blind_batch2_0026.tif,mpfc,1077,4450,281,942,192,892,224.816156,908.9619313,1077,4.30588897870621e-12,374919.5989,5123666.861,4.89563944938709e-12,27321.4624,-410965.1345,1262849.556,118229.4392,-408942.7531,35285901.58,306597854.5,10.0801189,2878,0.8334665,37.03078435,0,0.242022472,0.099205179,0.425154503,0.051192122,0.030757855,0.015459367,0.000282496,0.003495765,0.000183945,350.7849661,107.1064341,348.1147622,-25.36811736,-25.36811736,109.7766381,74.91701714,88.02272434,10.44030651,2.794385291,2,47.60062592,41.39689537,NA,NA,0.323226334,0.134598936,NA,0.023554427,-0.010796071,0.001010891,0.101928169,-0.010742943,0.028245815,0.007478494,0.021707554,-0.005991081,0.00266286,-0.001257592,83.99127157,369.3563851,0.374218207,1077,35343,1534741,80094807,18268,626807,27414377,1407634031,428090,14566175,624212993,31346002523,0.176656235,0.045660877,0.070077535,0.032531883,0.029323985,0.008214653,0.012161549,0.032001012,0.008416605,0.012166711,0.011405878,0.009735007,0.004550966,0.019231211,0.006163266,0.009405572,0.010273095,0.014421654,0.012107116,0.006698029,0.005334077,0.010823063,0.001392607,0.010267422,0.005179545,0.006054724,0.013827465,0.003006249,0.009864026,0.001667846,224.816156,908.9619313,0,17,25,17,5,4,2,82.42640811
382,139,9,18,blind_batch2_0026.tif,mpfc,852,4224,932,955,868,889,912.9025822,926.241784,852,-1.48E-12,119396.9143,-1428114.044,2.98427949019242e-12,-58811.93192,-4710.885798,-11484248.13,140532.1925,552182.7676,14504117.85,50013888.9,6.959308682,2669,0.793675775,32.93630356,1,0.201704545,0.143692434,0.358076422,0.027103968,0.025087113,0.005713668,-6.65E-05,-0.000780974,-1.62E-05,222.6741406,82.40697069,140.1372234,69.02808911,69.02808911,164.9438879,59.68907982,67.18630813,9.848857802,3.02594537,2.236067977,55.58176829,36.31131409,NA,NA,0.164480309,-0.067400622,NA,-0.081018884,-0.000222333,-0.018568798,0.193596113,0.026060567,0.023451603,0.002770461,-0.06306011,-0.038633291,-0.00549732,-0.005553799,-39.90674643,272.9655121,0.319220682,852,38257,1837235,91790941,31730,1365947,63135583,3050602319,1322214,55542483,2501849407,1.17977e+11,0.206970463,0.054777232,0.081666991,0.015018,0.060760383,0.013160136,0.015116271,0.018025897,0.004386828,0.034536036,0.015672623,0.007097152,0.008750301,0.014312391,0.011125512,0.006571926,0.014012826,0.010230432,0.006011242,0.00519044,0.006849946,0.00926326,0.013620597,0.002664972,0.003653104,0.004063748,0.005514852,0.005435849,0.005268257,0.003644529,912.9025822,926.241784,0,18,26,18,3,1,2,44.38477653
383,140,10,1,blind_batch2_0029.tif,mpfc,1689,5494,133,85,66,3,100.785672,40.11841326,1689,-1.28E-12,307644.4133,285179.0688,8.86757334228605e-12,12874.8656,-3866963.477,24794710.39,494724.3173,-1691658.758,105499470.2,-1390031648,7.90641343,3172,0.617280942,46.37350096,-2,0.307426283,0.126479599,0.281264354,0.004382141,0.017783931,0.000188268,3.17237386826726e-07,-5.09E-06,-1.34E-07,293.4317408,181.6237539,182.145893,-7.622774186,-7.622774186,292.9096017,68.51939764,85.44003745,13.03840481,3.916103679,3,57.79305582,53.90714297,NA,NA,0.107842447,0.002432448,NA,0.004513188,-0.03298344,0.005146004,0.173421907,-0.01442908,0.021895826,-0.007019738,0.026323946,0.013585926,-0.011172729,0.005594465,3.918482461,409.646753,0.532471627,1689,58753,2351407,103483687,62693,2193693,84309255,3509137623,2821789,97421957,3605584171,1.42232e+11,0.286191423,0.048129686,0.125719389,0.009273859,0.036267043,0.028647598,0.046991302,0.017505547,0.028248825,0.015638157,0.02388298,0.000949293,0.018390841,0.020370613,0.022152568,0.000957296,0.006049175,0.016041582,0.006305463,0.013681799,0.001910732,0.010018884,0.005388608,0.004732462,0.007491687,0.002704304,0.010543796,0.005374359,0.011958213,0.002404678,100.785672,40.11841326,0,1,1,1,6,6,3,71.59798056
384,141,10,2,blind_batch2_0029.tif,mpfc,1369,11360,898,165,827,5,873.3257852,83.79327977,1369,8.5265128291212e-14,314558.6998,-4817399.086,-2.61E-12,-442131.8028,8232131.72,-348907027.7,1705070.498,-11602649.05,645337414.4,-17890927374,28.65806672,6516,0.947961696,41.75002918,-8,0.120510563,0.034894189,1.07761777,0.773085002,0.460331602,0.058365317,-0.009192282,-0.050602512,0.002650666,1339.477717,135.7810107,229.7726076,322.9596806,322.9596806,1245.48612,146.3955036,165.8010856,9.219544457,2.161527154,1,52.04461116,46.61004367,NA,NA,0.167839743,-0.069471073,NA,-0.23590919,0.118714479,-0.13598762,0.909778028,-0.167320262,0.251522303,-0.188460693,-0.166622525,-0.520480895,0.293616135,-0.330219267,-16.22668539,702.1503243,0.21009822,1369,63420,3252540,175003428,107868,4554938,223546220,11737718426,10204344,391447570,18264421064,9.2983e+11,0.063407237,0.007534756,0.034394369,0.010442902,0.012535456,0.001407211,0.017186781,0.0068525,0.005287585,0.014533515,0.001113416,0.001264741,0.00890612,0.003021565,0.004342777,0.003251173,0.012780332,0.003462235,0.002455593,0.000806697,0.004434128,0.006222689,0.002356481,0.002407443,0.002333081,0.009249149,0.005341401,0.001456327,0.002020485,0.000503763,873.3257852,83.79327977,0,2,2,2,19,16,3,345.2619814
385,142,10,3,blind_batch2_0029.tif,mpfc,1972,7176,976,223,907,119,940.8696755,154.8448276,1972,8.34177171782358e-12,363213.5066,236800.2685,-5.30E-12,13205.12069,-1812945.184,26669533.03,756932.5172,-5493693.786,149886361.8,-2197157707,10.96940546,4603,0.72181379,50.10816682,-3,0.274804905,0.091162644,0.288045318,0.010296625,0.021973456,0.005863637,5.79296619959609e-05,0.00037697,3.27736598548905e-05,384.0643573,183.9610097,184.1853482,-6.696308666,-6.696308666,383.8400189,78.39023994,109.1100362,13.60147051,3.906619228,3,64.32468754,54.25289076,NA,NA,0.093400278,0.001371245,NA,0.003395694,-0.010498262,0.003477721,0.19464504,-0.031812454,0.019545257,-0.006451891,0.080761837,-0.009911033,0.001847343,0.000238032,1.918794689,521.374675,0.42841625,1972,66791,2625403,113762195,70686,2407317,93188679,3965689161,3290660,106906563,3953476817,1.61667e+11,0.21073209,0.080655307,0.068620797,0.033748685,0.05878565,0.011527861,0.004118778,0.034834118,0.007880636,0.017234817,0.012836064,0.006324971,0.000795674,0.012392684,0.003329028,0.007868841,0.007190411,0.006827162,0.004385694,0.004343946,0.003890366,0.004342123,0.006901357,0.009409715,0.002355769,0.007639059,0.006101541,0.00422909,0.006736998,0.002579533,940.8696755,154.8448276,0,3,3,3,8,3,8,101.1543306
386,143,10,4,blind_batch2_0029.tif,mpfc,1907,8122,134,254,72,123,101.6009439,191.7619297,1907,-3.18E-12,283165.3183,-891745.2635,-1.10E-11,422650.8285,-3991039.669,128113975.8,1505497.916,-8248329.536,294370536.1,-4277156376,10.89769966,4360,0.952692585,49.27542807,-7,0.234794386,0.091762485,0.491843792,0.167001573,0.022601694,0.012162747,0.000201547,0.004378427,-6.74E-06,858.6287064,79.31740495,148.4873195,-221.6312682,-221.6312682,789.4587919,117.2094676,131.1068267,14.14213562,3.704428158,2.828427125,47.4086709,35.62412777,NA,NA,0.077864352,-0.005615185,NA,0.116219857,-0.025130973,0.018473298,0.41397944,-0.051938484,0.042446537,-0.014123024,-0.068945176,0.123163044,-0.03297644,0.018587276,17.33285925,511.0315293,0.437385321,1907,56449,1954109,73715647,131129,4304193,155398993,5953528593,10522181,361342733,13256840313,5.09439e+11,0.141257072,0.01050536,0.078031095,0.02618169,0.016797537,0.001940701,0.047858882,0.020124395,0.013617392,0.016745058,0.002453511,0.001796198,0.027573342,0.014088405,0.01122307,0.008915631,0.011307013,0.002899733,0.002680026,0.00148691,0.012312015,0.009695102,0.007397122,0.008031714,0.006432275,0.008395412,0.001611807,0.005303526,0.001603157,0.00134354,101.6009439,191.7619297,0,4,4,4,9,8,3,102.3259032
387,144,10,5,blind_batch2_0029.tif,mpfc,883,3283,269,238,202,189,223.3125708,216.6240091,883,2.61479726759717e-12,152241.7305,2262308.085,-8.53E-14,-17454.2265,-47044.68966,-8715250.2,88363.17101,-72580.02536,11865367.28,91539672.82,7.448414246,2119,0.6815782,33.53014342,0,0.268961316,0.134256765,0.308590863,0.008716796,0.011555583,0.009256218,7.58474451784737e-05,0.000857566,-5.84E-05,177.4629762,95.02275597,172.4141908,19.76696093,19.76696093,100.0715413,53.28609217,67.68308504,10.44030651,3.107810075,2.236067977,44.76923077,38.99184653,NA,NA,0.195259559,0.097644995,NA,-0.022386139,-0.002030527,-0.012658952,0.113331304,-0.003132675,0.017234515,0.004474525,-0.015959451,-0.006934804,-0.003444323,-0.002250298,-75.67210519,287.4863274,0.416705993,883,18819,553323,20544369,24392,502402,14493966,532010182,762168,15206868,427438384,15322090164,0.245420327,0.084762512,0.070086126,0.045685102,0.049145502,0.013701209,0.006325487,0.034186053,0.011975419,0.002013601,0.01926502,0.010216749,0.001611403,0.010877967,0.004522031,0.011588602,0.005562689,0.011557082,0.01130401,0.003438294,0.001938504,0.012228806,0.009323051,0.008339543,0.003986215,0.010029183,0.00614989,0.00838514,0.004222793,0.001976436,223.3125708,216.6240091,0,5,5,5,4,1,5,47.94112605
388,145,10,6,blind_batch2_0029.tif,mpfc,1437,4256,621,269,565,193,594.954071,233.7884482,1437,-6.18E-12,173406.9687,-291808.625,-1.30E-11,7480.037578,371648.3069,3385815.649,458003.6882,-64888.55473,30493793.55,30915154.74,9.769774585,3048,0.788654753,42.77435243,-4,0.337640977,0.102356507,0.305772463,0.019047197,0.00158208,0.000451946,2.97331104591707e-07,5.79352200015999e-05,-2.40E-07,318.8588378,120.5361913,120.6729079,-5.205314947,-5.205314947,318.7221213,71.42647552,78.77182237,8.602325267,2.670519359,2.236067977,50.72305696,43.91559019,NA,NA,0.08397558,-0.003727831,NA,0.003622349,0.004747776,0.001141019,0.221796883,-0.000828946,0.010276404,0.000274835,-0.025512682,0.006826152,0.00314045,0.000324537,1.504516623,420.0254326,0.471456693,1437,43044,1462750,53911998,58613,1763178,60483066,2255904000,2848737,85876580,2937995868,1.09242e+11,0.294455882,0.023869601,0.124369086,0.038355606,0.01516307,0.004435159,0.036362071,0.01813813,0.019327624,0.007360192,0.004513515,0.010820432,0.020272907,0.011119855,0.023718995,0.009842314,0.008154682,0.005191511,0.014413499,0.008248228,0.003006329,0.010259279,0.015025172,0.007206065,0.008819781,0.008351818,0.009403927,0.013259714,0.014210319,0.004524018,594.954071,233.7884482,0,6,7,6,4,0,9,12.48528147
389,146,10,7,blind_batch2_0029.tif,mpfc,818,2574,292,274,253,208,268.4889976,250.7102689,818,-2.13E-14,60230.40098,211700.7961,-2.05E-12,-30614.10758,148055.736,123426.4637,182574.3337,911146.3044,18894021.38,208170051.4,6.235485886,2031,0.848989318,32.27243325,-1,0.317793318,0.160372426,0.362869565,0.041804348,0.040434079,0.018070129,0.000391652,0.00334378,0.000291868,232.0382484,64.78905569,73.63129704,37.42555939,37.42555939,223.196007,60.9312069,69.07966416,10.44030651,3.320070959,2.236067977,36.74031692,32.19665962,NA,NA,0.090013811,0.011062142,NA,-0.045752518,0.007736455,0.000225501,0.272855754,0.047610732,0.0345195,0.013297858,-0.128681164,-0.055339652,-0.014135629,-0.007659314,-13.29306056,253.1726189,0.402757262,818,12670,256476,6050074,34937,510525,10153851,243369615,1674743,24236163,490413081,12172749969,0.217090295,0.07123525,0.063697114,0.049800615,0.042460806,0.018802938,0.012092683,0.033884968,0.013665053,0.016565099,0.016483044,0.017956908,0.006382946,0.016340721,0.005654272,0.013435405,0.004743235,0.008526396,0.011970331,0.013817512,0.005298795,0.007732502,0.002941441,0.003020937,0.008592841,0.004339629,0.003657846,0.002263118,0.008468842,0.004658208,268.4889976,250.7102689,0,7,9,7,6,4,3,69.76955348
390,147,10,8,blind_batch2_0029.tif,mpfc,3018,18270,845,338,719,193,782.4602386,279.2962227,3018,-3.11E-11,1716925.729,18127450.46,2.25526264330256e-11,67381.54672,28381914.15,134521884,3362847.177,-2855074.735,2225271513,19789348997,40.68059564,13531,0.700484719,61.98900665,-22,0.165188834,0.024581744,0.557706654,0.032873277,0.109462997,0.010859544,0.0001851,0.001535704,0.000325458,1115.175967,567.9827161,568.895205,-22.32655624,-22.32655624,1114.263478,133.577002,163.6704005,13.92838828,3.146640255,1.414213562,123.0901608,95.32955186,NA,NA,0.188500731,0.036227523,NA,0.007397799,0.056720963,0.004893676,0.369205924,-0.005705837,0.080951575,0.013104311,-0.156360165,0.026001944,0.024693638,0.016871441,2.34038244,1242.104689,0.223043382,3018,191523,13871021,1116298785,260442,16595093,1233950729,1.02684e+11,25838008,1648460623,1.25078e+11,1.06778e+13,0.140785966,0.015394838,0.067963993,0.011268982,0.019343945,0.011827997,0.02925967,0.012059737,0.006966384,0.021351488,0.008301062,0.004902546,0.006167983,0.00807415,0.001673352,0.00119616,0.020152299,0.008826018,0.007442004,0.005194579,0.011942194,0.003965234,0.004003295,0.003332809,0.002608941,0.010703321,0.005236213,0.004799218,0.001669346,0.002071543,782.4602386,279.2962227,0,8,11,8,50,50,4,612.3107594
391,148,10,9,blind_batch2_0029.tif,mpfc,780,2961,324,407,277,344,304.3538462,383.3333333,780,7.31859017832903e-13,71064.33846,-326356.0857,-5.02E-12,38011,248032.241,5845333.495,131709.3333,135252.8256,6931639.561,56281501.91,5.324525055,1692,0.805153932,31.5139151,-6,0.263424519,0.187810178,0.333290059,0.025549495,0.022297643,0.007280876,7.15904065815937e-05,0.000938274,-5.90E-05,192.3215396,67.64470629,91.10812623,-48.73205128,-48.73205128,168.8581197,55.47201667,64.56004957,9.219544457,2.962341272,2.236067977,39.89583753,32.89856077,NA,NA,0.11680529,-0.019206809,NA,0.062476989,0.01459727,0.012317583,0.216484769,0.007959941,0.014606702,0.004246534,-0.099180864,0.02841783,0.003664956,0.003751818,25.70980078,228.4507935,0.460992908,780,21336,654686,21469590,30680,877227,28078509,955993023,1338456,39737371,1308850989,45613348783,0.236404701,0.064766412,0.08461797,0.027438421,0.057832786,0.01020259,0.010690995,0.02651063,0.025956066,0.03015792,0.003653815,0.005488321,0.002122724,0.0112209,0.020097773,0.007445388,0.015187813,0.003745135,0.007422981,0.008113605,0.002504563,0.004526878,0.008197438,0.005181968,0.011527922,0.008036421,0.001548376,0.001396021,0.006762483,0.00095866,304.3538462,383.3333333,0,9,13,9,6,4,3,48.21320403
392,149,10,10,blind_batch2_0029.tif,mpfc,2646,14210,659,466,561,321,620.2588813,395.0646259,2646,3.5242919693701e-12,996653.6663,-13747913.99,8.10018718766514e-12,-722429.2687,12884208.85,-978791081.4,2176669.949,-7536127.861,1126182126,-30580221627,35.7773519,8485,0.860493009,58.04301711,-13,0.186206897,0.027950643,0.453246735,0.070994826,0.011729424,0.00490871,3.70644964190614e-05,0.000567888,3.68103778580077e-06,952.1568529,247.134007,376.664273,273.0269345,273.0269345,822.6265869,123.4281558,153.8343265,14.76482306,2.926230512,1.414213562,71.69207659,62.88198559,NA,NA,0.142352333,-0.03817352,NA,-0.103184783,0.035775289,-0.052834851,0.310894402,-0.020925395,0.060790975,-0.032090478,0.001854862,-0.089256432,0.0199271,-0.038351071,-25.38073984,1090.696572,0.311844431,2646,156799,10288387,714051553,195975,10890830,689269042,46587001034,16691485,874569694,53539896650,3.52711e+12,0.14223451,0.028478531,0.073216899,0.011239458,0.034637819,0.004430161,0.029832054,0.004014991,0.003994015,0.026612706,0.002135916,0.004734823,0.010378632,0.008531518,0.005501865,0.003523199,0.012470852,0.003046417,0.003543042,0.003098332,0.005531001,0.008404378,0.005194891,0.007127702,0.004351942,0.004481074,0.002302564,0.003717723,0.001548353,0.002004807,620.2588813,395.0646259,0,10,14,10,37,36,8,489.8427178
393,150,10,11,blind_batch2_0029.tif,mpfc,1222,2809,98,455,45,402,69.02373159,429.9680851,1222,1.95399252334028e-12,222152.3118,759586.9026,2.8279600883252e-12,55073.92553,-982072.994,16868231.31,143999.7553,-604777.0154,28870885.6,-225783940.1,5.891009058,1932,0.73411482,39.4448821,-2,0.43503026,0.169750206,0.245199217,0.008179916,0.004818902,0.000705224,-1.17E-06,-4.75E-05,5.70394773977496e-07,205.0773263,94.55611654,181.7940358,-45.06867883,-45.06867883,117.839407,57.28208464,59.20304046,11.66190379,3.524665419,2.828427125,44.65788798,38.89598777,NA,NA,0.148767623,0.014551222,NA,0.036881079,-0.018813333,0.009243915,0.096431593,-0.011585566,0.015821457,-0.003539516,-0.007576607,0.01107404,-0.006222733,0.002995684,62.67830991,300.7705986,0.632505176,1222,29357,927417,33713459,34177,876133,27602167,984345991,1099865,28898709,901442007,31493829015,0.432161986,0.079763251,0.114983918,0.04664848,0.069762266,0.021145987,0.004269214,0.005337407,0.009983218,0.028968847,0.013059667,0.018262542,0.000209042,0.004289409,0.013058204,0.013612519,0.010299108,0.014349875,0.011799787,0.016898536,0.0023895,0.013807497,0.002888003,0.008280164,0.009232976,0.008431721,0.007588878,0.007929548,0.00418345,0.00925932,69.02373159,429.9680851,0,11,15,11,0,0,4,3.414213598
394,151,10,12,blind_batch2_0029.tif,mpfc,1334,8455,460,583,371,488,417.5794603,528.523988,1334,7.48912043491146e-12,450805.0772,-4338343.449,-9.46E-12,-11026.04273,-2301393.852,-93583399.53,465930.7324,1697891.443,169207639.6,-69056604.22,18.77903598,5550,0.238088289,41.21288091,-9,0.157776464,0.05325087,0.515148615,0.000225804,0.052378034,0.002899335,-3.55E-05,3.21707619634282e-05,-3.91E-06,353.6269819,333.5812711,337.9348405,8.265399347,8.265399347,349.2734126,75.21988907,102.5524256,10.63014581,2.601270652,1.414213562,75.15813277,73.05682951,NA,NA,0.253324468,-0.0667474,NA,-0.006195952,-0.035407998,-0.039421335,0.261824147,0.026122837,0.071277503,-0.000796452,0.070748901,0.037827053,-0.02729669,0.001287152,-27.77677226,561.0731599,0.24036036,1334,62137,3345113,193471729,54059,2507013,132228751,7353301743,2656617,124548039,6561835645,3.59967e+11,0.153045067,0.005673253,0.076810171,0.001314208,0.010924746,0.011757109,0.034328839,0.0018405,0.011222983,0.018659246,0.018263252,0.007080765,0.020068955,0.001427998,0.011689065,0.000730379,0.016354296,0.016963643,0.006141696,0.005039332,0.010241131,0.00363852,0.003962027,0.001325983,0.002074427,0.008900733,0.013628806,0.001770103,0.006732255,0.004629819,417.5794603,528.523988,0,12,16,12,17,13,4,191.8233794
395,152,10,13,blind_batch2_0029.tif,mpfc,2219,13320,177,587,87,439,137.5033799,524.1910771,2219,1.29602995002642e-11,775692.7247,-4212252.419,6.25277607468888e-12,58466.56692,2026773.686,-190881849.9,1479238.983,1248728.805,562361928.1,-1140558600,25.18146383,9336,0.693231847,53.15372564,-6,0.166591592,0.03971175,0.457950765,0.020979273,0.009876962,0.003564492,1.14361655740184e-05,0.000498044,-1.78E-05,668.7988336,347.3939145,349.5686006,-26.34815995,-26.34815995,666.6241475,103.444581,147.7633243,14,3.18987186,2,83.8231773,74.55402492,NA,NA,0.157534295,-0.018160221,NA,0.011873889,0.008737999,-0.017469993,0.30041647,0.005383626,0.051468795,-0.002215986,-0.067058243,0.055513538,-0.00660086,0.001585324,4.71830085,837.9615075,0.237682091,2219,112067,6435455,399150185,189039,9605575,556175635,34567602049,17583675,899245407,52518388075,3.27703e+12,0.129399952,0.023863063,0.072418613,0.00994949,0.02165585,0.001420383,0.038068728,0.007822272,0.006917824,0.016872788,0.001519407,0.00488552,0.019196077,0.010799641,0.009768813,0.005501091,0.010574223,0.001522518,0.006325009,0.00356016,0.005405863,0.010970688,0.007081556,0.0043465,0.002610141,0.003885227,0.003470003,0.00514449,0.00333141,0.001215408,137.5033799,524.1910771,0,13,17,13,23,22,5,373.6467576
396,153,10,14,blind_batch2_0029.tif,mpfc,2076,15351,949,688,830,559,877.5645472,617.7292871,2076,-4.60E-12,1202550.351,16846205.15,1.21715970635705e-11,-259730.7245,12723713.53,93181774.74,871821.8593,-5809307.406,684675605.3,2152969370,26.59804428,9506,0.676624041,51.41250135,-3,0.13523549,0.037596749,0.481317871,0.020416608,0.057349306,0.012225325,-0.000229419,-0.001743409,0.000228373,647.9243414,351.2915594,579.2631747,125.111139,125.111139,419.9527261,101.817432,138.1593283,12.04159458,3.244509611,2,104.6364205,74.97109409,NA,NA,0.279028504,0.085789416,NA,-0.060265481,0.064795599,0.010414752,0.202289367,-0.029583938,0.076524906,0.005281316,0.030421361,-0.057002591,0.052498988,-0.016768417,-61.24195878,832.9970414,0.218388386,2076,98744,5899264,411839552,121922,5539434,334475334,24332984496,8032214,345731714,21044111486,1.59187e+12,0.131741523,0.020905546,0.072769125,0.005588987,0.029721381,0.005529029,0.029551884,0.007601781,0.003021584,0.022992308,0.003512113,0.00173991,0.011622168,0.008167004,0.002425882,0.002645728,0.013212584,0.007142813,0.003257626,0.003557903,0.00835985,0.009898104,0.005045825,0.003509606,0.001791582,0.007345417,0.011376594,0.002802609,0.002103155,0.00138216,877.5645472,617.7292871,0,14,19,14,23,19,4,389.0020963
397,154,10,15,blind_batch2_0029.tif,mpfc,1846,12669,713,686,610,563,670.6619718,620.7356446,1846,7.58149099056027e-12,671561.0704,-9814085.023,-6.42E-12,-468161.9577,6954697.672,-723258283.1,979268.9946,-2637373.136,760077866.2,-12079177732,20.94137111,6631,0.864680704,48.48092614,-5,0.145710001,0.047752365,0.484438863,0.083649883,0.014203474,0.012349523,0.000131538,0.003152079,-9.72E-05,714.0898034,180.184338,363.7925625,253.6088612,253.6088612,530.4815789,106.8898351,143.5444182,12.20655562,2.894194297,2,62.70233772,53.69310391,NA,NA,0.197070727,-0.067030209,NA,-0.137382915,0.047500591,-0.114973652,0.287368136,-0.018013261,0.120826723,-0.044691655,0.024033538,-0.139032589,0.027080518,-0.10994493,-35.90385791,696.9848481,0.278389383,1846,111982,7464610,524480314,106580,5997191,381129513,25655275559,7132734,375989071,23170639153,1.52987e+12,0.11406941,0.016766774,0.069534741,0.009633785,0.02390009,0.001970666,0.040666623,0.00292747,0.005093181,0.022651772,0.001032661,0.002179537,0.019357151,0.003416264,0.003569966,0.003006636,0.015274181,0.003577342,0.001551989,0.001275485,0.00726395,0.003489349,0.003796818,0.003137041,0.003343013,0.008299737,0.003872743,0.001387632,0.001411714,0.000729284,670.6619718,620.7356446,0,15,20,15,14,11,4,182.9655139
398,155,10,16,blind_batch2_0029.tif,mpfc,1720,11342,144,797,38,690,82.96453488,756.375,1720,1.09423581307055e-12,764836.8366,7115348.159,0,130933.875,-8304926.455,-83488330.48,715029.125,-4254844.237,359051355.3,1139600265,31.81605215,6918,0.552508638,46.79713685,-18,0.151648739,0.031430675,0.500225109,0.008118655,0.041453789,0.022289171,-0.000610091,-0.000965601,0.00029466,507.6826706,352.7045163,444.6725794,-76.12434593,-76.12434593,415.7146076,90.12725853,115.8706175,11.70469991,2.626092848,1.414213562,86.62459369,75.12171631,NA,NA,0.258530569,0.057992928,NA,0.044258341,-0.067688466,-0.016407425,0.241694539,-0.034678679,0.070562057,0.005400115,-0.079775484,0.063713411,-0.04207592,0.009498792,50.38456244,829.2630227,0.248626771,1720,77339,4242349,266651663,114165,5264310,285055750,17289404352,8292731,386005420,20572955488,1.20917e+12,0.162873898,0.04223515,0.057592341,0.009659594,0.041002284,0.011031971,0.009139835,0.008391931,0.006772598,0.020554805,0.011783764,0.002909082,0.019882528,0.009930055,0.004122303,0.004539873,0.002693309,0.006965652,0.002912114,0.002145868,0.009101774,0.011330643,0.002349017,0.005944453,0.003594863,0.006770386,0.008554003,0.002957498,0.003353363,0.004778056,82.96453488,756.375,0,16,22,16,32,28,8,425.6589525
399,156,10,17,blind_batch2_0029.tif,mpfc,1424,5616,446,846,392,742,420.4817416,789.7823034,1424,-7.11E-15,188101.5253,-1440470.177,6.07514039074886e-12,-98328.66011,519801.018,-38159364.66,577554.514,3006279.833,63432883.55,159184168.4,10.5254189,3624,0.852039432,42.58043109,-5,0.253561254,0.095008095,0.377584131,0.046292192,0.018990547,0.000511782,-1.94E-07,-0.000100835,-1.58E-06,422.0311192,115.6486837,132.0937678,69.05102536,69.05102536,405.5860351,82.17358399,103.3924562,12.64911064,3.539173237,2.236067977,47.43371876,43.0160312,NA,NA,0.092762477,-0.018824754,NA,-0.048490889,0.006793008,-0.013215122,0.284821654,0.039287503,0.021967695,0.001460881,0.002853655,-0.004673592,0.001305403,-0.003792222,-13.39592427,433.9898987,0.392935982,1424,40558,1343264,47532946,68042,1839626,59102906,2038193336,3828758,102659236,3284473584,1.12494e+11,0.169606465,0.015710734,0.098449689,0.019120828,0.018889434,0.010032891,0.053028325,0.014816899,0.010139484,0.015457626,0.017261059,0.00414756,0.029702121,0.010360333,0.008123718,0.005841908,0.007716264,0.015958113,0.008391055,0.002152226,0.016025158,0.005536737,0.006518076,0.003497233,0.004302621,0.001948285,0.011719074,0.007818993,0.004688984,0.00133068,420.4817416,789.7823034,0,17,23,17,14,7,9,117.5685437
400,157,10,18,blind_batch2_0029.tif,mpfc,797,1824,53,847,5,809,25.10664994,825.4705144,797,2.22399876292911e-12,62849.93476,156003.2084,4.2632564145606e-13,-35384.99373,-113453.4518,-5233795.868,73700.55709,-88211.67717,5841075.784,2700007.912,2.103915437,1132,0.829424336,31.85548488,1,0.436951754,0.475304274,0.214969391,0.012704456,0.001562521,5.66761403566628e-05,-1.01E-08,-5.00E-06,-1.35E-08,130.58185,40.74875455,78.85813646,44.39773366,44.39773366,92.47246812,45.7089663,47.50789408,10.29563014,4.181725413,4,30.6,25.53390046,NA,NA,0.098943709,0.008699368,NA,-0.055706065,-0.006326622,-0.010338126,0.116025681,-0.004919039,0.011537664,0.000188913,0.012837018,-0.013530962,0.001090496,-0.002182332,-40.64157833,145.1604256,0.704063604,797,16025,385059,10425653,13127,228555,4805719,116722509,289909,4575269,85936613,1863845339,0.413453016,0.055390098,0.167920276,0.054155827,0.052780476,0.006513111,0.019631889,0.043935916,0.020692851,0.019974648,0.007994292,0.017974874,0.009784968,0.009111968,0.017729366,0.01408938,0.010406046,0.002672438,0.009947732,0.008814744,0.003090048,0.001849226,0.002908813,0.014663842,0.003005795,0.010683679,0.009262987,0.00576151,0.002928727,0.003901392,25.10664994,825.4705144,0,18,24,18,2,1,1,10.07106799
401,158,10,19,blind_batch2_0029.tif,mpfc,1380,6390,665,917,594,827,632.0826087,862.0384058,1380,-5.54E-13,246696.5826,-1466026.627,-4.35E-12,74145.62174,-585333.0868,62780608.7,416724.9645,2667197.483,91140208.3,704710840.8,11.15469479,3742,0.712419336,41.91742563,-1,0.215962441,0.089648352,0.348362501,0.01403463,0.037247702,0.011517125,0.00022861,0.00125699,6.81167016016373e-05,322.1129367,158.6273148,178.7656396,-53.72871141,-53.72871141,301.974612,71.79002011,102.5914226,12.20655562,3.412066691,2.236067977,47.37262229,50.37893445,NA,NA,0.129540319,-0.020722595,NA,0.038933849,-0.008273806,0.023888466,0.218822183,0.037701398,0.034679494,0.007218287,0.114240051,0.049056748,0.021500167,0.020180431,20.54674972,439.8183259,0.368786745,1380,52554,2248090,102936804,48353,1915554,83831474,3925245954,2110937,88253074,4013342950,1.94432e+11,0.166942572,0.044944933,0.081739874,0.018775855,0.046486589,0.006656907,0.015050383,0.028007995,0.005621022,0.021729191,0.012934737,0.003796525,0.005488999,0.021507077,0.006799775,0.005454953,0.003343658,0.009817662,0.005764759,0.002190164,0.002654806,0.011033086,0.00553286,0.005237697,0.003168207,0.005104723,0.002114768,0.005382075,0.00260685,0.000264527,632.0826087,862.0384058,0,19,25,19,9,4,5,116.5685442
402,159,10,20,blind_batch2_0029.tif,mpfc,1431,8512,519,958,463,806,491.3291405,868.6967156,1431,1.17950094136177e-12,128747.9748,399419.4715,-3.57E-12,65305.84696,715667.678,-8365165.72,1896132.375,-988641.7162,188714089.6,-1030563377,16.4656377,6259,0.966154836,42.68495975,-7,0.168115602,0.06073254,0.988826503,0.748977708,0.449404009,0.498383382,0.235740403,0.429360582,-0.007670576,1326.724093,88.2866337,89.97063232,-45.6365108,-45.6365108,1325.040094,145.6968959,151.0529708,11.18033989,2.724958156,2,49.80168794,37.58438691,NA,NA,0.062872559,0.005156205,NA,0.031891342,0.009238731,-0.002854668,0.925953944,-0.01276262,0.064399934,-0.009296853,0.696683025,0.133262954,0.078897755,-0.001710334,2.113269724,544.1442277,0.228630772,1431,40539,1277183,43875555,89719,2606968,84490964,2960542480,7521219,220269952,7228582940,2.545e+11,0.079734823,0.014084809,0.035301024,0.019445292,0.018361921,0.004625574,0.017330609,0.014452528,0.00922948,0.014916502,0.007853137,0.002399385,0.005001486,0.013064194,0.004810294,0.006159577,0.014015878,0.003953277,0.006210585,0.001019235,0.001943645,0.010473577,0.004161563,0.0025955,0.004782614,0.005995036,0.004217872,0.004669049,0.003878676,0.000964011,491.3291405,868.6967156,0,20,26,20,19,16,5,209.6223692
403,160,10,21,blind_batch2_0029.tif,mpfc,1323,3480,793,935,735,875,763.1027967,902.5442177,1323,-3.37E-12,280736.0197,579504.3754,3.95061761082616e-12,94559.98639,1313511.98,29015686.71,239662.1633,-68033.18701,65666725.01,57779914.69,7.121312166,2622,0.736310449,41.042611,-6,0.380172414,0.140423559,0.297314495,0.012225093,0.002771896,0.001046539,-1.55E-06,3.28738554052468e-05,8.80918217167398e-07,269.8137032,123.5333738,212.1965379,-71.47391262,-71.47391262,181.1505391,65.70402767,67.2086304,10.44030651,3.257419765,2.828427125,50.56468036,44.45822737,NA,NA,0.160390429,0.009102425,NA,0.054024121,0.020631672,0.012530065,0.136924066,-0.001068615,0.028357362,0.000685989,0.01070515,0.016869128,0.006220674,0.003573461,51.12671929,344.0843071,0.504576659,1323,37180,1325598,53611450,36441,1118654,43140872,1840482338,1243401,40084174,1621973432,71467213294,0.371865632,0.022671506,0.110946695,0.049411687,0.039306131,0.021437841,0.009406724,0.029946124,0.042507572,0.029844807,0.018439328,0.010323197,0.012256983,0.009260958,0.035655726,0.007748358,0.011860221,0.005541243,0.008213434,0.004372816,0.004564497,0.011076859,0.008514359,0.008120113,0.010748952,0.002957196,0.002477798,0.007455836,0.001182468,0.005349956,763.1027967,902.5442177,0,21,27,21,2,0,6,9.242640734
404,161,10,22,blind_batch2_0029.tif,mpfc,1113,2805,328,966,277,911,301.5058401,931.2875112,1113,2.54374299402116e-12,163808.212,-297477.3304,7.8159700933611e-13,-50788.86882,-163889.4903,-21376998.25,135047.9964,361252.5131,14976039.33,38391405.12,4.469943888,1866,0.722548125,37.64459607,-2,0.396791444,0.223716455,0.241252573,0.007262844,0.002510561,0.000463242,4.34789935233228e-07,-1.61E-05,2.46027113853032e-07,181.6832773,86.83083635,147.1771896,45.63240685,45.63240685,121.336924,53.9159757,58.72818744,12.52996409,4.084841382,3.16227766,42.03807798,37.27322607,NA,NA,0.132234672,-0.007198068,NA,-0.040999467,-0.003965639,-0.015504624,0.109017901,0.008741238,0.010862042,0.000834643,0.025433309,-0.003206598,-0.000198076,-0.002109433,-52.90433785,250.0365799,0.596463023,1113,27275,832205,28124921,22580,502553,14230231,445657241,593140,12835887,348653261,10284491655,0.396025817,0.071910352,0.132667618,0.029959572,0.062914797,0.03819196,0.02049617,0.014019758,0.017202844,0.020593795,0.029396409,0.023698226,0.007645784,0.008427842,0.013994262,0.002862967,0.01088564,0.003233312,0.022399548,0.003895277,0.004017638,0.010555762,0.003196582,0.003763749,0.005743313,0.010492409,0.006275402,0.000815346,0.006696902,0.001911162,301.5058401,931.2875112,0,22,28,22,6,5,1,41.87005788
405,162,10,23,blind_batch2_0029.tif,mpfc,1257,3692,197,982,145,911,168.6221161,944.7645187,1257,-2.62E-12,169709.5052,566828.272,-1.14E-12,23971.14638,-9496.69844,-3465007.013,209722.2975,-827984.4776,24847378.1,-213735455.8,8.033268833,2490,0.531637781,40.00577593,-6,0.340465872,0.124482327,0.240139263,0.001561947,0.003028362,7.40032240985319e-05,3.3554581853283e-08,-1.27E-06,1.00705279864642e-08,175.7667761,126.0882777,135.0115395,-19.07012441,-19.07012441,166.8435143,53.03082517,72.53275122,10,3.160152738,2.236067977,49.41523625,44.9156147,NA,NA,0.107407748,0.010118434,NA,0.015171141,-0.000169525,-0.00174461,0.132731515,-0.014780326,0.012510502,-0.00303531,0.007399324,0.005815884,0.001908441,-0.000532335,25.07575779,356.2203461,0.504819277,1257,29693,871121,29162345,42442,1026541,30535983,1020642553,1642756,39596137,1171706227,38602141345,0.304212528,0.010414064,0.163863575,0.011665089,0.013164898,0.016362092,0.049783195,0.014776076,0.010593859,0.008050222,0.025532814,0.005282018,0.007485226,0.017880785,0.011625907,0.006846236,0.004571684,0.013985718,0.014869776,0.003248359,0.000813765,0.008119323,0.00631165,0.007509119,0.005032621,0.003129241,0.001973498,0.016919582,0.0062925,0.001552429,168.6221161,944.7645187,0,23,29,23,9,5,9,56.28427184
406,163,11,1,blind_batch2_0036.tif,mpfc,856,2025,727,52,682,7,700.182243,29.9953271,856,-1.35E-13,74129.57009,476036.0352,-1.88E-12,-4763.271028,272880.6782,1176972.706,89039.98131,-248997.4324,4677823.274,-19101358.61,3.320601564,1327,0.442335476,33.01352829,1,0.422716049,0.301150253,0.222685321,0.000583114,0.005377192,0.000135625,9.50862727989052e-08,-3.14E-06,6.61289860710202e-08,105.6445603,84.9740745,86.59996506,5.564568958,5.564568958,104.0186698,41.11341588,46.4865572,10.77032961,3.572126117,3,38.51014267,36.87255337,NA,NA,0.101168183,0.022205237,NA,-0.006500665,0.012728827,0.001876485,0.121517138,-0.011614766,0.007458002,-0.001040893,-0.007884584,-0.00428603,0.001480846,-0.000478584,-16.28763709,188.9949494,0.645064054,856,15564,357118,9664926,19684,353136,8311712,233585730,541680,9380894,218481646,6156413396,0.468199716,0.051688516,0.150072947,0.011242077,0.0344103,0.065979,0.016017684,0.013647869,0.007946882,0.008345186,0.047790438,0.007737686,0.010321494,0.017822852,0.009722043,0.012921611,0.011535267,0.008991206,0.011891326,0.009355981,0.001764729,0.003693225,0.011535422,0.010703165,0.010283418,0.012915872,0.0081823,0.008090323,0.005169555,0.003605393,700.182243,29.9953271,0,1,1,1,0,0,1,0
407,164,11,2,blind_batch2_0036.tif,mpfc,1456,10981,567,143,428,64,496.3021978,108.5240385,1456,1.20365939437761e-11,1407115.033,5631468.606,4.56878979093744e-12,240422.4231,-24025735.33,208387048.4,434455.1587,-3599618.419,710905291.8,-11144388994,25.12983741,6836,0.861099879,43.05620486,-12,0.13259266,0.039793333,0.868691409,0.261959345,0.777530597,0.109518659,-0.031958508,-0.053429941,0.000144279,1005.012045,259.8026471,966.42516,-165.1252906,-165.1252906,298.389532,126.8076998,142.6183719,8.544003745,2.262396291,1.414213562,72.35757522,64.47357873,NA,NA,0.663753544,0.069617469,NA,0.113410227,-0.29701149,0.067512874,0.204937865,-0.044499284,0.230317863,-0.094621853,-0.032969926,0.078326064,-0.170915233,0.121960802,76.84700825,678.0792565,0.212990053,1456,99448,8199632,757902454,64827,4668249,373897755,32395082493,3320815,244628499,19286005113,1.60484e+12,0.091142418,0.033912902,0.020564804,0.005293164,0.031368833,0.005113165,0.017775961,0.011923734,0.009155437,0.00800831,0.011505319,0.004835424,0.015943776,0.01163554,0.011996619,0.005176922,0.007018791,0.006722337,0.006622992,0.000751337,0.006711255,0.004040471,0.00787914,0.004358412,0.001877633,0.008589671,0.003488793,0.004898288,0.003145908,0.00139272,496.3021978,108.5240385,0,2,3,2,21,18,4,275.7056321
408,165,11,3,blind_batch2_0036.tif,mpfc,2409,23973,384,240,253,57,328.4674139,138.9634703,2409,-2.62E-11,1332025.692,-24158051.83,-1.04E-11,-827982.8676,4163653.043,-1650933859,2622372.785,17608227.2,2159190894,16837700474,39.28136518,11968,0.832807053,55.38261517,-12,0.100488049,0.025457364,0.681407376,0.130863143,0.07458469,0.010070959,-0.000144152,0.003286054,0.00023538,1256.483193,385.0271752,552.9371905,343.7039716,343.7039716,1088.573178,141.7876267,189.5600169,12.04159458,2.574303423,1.414213562,104.1266198,78.48843738,NA,NA,0.229529759,-0.084814461,NA,-0.142674957,0.014617817,-0.118091673,0.451877616,0.061819236,0.154447414,0.024538837,0.083066257,-0.175251385,-0.052809522,-0.146606191,-26.03693909,1090.477272,0.201286765,2409,181801,15052077,1312832341,197450,14073058,1112912668,92749112764,18806060,1301124242,1.01069e+11,8.31812e+12,0.084292768,0.016611498,0.047324974,0.004973345,0.018838573,0.004000924,0.026027494,0.003813608,0.002029224,0.016833775,0.00340329,0.001827653,0.013522869,0.007304782,0.000695641,0.00247301,0.01191185,0.002737086,0.002119395,0.001133475,0.005817018,0.00719882,0.002916663,0.000409868,0.000122423,0.006810447,0.002780935,0.000521828,0.003277232,0.002571301,328.4674139,138.9634703,0,3,4,3,32,28,10,485.0853605
409,166,11,4,blind_batch2_0036.tif,mpfc,986,2438,129,173,83,120,105.7028398,148.0425963,986,-2.13E-12,99589.93205,64383.37848,-3.13E-12,78029.48073,-30522.35729,15446886.33,137446.211,-161202.4608,17331772.19,-6195945.567,3.198017778,1424,0.898737035,35.43182455,0,0.404429861,0.312693696,0.24381518,0.027283591,0.000372506,0.000133048,2.7731674950401e-08,1.56893134693449e-05,1.04054483643463e-08,201.6333687,38.76839902,101.0039879,-79.13740439,-79.13740439,139.3977799,56.79906601,62.42595614,12,3.955049732,3.16227766,28.07242592,24.90570987,NA,NA,0.102438122,0.002109024,NA,0.080261059,-0.000999829,0.016114254,0.141377059,-0.005280553,0.018080575,-0.000205844,-0.010090229,0.024190653,-0.001278688,0.004832207,38.18237565,199.0599205,0.69241573,986,22385,607793,18384959,27650,705763,20556553,649583653,912824,24938793,755812239,24507635919,0.322148881,0.037570208,0.154401561,0.04996025,0.041559593,0.015777782,0.040873816,0.041023388,0.015536137,0.02142447,0.021309535,0.005499689,0.000770243,0.020012657,0.00844696,0.010482352,0.00778457,0.006109653,0.009538096,0.003746916,0.003281193,0.005803274,0.006424247,0.001999589,0.008705942,0.005431456,0.009891555,0.006046568,0.005035572,0.003055375,105.7028398,148.0425963,0,4,5,4,0,0,3,0
410,167,11,5,blind_batch2_0036.tif,mpfc,2367,16380,538,295,408,169,487.7545416,227.3852978,2367,1.59161572810262e-12,2226866.389,-56560748.91,8.33466629046598e-12,-49151.14195,7623042.111,-651395109,1258434.608,755602.2382,649467781.8,-20596000994,39.55904452,10020,0.660781564,54.89770489,-19,0.144505495,0.025278669,0.62207647,0.0301854,0.048561361,0.046445394,0.001614732,0.006945183,-0.001502678,941.8481538,530.6068513,940.7969534,20.76516348,20.76516348,531.6580517,122.7581788,131.2135664,12.36931688,2.665095035,1.414213562,104.5884629,92.13962025,NA,NA,0.397463859,-0.207500671,NA,-0.008772777,0.027966149,-0.049119023,0.224612612,0.002772028,0.048973691,-0.03192192,0.039350837,0.031324172,0.007131874,-0.003934084,-87.10197431,1084.743253,0.236227545,2367,188779,17282849,1677030367,138198,10972767,1008847275,98148519231,9327166,738900043,67663805935,6.53175e+12,0.174038392,0.043573204,0.033957077,0.025302623,0.026601881,0.007192504,0.021697506,0.030656511,0.01449182,0.005333606,0.0153727,0.009688209,0.003939991,0.013864525,0.014674842,0.008565795,0.009894675,0.010879183,0.007123343,0.00213966,0.00803761,0.005029309,0.006866656,0.010690099,0.002603691,0.004947012,0.004658289,0.007168208,8.15523228058643e-05,0.004021463,487.7545416,227.3852978,0,5,6,5,45,43,6,552.3990682
411,168,11,6,blind_batch2_0036.tif,mpfc,1440,6440,823,278,767,163,792.0736111,220.8576389,1440,-1.93E-12,211670.1972,-98022.40959,-1.02E-11,200067.0903,881886.3937,89417501.85,865415.816,-795402.8215,221593198.6,207717468.7,21.50648164,4868,0.911876384,42.81897879,-10,0.223602484,0.04649761,0.519428054,0.136631559,0.00737725,0.001424109,3.88261557415901e-06,0.000525393,-2.50E-06,640.1268854,107.8495126,146.9931925,-138.9354794,-138.9354794,600.9832055,101.2029158,123.3085561,9.219544457,2.568825953,1.414213562,51.56200404,41.54024797,NA,NA,0.102078606,-0.001245716,NA,0.096482972,0.01120744,0.02994574,0.417349448,-0.010108365,0.074211114,0.001833177,-0.047196239,0.112961995,0.003873329,0.037804684,15.73465067,623.8366158,0.295809367,1440,36106,1116978,38523322,83315,2289075,75540405,2761960305,5685825,164919581,5727868711,2.19662e+11,0.120415552,0.003505072,0.073092209,0.016719636,0.005243044,0.002438125,0.043699869,0.014731625,0.005378701,0.004773046,0.002030678,0.002770726,0.028964536,0.009674645,0.002329837,0.003656585,0.007742296,0.003855808,0.004258488,0.001702174,0.016513095,0.009322271,0.001307615,0.003316429,0.002992667,0.007753979,0.005663099,0.002531252,0.003090145,0.001431134,792.0736111,220.8576389,0,6,7,6,17,14,5,265.6639996
412,169,11,7,blind_batch2_0036.tif,mpfc,931,4095,976,264,913,199,946.0311493,231.7593985,931,2.33058017329313e-12,124498.0967,-941395.1145,6.82831569065456e-12,-29770.02256,493174.2775,-7070784.342,167378.1053,-151419.8143,7264279.198,-76841037.58,7.190283359,2247,0.633855629,34.42943532,1,0.227350427,0.139076577,0.33674358,0.007166104,0.00520471,0.001730847,2.96689491079989e-06,-5.58E-05,4.26446169867752e-06,196.1600352,117.3482376,133.7251307,31.97639372,31.97639372,179.7831421,56.0228575,64.62971453,9,2.847009983,2.236067977,45.83376425,43.33095662,NA,NA,0.143636016,-0.035595716,NA,-0.034346288,0.01864774,-0.008762309,0.193107564,-0.005725435,0.009002093,-0.003120824,-0.013809454,-0.014931985,0.002594528,-0.001744467,-27.11951518,290.0365799,0.414330218,931,30752,1140272,44947730,30499,977647,35881123,1416817795,1166507,36429151,1307053135,50770768783,0.283029509,0.028935775,0.107884033,0.018773523,0.039099682,0.012600008,0.02468107,0.01699893,0.027819267,0.037720199,0.024664366,0.013615815,0.002293125,0.005451376,0.017890137,0.010098091,0.016476065,0.004789331,0.018114273,0.002279984,0.004531633,0.008564443,0.009704658,0.005919504,0.012697857,0.003003139,0.007062588,0.014481949,0.009069279,0.006520797,946.0311493,231.7593985,0,7,8,7,4,3,1,49.455845
413,170,11,8,blind_batch2_0036.tif,mpfc,2016,11227,625,397,522,288,575.9449405,347.000496,2016,3.26849658449646e-13,701990.8884,-2799136.811,5.35749222763115e-12,345470.0551,6012980.621,387759327.6,1025815,10088376.16,458949342.9,11944002131,28.1324216,6352,0.782742895,50.66409895,-22,0.179567115,0.035546176,0.425122307,0.035249671,0.04793845,0.001674485,-4.69E-06,-1.78E-07,-1.42E-05,617.7742334,239.272338,348.2097661,-171.3641146,-171.3641146,508.8368053,99.42025817,119.3649865,12.04159458,2.901044622,1.414213562,76.66497758,61.87372146,NA,NA,0.172723098,-0.015339027,NA,0.085002041,0.032950612,0.047325005,0.252399209,0.055283426,0.056013559,0.032466317,-0.024066373,0.051667028,0.031477994,0.031724874,32.44442046,844.2163415,0.317380353,2016,108753,6568665,427284819,118945,6761951,430840197,29586897485,8043629,484767273,32506226083,2.33921e+12,0.168715469,0.014780605,0.090291108,0.017058007,0.01684559,0.009919547,0.03731441,0.016385926,0.001669013,0.016657739,0.010363567,0.008204135,0.016466773,0.010982541,0.002286756,0.00217567,0.018778855,0.007449591,0.008147573,0.003509002,0.007133516,0.007111947,0.001516599,0.00516199,0.002577578,0.014052877,0.005422031,0.006669943,0.002580132,0.00117964,575.9449405,347.000496,0,8,13,8,34,35,5,413.9015918
414,171,11,9,blind_batch2_0036.tif,mpfc,1293,2944,880,405,816,359,847.1894818,383.2745553,1293,1.09068309939175e-12,293446.577,86591.82467,-3.33E-12,27113.73395,-226664.1776,5822484.02,125749.5329,-296401.1579,29884783.28,-230521941.5,8.942865108,2320,0.769405897,40.57460698,-1,0.43919837,0.111820987,0.250738021,0.01111343,0.000328528,6.13969717783715e-05,6.95691015465328e-09,-2.13E-06,5.25703410905703e-09,230.2563263,93.94793498,226.9501755,-20.96963183,-20.96963183,97.25408575,60.69679745,64.84597135,9.848857802,2.963689548,2.236067977,41.68666323,38.77069718,NA,NA,0.175522178,0.001440392,NA,0.016217813,-0.003770393,0.002693474,0.075215844,-0.004930416,0.013824662,-0.002965633,-0.003245069,0.004852855,-0.001676076,0.001157897,81.04028657,381.1909089,0.557327586,1293,40328,1551256,66774356,31387,1006058,39120712,1684659068,887655,28705446,1118914608,47957707800,0.374208313,0.011521594,0.153630019,0.046276652,0.00881726,0.012127486,0.029720043,0.029946892,0.005989771,0.017279036,0.009626565,0.01523212,0.000585633,0.00885958,0.014082011,0.008415001,0.012258751,0.015390736,0.007178059,0.008407239,0.005538094,0.002657083,0.007813971,0.015789777,0.002976353,0.003817965,0.011845387,0.006336935,0.006963714,0.002441559,847.1894818,383.2745553,0,9,15,9,3,2,9,37.79899025
415,172,11,10,blind_batch2_0036.tif,mpfc,2731,28860,753,502,642,242,699.162944,397.718052,2731,8.78230821399484e-12,915184.4899,931.7846803,4.0870418160921e-11,-428621.5331,12120924.48,-529764471.7,8463402.9,31665791.13,1140547530,-6970845139,61.17486922,16170,0.946061912,58.96793363,-33,0.094629245,0.016346582,1.257459567,1.037451462,0.965836931,0.691649493,0.564781847,0.702079601,0.024259363,3107.895996,326.2260801,335.1096631,156.9467349,156.9467349,3099.012413,222.9940267,259.4937379,11.40175425,2.088675014,1,94.1921691,72.24691884,NA,NA,0.122705845,2.39062422197134e-06,NA,-0.057468596,0.031097931,-0.026008645,1.134753721,0.081243026,0.055994876,-0.006548766,-0.858774604,-0.04546867,0.014203262,-0.00815291,-3.239629546,1448.946356,0.168893012,2731,156112,9839006,667056760,425266,23880835,1495229235,1.0122e+11,74684996,4167391813,2.59507e+11,1.74285e+13,0.051639028,0.010610841,0.02621005,0.010658191,0.010202112,0.002395348,0.012473393,0.009731655,0.004821391,0.007599495,0.004115962,0.001331791,0.002171349,0.009775836,0.002912038,0.003471637,0.002860758,0.005456415,0.001014264,0.001328744,0.001485998,0.006773308,0.0044058,0.001760301,0.002702399,0.001678338,0.004182375,0.002780036,0.00038131,0.001156445,699.162944,397.718052,0,10,16,10,43,46,3,706.5361575
416,173,11,11,blind_batch2_0036.tif,mpfc,1907,5888,506,559,414,495,462.7729418,523.8201363,1907,8.07176547823474e-12,439844.6838,-163651.6412,-7.93E-12,32932.11904,1063512.774,57721196.29,401443.3068,-27222.41182,82219735.58,837347590,9.156863315,3997,0.407662395,49.27542807,-1,0.323879076,0.109207702,0.231336043,0.000439521,9.75629179488023e-05,0.00028784,-4.76E-08,-3.75E-06,-7.70E-09,240.5688182,200.5890163,230.6474482,-17.26907133,-17.26907133,210.5103863,62.0411242,95.50916186,16.03121954,4.556062439,3.16227766,62.22227071,56.65178074,NA,NA,0.120947797,-0.00103049,NA,0.009055622,0.006696779,0.008323064,0.110388247,-0.000171415,0.011855613,0.002764893,0.010226443,0.002883501,0.003693068,0.002062651,60.12191274,468.4396462,0.477107831,1907,93010,4976216,285446080,54960,2713493,147691129,8674944839,1985398,98704695,5414228231,3.22184e+11,0.266177134,0.046531664,0.146925508,0.00376207,0.047044915,0.00241978,0.044946526,0.023351729,0.00485212,0.013467865,0.003900371,0.003408766,0.003193073,0.020512747,0.003267311,0.00393644,0.011643606,0.001927732,0.008846088,0.001988926,0.005542546,0.00762372,0.00374355,0.001949963,0.003681959,0.009097546,0.005628382,0.009579012,0.006261385,0.000988045,462.7729418,523.8201363,0,11,18,11,10,7,5,141.1959617
417,174,11,12,blind_batch2_0036.tif,mpfc,912,3626,162,598,88,549,117.6600877,563.3903509,912,-6.48E-12,250460.6272,2112819.747,-2.07E-12,7650.008772,554287.006,8535216.315,70089.03509,-1032234.016,25084340.48,-441164145.1,5.51827066,2135,0.849595381,34.07630357,1,0.251516823,0.181216193,0.385394619,0.047366425,0.043955857,0.005168271,-6.83E-05,-0.000226928,3.73852457785631e-05,274.9830061,76.49688673,274.6278807,-8.388167513,-8.388167513,76.85201216,66.33044624,78.18567644,8.602325267,3.202039121,2.828427125,44.35457495,34.98499947,NA,NA,0.301127062,0.084115368,NA,0.009197552,0.022067219,0.011252008,0.084267557,-0.041095197,0.03306878,-0.019258314,0.035530839,-0.027089221,0.021272017,-0.015777193,87.57574647,251.4802307,0.427166276,912,27050,1052766,48195320,13124,396909,16157759,771593001,258948,6868359,272533365,13122013971,0.184616041,0.061361057,0.061294361,0.0167288,0.054657854,0.023512383,0.003521235,0.011290431,0.013702583,0.028123886,0.019109301,0.011358072,0.015819727,0.013623739,0.018948706,0.01068751,0.008958677,0.004116877,0.005721906,0.000923186,0.008449007,0.013857677,0.012646249,0.009999597,0.005050187,0.000791045,0.006777314,0.005366814,0.004249991,0.005911634,117.6600877,563.3903509,0,12,20,12,4,1,3,47.87005824
418,175,11,13,blind_batch2_0036.tif,mpfc,1436,8360,830,701,742,606,784.0494429,636.5369081,1436,-1.26E-11,588841.4896,1928356.739,-6.17E-12,-305031.1205,-2952273.393,-279925824.2,545351.0439,859826.1426,189300759.4,2398679975,21.71228705,4734,0.837056616,42.75946663,-15,0.171770335,0.046056871,0.550019268,0.087969485,0.055790729,0.008486334,7.40955649595147e-05,-0.001918339,-0.000169137,607.8701236,181.9575459,410.0567476,212.4172148,212.4172148,379.7709219,98.62008912,107.9120012,10.29563014,2.321443757,1.414213562,61.65940658,53.95665607,NA,NA,0.285554838,0.024677507,NA,-0.147922852,-0.037780741,-0.094532174,0.26446443,0.01100334,0.063927694,0.021376262,0.122711369,-0.064287113,-0.012962003,-0.031313196,-47.03881707,625.9432175,0.303337558,1436,60383,3127913,182976269,43851,1538879,66911741,3317151833,1884425,61469433,2395644587,1.03352e+11,0.154004272,0.049767426,0.040057026,0.006023086,0.039617488,0.0133169,0.016070043,0.012690893,0.008851754,0.011182075,0.003316561,0.005559575,0.012262858,0.0162736,0.010327258,0.007714119,0.010055279,0.016882041,0.002474372,0.00107069,0.005773139,0.003839393,0.002784422,0.007179985,0.00387218,0.006692413,0.01703575,0.005671677,0.002395219,0.002463999,784.0494429,636.5369081,0,13,21,13,18,16,2,242.3208534
419,176,11,14,blind_batch2_0036.tif,mpfc,1226,5544,580,739,492,676,530.8270799,705.6623165,1226,1.15107923193136e-12,362813.3409,553725.4589,2.02149408323749e-12,-88337.58891,-2620754.217,-111616769.4,196628.199,2728656.839,89607095.63,2729674446,9.952165172,2792,0.777735964,39.50938726,-1,0.221139971,0.100480647,0.372197773,0.026040476,0.0417384,0.00694618,0.000116271,0.000902716,2.16712080314388e-05,327.0774239,129.2370459,295.9325783,72.05349829,72.05349829,160.3818915,72.34112787,90.80198236,10,2.833677434,2,49.46778687,45.47298907,NA,NA,0.24138057,0.010521274,NA,-0.058771206,-0.049796649,-0.060570065,0.130817204,0.051846894,0.048626274,0.042305244,-0.005487997,-0.028887353,-0.02971718,-0.032717098,-66.6237724,391.5695885,0.439111748,1226,47602,2211060,114576694,36366,1323648,56104626,2582206776,1275328,47005324,1980902474,89395063252,0.189325856,0.056283818,0.072036151,0.024107281,0.043205996,0.001106855,0.013517552,0.021473299,0.015553812,0.018793107,0.004125737,0.008576379,0.002626557,0.01161649,0.015809529,0.010985079,0.009183807,0.003603259,0.011742351,0.005081219,3.44697021638496e-05,0.008784511,0.009019526,0.013025058,0.000751989,0.004566448,0.007358045,0.006841124,0.005794693,0.003330218,530.8270799,705.6623165,0,14,24,14,5,2,3,45.45584494
420,177,11,15,blind_batch2_0036.tif,mpfc,1981,16724,715,911,602,763,636.5143867,831.2407875,1981,-2.90E-12,717042.84,17083147.54,-2.33E-12,-128828.3624,-2587550.965,-200839167.5,1399286.144,4984924.289,172431553.4,3019209246,20.07386804,8992,0.715934953,50.22238085,-9,0.118452523,0.049816009,0.539279894,0.034533888,0.00602977,0.016266605,-4.04E-05,-0.003011471,0.000155941,718.2242791,350.0891911,361.9600404,65.03198508,65.03198508,706.3534298,107.1988268,147.122398,13.92838828,3.614792104,2,98.71751895,74.84268206,NA,NA,0.18271582,0.097804019,NA,-0.032827857,-0.014814184,-0.025834198,0.356564074,0.028539567,0.022180091,0.008725645,0.032247003,0.008368967,0.002950296,-0.000273092,-10.34479897,706.9076836,0.22030694,1981,68373,3076895,172776879,135185,4536999,198489323,10861270299,10624417,354097463,14945059591,7.73995e+11,0.115920382,0.011651885,0.068134081,0.007547106,0.019332799,0.001292529,0.038954589,0.002577517,0.008270723,0.022993281,0.00461962,0.002871104,0.020104782,0.007629185,0.006743472,0.003708521,0.02131492,0.00827423,0.00292953,0.001915008,0.005826504,0.005640846,0.003294519,0.004094732,0.002821398,0.013421074,0.006015317,0.00284435,0.000635387,0.002270603,636.5143867,831.2407875,0,15,25,15,19,15,4,298.7766985
421,178,11,16,blind_batch2_0036.tif,mpfc,936,3300,936,866,876,811,900.0726496,845.5320513,936,-1.66E-12,125929.0598,552737.564,-2.05E-12,-40282.17949,186315.6201,-4150015.068,129817.0385,871679.9688,26587042.49,332438214.8,6.341071069,2089,0.692481745,34.52176435,-2,0.283636364,0.157702065,0.29191561,0.008476036,0.012223801,0.005485869,-2.70E-06,0.000503529,4.48420373189632e-05,179.703108,93.52990296,134.5395938,43.03651655,43.03651655,138.6934172,53.62135515,65.60487787,11,3.491711127,2.828427125,47.64515477,38.6843437,NA,NA,0.143738882,0.020621932,NA,-0.045979184,0.006951198,-0.005060834,0.148176728,0.032521266,0.0324222,0.013250903,-0.058542569,-0.040930266,-0.01601516,-0.011026855,-43.61854501,273.1015511,0.448061273,936,22532,668334,22704200,32322,737794,21325862,723298258,1245962,28083234,819670574,28458869430,0.26851007,0.054871638,0.113844745,0.031648459,0.055599735,0.029414706,0.045159975,0.015689182,0.015020085,0.02129729,0.018927711,0.011217578,0.018288937,0.005847603,0.008626632,0.001699189,0.007117824,0.007367693,0.007191814,0.012111845,0.001100794,0.010131559,0.006592871,0.001292272,0.005125559,0.003409537,0.007938033,0.003858238,0.007614026,0.004640385,900.0726496,845.5320513,0,16,26,16,7,2,5,64.11269903
422,179,11,17,blind_batch2_0036.tif,mpfc,1291,3366,514,930,463,864,488.0255616,895.7854376,1291,-7.25E-13,121806.1565,95668.30494,6.29540863883449e-12,-45596.91944,-699185.7446,-10238822.77,403329.5662,1980209.975,37718844.05,493264167.1,4.773583015,2298,0.849020739,40.54321463,0,0.383541295,0.209486249,0.315078724,0.031525287,0.010110178,0.001709784,2.7787525586391e-06,-3.16E-05,6.54311993901179e-06,317.9941753,88.77245727,94.35023739,35.31907006,35.31907006,312.4163952,71.32956474,67.77905281,9,3.398394542,3,47.50510808,37.68765469,NA,NA,0.073083065,0.001597543,NA,-0.027357916,-0.01167554,-0.004758513,0.241995659,0.033067064,0.017529908,0.00638025,-0.010866626,-0.020072096,-0.00782427,-0.004268055,-8.974343666,278.2853173,0.561792863,1291,32308,930332,29474284,41035,981327,26589647,788452503,1707645,41816349,1139826953,33711267729,0.352975739,0.093483463,0.057052711,0.047126196,0.067234759,0.00925201,0.049822779,0.010732926,0.037316324,0.012233633,0.011876887,0.020377359,0.030639432,0.014530137,0.021691393,0.006977119,0.012115785,0.005930713,0.022214088,0.003585286,0.018890106,0.010671894,0.012968235,0.004099345,0.008230049,0.005414187,0.003282843,0.007264291,0.00235201,0.005522268,488.0255616,895.7854376,0,17,27,17,1,0,2,1.414213538
423,180,11,18,blind_batch2_0036.tif,mpfc,1692,4485,785,953,716,888,747.4787234,926.571513,1692,-4.66E-12,366024.234,426515.2653,6.90647539158817e-12,12202.07447,775616.9405,-1455030.342,373160.3469,117548.552,51404518.87,-141034797.9,10.61291411,3182,0.257890116,46.41466697,-4,0.377257525,0.094224827,0.258197588,7.88783990843612e-05,0.00209978,0.000400565,2.7799168677878e-07,-6.42E-07,2.40159957423277e-07,225.948783,210.9215367,216.3263795,-7.211627936,-7.211627936,220.5439403,60.12637132,72.11102551,10,3.000691595,2.236067977,62.5658698,58.09255191,NA,NA,0.12785247,0.003621877,NA,0.004262191,0.006586374,-0.00030038,0.130345118,0.000998197,0.010612073,-0.000707824,-0.026059943,-0.000661239,0.000377044,-0.000637224,36.85017267,475.0315293,0.531741043,1692,53262,2042644,87770292,65263,2066598,80331698,3493497696,2890453,92046624,3586636336,1.5562e+11,0.377642368,0.009470839,0.145804563,0.003819907,0.03089884,0.022144384,0.004147857,0.016011365,0.007255884,0.028111464,0.010954342,0.007771852,0.021768469,0.019207858,0.005872971,0.012915022,0.010131411,0.015516238,0.008875486,0.005052452,0.014107367,0.013025324,0.012305907,0.006534437,0.006895513,0.007115907,0.013416432,0.013222418,0.010306472,0.005255249,747.4787234,926.571513,0,18,28,18,6,3,4,39.79899079
424,181,11,19,blind_batch2_0036.tif,mpfc,1182,4731,622,1021,565,938,588.7715736,977.1159052,1182,-2.12E-12,127082.3249,943396.9606,-8.33E-12,-87537.70558,-1760763.502,-42854585.99,367513.121,1457312.483,67601330.82,1292093976,11.25567123,2796,0.866628636,38.79393177,0,0.249841471,0.088844102,0.354009698,0.04531782,0.015445212,0.004513234,3.76784412209755e-05,0.000479237,-4.84E-07,335.0317089,83.40775459,107.5146573,74.05897258,74.05897258,310.9248062,73.21548567,89.1571646,11,3.026550267,2,44.76191344,36.53113841,NA,NA,0.090959947,0.01964042,NA,-0.062655645,-0.036657035,-0.025950449,0.263049751,0.03033954,0.040935756,0.022757939,-0.008234366,-0.054394192,-0.030837948,-0.023350133,-18.03056347,408.883297,0.422746781,1182,28098,795016,25884072,46235,1011541,25175189,695656519,2176037,46336903,1097646871,28338844705,0.189328109,0.063062307,0.067587287,0.008874832,0.05935684,0.006882285,0.001153655,0.016991418,0.010058177,0.027774566,0.00626286,0.006503962,0.014357977,0.016142306,0.007852686,0.005592879,0.007470462,0.002616552,0.00795302,0.005556915,0.008555189,0.008933137,0.006360671,0.002883349,0.003831468,0.003572111,0.001056646,0.006748172,0.007670279,0.006288648,588.7715736,977.1159052,0,19,29,19,7,4,8,79.42640787
425,182,12,1,blind_batch2_0046.tif,mpfc,1573,4725,439,66,364,3,395.8664971,35.14367451,1573,6.48014975013211e-12,361167.9644,1082298.612,2.00373051484348e-12,-49559.82835,212318.5849,-24059120.21,227437.5296,558522.8636,24468629.28,41144905.1,6.855738599,2773,0.664012754,44.7527184,1,0.332910053,0.145863204,0.237884895,0.004525835,6.25444144320807e-05,0.000292204,-9.45E-09,9.66341340626577e-06,-3.84E-08,240.0077255,134.1852141,229.6045546,31.50656602,31.50656602,144.588385,61.96873088,74.24284477,11.04536102,3.535572661,2.828427125,52.68928764,46.33533669,NA,NA,0.145966023,0.011028725,NA,-0.020029603,0.002163546,-0.006181496,0.091918872,0.005691401,0.006286711,0.000266542,0.001391951,-0.001077273,0.000695762,-0.000262816,-71.72726427,368.1259377,0.56725568,1573,50126,1958508,86511404,50562,1561674,60007366,2626052742,1852686,56411066,2125174830,90878632598,0.363353738,0.053432363,0.150303074,0.030726999,0.037011444,0.015800276,0.011069007,0.011599759,0.026931512,0.013785862,0.011493516,0.005913505,0.023615494,0.011750803,0.023238136,0.010378378,0.008489902,0.00388025,0.006678205,0.004223057,0.012294687,0.009121755,0.012757168,0.001507426,0.010249443,0.013677726,0.007771042,0.009161083,0.004976026,0.003934641,395.8664971,35.14367451,0,1,1,1,1,0,5,14.07106799
426,183,12,2,blind_batch2_0046.tif,mpfc,1024,3792,1023,156,944,108,969.0585938,129.9746094,1024,0,208406.4844,3369547.842,0,38631.52344,1014546.529,39395190.94,107325.3398,123661.1242,21694983.47,361749875,7.855125714,2356,0.757921518,36.10813335,1,0.270042194,0.12730541,0.301105332,0.014721969,0.015293652,0.012095297,0.000160482,0.001467561,3.61583938529612e-05,216.2890001,92.04285949,203.5219574,-37.72609711,-37.72609711,104.8099022,58.82706861,78.63841301,11.18033989,3.506225447,2.236067977,42.25503289,38.37558797,NA,NA,0.198751912,0.100420351,NA,0.036841892,0.030235843,0.036689631,0.10235342,0.003685389,0.020205028,0.010528307,0.005222475,0.006774904,0.005529886,0.005380949,71.30345657,317.9299782,0.434634975,1024,25660,851410,35149432,22502,602500,21660052,960833596,601798,16901698,636096226,29169223810,0.210833974,0.074957302,0.073438384,0.042276472,0.052276585,0.013334177,0.001512073,0.035361671,0.008766892,0.011790973,0.014385242,0.002081983,0.006119029,0.016469468,0.004395713,0.004410555,0.007194086,0.004841949,0.003328575,0.001058072,0.003692674,0.013645868,0.002386736,0.003528046,0.004922461,0.007364683,0.00270391,0.002133542,0.001781523,0.003036639,969.0585938,129.9746094,0,2,2,2,4,2,2,83.74011636
427,184,12,3,blind_batch2_0046.tif,mpfc,1476,7304,269,234,186,146,226.4017615,185.3455285,1476,1.03739239420975e-12,371192.7554,1272200.388,-5.74E-12,111647.1016,-1516224.998,-601648.5675,582361.7805,7459378.148,224600522.7,5426714840,15.15038406,4642,0.698201254,43.35091196,-5,0.202081051,0.066004927,0.437696246,0.019900718,0.080500794,0.01419932,-0.000244261,0.00049803,-0.00041328,427.1294201,218.9102384,251.4856067,-75.64166777,-75.64166777,394.5540518,82.66843848,93.04837452,12.04159458,3.170437525,2,78.91441878,59.18246205,NA,NA,0.170383202,0.015199861,NA,0.051247742,-0.018115393,-0.000187104,0.267313043,0.089122371,0.069847632,0.043927324,0.07570178,0.028692291,-0.00025339,-0.005454435,23.29930959,530.1025971,0.317966394,1476,59633,2780471,143601809,58074,2457939,116904355,6012438405,2867314,132089543,6672896867,3.58402e+11,0.189023796,0.032869687,0.079439092,0.010464354,0.045862921,0.025661506,0.020654295,0.010988846,0.005633406,0.034239091,0.021729923,0.003606247,0.003971205,0.01064859,0.005658294,0.007733937,0.013499926,0.00684817,0.004524461,0.002642685,0.009544119,0.00059207,0.006799049,0.009606503,0.002609166,0.004855391,0.003829635,0.001998959,0.004614944,0.002384085,226.4017615,185.3455285,0,3,3,3,20,16,4,200.7228737
428,185,12,4,blind_batch2_0046.tif,mpfc,1040,4800,444,223,380,148,417.7538462,188.2173077,1040,-2.61E-12,135568.9846,-1331788.008,3.95061761082616e-12,42744.63077,-1490379.366,31304241.61,241510.8885,129746.4489,45611357.35,-376378609.9,8.072144615,2858,0.728362428,36.38913473,1,0.216666667,0.123882815,0.348631539,0.015841317,0.014570158,0.004878214,-1.77E-05,0.000576115,3.71410456700438e-05,246.7367942,115.8400068,130.3547929,-41.10060651,-41.10060651,232.2220081,62.83143089,79.12016178,10.29563014,3.121404987,2.236067977,60.65894985,43.05159821,NA,NA,0.125341147,-0.038181391,NA,0.039519814,-0.04272809,0.027829357,0.223290392,0.003719736,0.040548331,-0.010375481,-0.018022283,-0.006658309,-0.027814097,0.002359527,19.45080603,324.8000359,0.363890833,1040,39264,1617936,69988020,41826,1621837,66806199,2860009867,1923640,76192703,3156276181,1.35184e+11,0.198056266,0.03415657,0.100796498,0.018476405,0.033145513,0.019984551,0.047244138,0.023097442,0.011431628,0.022080385,0.011450143,0.004372088,0.019765999,0.019337159,0.006296359,0.006937111,0.007397758,0.003901039,0.006887618,0.009389127,0.007237029,0.012906189,0.005421832,0.005552368,0.001773293,0.009016469,0.002930993,0.001723002,0.005906548,0.002554777,417.7538462,188.2173077,0,4,4,4,4,2,2,79.49747604
429,186,12,5,blind_batch2_0046.tif,mpfc,1212,3700,667,265,593,215,625.2656766,237.6014851,1212,-3.01E-12,248468.4521,1251730.535,-1.38E-12,58100.32178,736124.6723,45502228.75,153296.5173,-1014434.748,44966923.88,-82914527.57,5.036838469,2356,0.737725967,39.28315578,0,0.327567568,0.198537238,0.273505981,0.010455243,0.008619831,0.000345678,-5.56E-07,-6.39E-06,-2.18E-07,227.7086596,103.7805891,205.0069737,-47.93755923,-47.93755923,126.482275,60.36007417,80.95677859,12.04159458,3.891656114,3,47.7813902,40.74910338,NA,NA,0.169147668,0.024476781,NA,0.039552442,0.014394442,0.025557879,0.104358313,-0.019836615,0.025257207,-0.001337739,0.003609626,0.003004444,0.004022673,0.004006031,64.65927046,276.9716088,0.514431239,1212,39106,1510250,66014974,27393,941954,38619310,1790253548,772419,26534494,1113327926,53453359900,0.235231134,0.026093546,0.134668748,0.019937497,0.018059804,0.009073011,0.060987668,0.02206115,0.014761226,0.007997098,0.017155298,0.006683905,0.021589618,0.023305197,0.016960059,0.008329538,0.000658622,0.014073061,0.007354122,0.000931055,0.00388245,0.014748714,0.011567477,0.007382923,0.004197894,0.001937074,0.009267708,0.005287709,0.00384286,0.002675811,625.2656766,237.6014851,0,5,5,5,1,0,3,14.07106799
430,187,12,6,blind_batch2_0046.tif,mpfc,1429,6912,580,308,472,244,521.4527642,277.5073478,1429,-1.07E-12,919084.0616,5000691.369,-1.25E-12,-12548.25402,-196445.0947,216116002.5,169723.1728,-1398926.453,164951091.6,-2157185538,14.96462679,5015,0.903108601,42.65512055,-1,0.206741898,0.066824253,0.53319558,0.134815544,0.01419688,0.002296513,1.00580848333666e-05,0.000767605,-8.41E-06,643.3128948,118.6235884,643.1658933,8.781143474,8.781143474,118.7705898,101.4544544,116.3615057,8.544003745,2.657894374,2,62.3758005,43.5657826,NA,NA,0.450081101,0.064781273,NA,-0.006144957,-0.002544841,0.074061114,0.083114479,-0.018122342,0.056527335,-0.01955576,-0.008384824,0.005482403,-0.011700378,0.025044981,-89.04092489,518.3868684,0.284945165,1429,70668,4413812,314178390,47882,2355349,146457597,10622193205,1774122,85495393,5300898025,3.91679e+11,0.134376611,0.022279629,0.066494485,0.019139679,0.022126116,0.009272745,0.029319469,0.024025436,0.006433219,0.01387721,0.017234054,0.001543234,0.01374018,0.016365722,0.002438881,0.006257152,0.011921639,0.014344745,0.005288226,0.002406325,0.008608946,0.008855595,0.003872107,0.003634935,0.004094449,0.009814564,0.009128473,0.008435936,0.003519248,0.001756029,521.4527642,277.5073478,0,6,7,6,14,12,2,206.9655149
431,188,12,7,blind_batch2_0046.tif,mpfc,1297,4982,342,379,248,326,285.5134927,355.2035466,1297,2.1174173525651e-12,413078.0139,6644858.789,-4.80E-13,63286.43793,1325503.501,46693201.03,145680.2637,-564586.8259,30124879.39,284237732.5,8.963788837,3170,0.832076399,40.63731893,-1,0.260337214,0.111559968,0.332157465,0.030928479,0.02511796,0.01015275,0.000157012,0.00172352,-4.04E-05,329.452534,101.3556985,318.487289,-48.79447798,-48.79447798,112.3209435,72.60330946,93.04837452,12.04159458,3.430115266,2.236067977,50.63488809,40.27022692,NA,NA,0.245556892,0.109682115,NA,0.037621032,0.021879175,0.021400983,0.086600573,-0.009319247,0.013807193,0.003617361,-0.012932384,0.00730247,0.00095167,0.002159324,77.33471968,382.2264428,0.409148265,1297,48655,2238297,121603195,37877,1484185,71439905,4014292399,1251823,50092043,2456447959,1.39736e+11,0.190735931,0.050142127,0.088446717,0.029016253,0.043365715,0.013422315,0.021880789,0.033181281,0.002866688,0.015296389,0.02319259,0.002057704,0.011449305,0.016205701,0.002760469,0.005671039,0.005397337,0.014079197,0.003828406,0.001674902,0.007768548,0.005222783,0.004216536,0.006286572,0.001900697,0.006024798,0.003237908,0.008943405,0.003823433,0.001073546,285.5134927,355.2035466,0,7,8,7,5,1,6,40.04163086
432,189,12,8,blind_batch2_0046.tif,mpfc,1676,11352,577,605,491,473,537.4134845,548.7846062,1676,4.2632564145606e-12,459378.4553,-3328189.076,-1.10E-11,-447721.7321,-1207992.03,-341559975.2,1335533.243,6671569.605,702549576.7,1921933500,23.40864758,6331,0.906707552,46.194691,-8,0.147639183,0.042719256,0.638991468,0.198909677,0.083591476,0.062299951,0.004090172,0.023499963,-0.00186634,909.2169102,161.7327903,274.0921571,267.1370717,267.1370717,796.8575435,120.6128955,152.9771225,10.19803903,2.698900496,1.414213562,66.02261411,50.86968297,NA,NA,0.163539473,-0.028941628,NA,-0.159389661,-0.010504588,-0.072551255,0.475451995,0.058015359,0.149229586,0.009971932,-0.237395934,-0.285278937,-0.064879136,-0.154963703,-22.81189805,702.1503243,0.264729111,1676,77789,4069837,228209837,127015,5447487,265662351,13891569327,10961315,447563563,21090784147,1.07125e+12,0.091186628,0.014143184,0.053415457,0.011267323,0.021603545,0.002898753,0.024547865,0.010729729,0.005555809,0.020458133,0.005670689,0.001492727,0.002184576,0.009119064,0.004306835,0.003757434,0.013750677,0.007805475,0.002124408,0.001248873,0.008786931,0.005822464,0.003886412,0.002776957,0.002798646,0.005849542,0.00836368,0.001978404,0.001892274,0.001063426,537.4134845,548.7846062,0,8,11,8,24,20,4,318.9188334
433,190,12,9,blind_batch2_0046.tif,mpfc,1275,5504,824,648,738,584,777.572549,620.4094118,1275,-2.57E-12,505394.0392,1199924.112,1.84741111297626e-12,-177154.8706,-645231.6886,-161419527.7,203452.2871,3136459.808,171385185.8,3976986428,10.27522022,3747,0.890391421,40.29119531,-9,0.231649709,0.097321515,0.436045414,0.08200241,0.020025903,0.007148635,-6.35E-06,0.002034782,8.52965170655007e-05,460.5338531,95.42404987,396.3874817,138.9449965,138.9449965,159.5704212,85.84020998,97.65244493,10.44030651,3.028772126,2.236067977,59.08653773,39.07409369,NA,NA,0.310892143,0.020671801,NA,-0.108976468,-0.011115787,-0.077879924,0.125153272,0.054033645,0.082688045,0.053736387,-0.028478805,-0.045826354,-0.029987805,-0.04129268,-65.21877078,405.747258,0.340272218,1275,50455,2502027,140210971,46422,1659882,76431160,4034712582,1893650,65172808,2987051074,1.59599e+11,0.170237041,0.020704151,0.085801126,0.028588852,0.018880339,0.015223814,0.044048118,0.024270633,0.012733118,0.00630525,0.017668129,0.008971257,0.03123747,0.013420448,0.013168028,0.005199943,0.005598758,0.012603726,0.009598625,0.005767798,0.019956499,0.00875246,0.009197083,0.005271954,0.000389127,0.004702656,0.007581322,0.003146646,0.006810471,0.004860238,777.572549,620.4094118,0,9,12,9,13,9,4,113.2253982
434,191,12,10,blind_batch2_0046.tif,mpfc,1069,4420,246,663,161,611,209.2179607,641.8643592,1069,-5.68E-14,349408.2152,-5348727.858,1.58451030074502e-12,86043.6043,-2970409.357,91932074.56,161141.3321,398651.2781,77476398.53,-837017672,10.79897121,3090,0.816273405,36.89299491,-4,0.241855204,0.092601414,0.446768438,0.04981874,0.077320642,0.027965447,0.000613321,0.00524792,0.001146692,358.0987284,119.4967321,326.8552059,-80.48980758,-80.48980758,150.7402545,75.69398691,84.48076704,11,3.168624171,2,50.64162261,43.72582434,NA,NA,0.30575791,-0.143154907,NA,0.075294488,-0.079500899,0.075254755,0.141010528,0.010669619,0.063421471,-0.020956206,-0.022543678,0.006402286,-0.028853426,0.012751998,68.78540911,380.8772004,0.345954693,1069,51545,2834803,165035195,32994,1676947,92821663,5356103215,1179480,62582133,3519874129,2.04627e+11,0.188642314,0.071986577,0.033770927,0.035081669,0.03840016,0.034988649,0.01817917,0.016666619,0.019043955,0.011809744,0.025265456,0.015002295,0.010880199,0.005381736,0.019072111,0.014325336,0.005535583,0.006606167,0.00883801,0.005161984,0.002897972,0.006072572,0.012072601,0.008090032,0.005212579,0.003913333,0.004166866,0.002043203,0.000804063,0.00460104,209.2179607,641.8643592,0,10,13,10,10,10,2,142.1959615
435,192,12,11,blind_batch2_0046.tif,mpfc,1190,3969,825,791,776,710,802.0890756,740.3983193,1190,1.27897692436818e-13,99642.55798,-36728.01201,4.69668748337426e-12,-45797.22185,-47785.48485,-5913278.278,356987.1966,-1227656.84,25614703.9,-120531980.9,12.71562176,2564,0.8652152,38.92499272,-8,0.299823633,0.078643421,0.322455868,0.03720857,0.011946229,0.006435342,5.48895748634427e-05,0.001180227,1.30741729548583e-05,306.6339043,77.0885786,83.733242,38.48506038,38.48506038,299.9892409,70.04386103,80.00624976,11.3137085,2.965187974,2,47.21673759,35.12004068,NA,NA,0.070364069,-0.000751848,NA,-0.032340387,-0.000978202,-0.003509033,0.252091799,-0.025130989,0.01520017,-0.002073423,0.076908568,-0.024600711,0.004467293,-0.002296483,-9.795864237,436.0609665,0.464118565,1190,31046,909604,28893164,36174,897949,25213033,775136065,1456616,33989791,896878527,26143312711,0.236705788,0.080138255,0.068924323,0.050156786,0.041862242,0.026584166,0.001652591,0.028602954,0.010667589,0.017506917,0.018983474,0.008568913,0.005070396,0.001757291,0.007306405,0.003470022,0.006247356,0.007552007,0.010062066,0.001570607,0.004243836,0.002667264,0.004381393,0.000833817,0.007281786,0.001907021,0.002023983,0.005506111,0.004728458,0.005618609,802.0890756,740.3983193,0,11,14,11,15,14,3,170.1665242
436,193,12,12,blind_batch2_0046.tif,mpfc,1182,7772,563,845,496,729,534.1565144,799.3739425,1182,2.25952589971712e-12,155904.0448,-1028481.208,6.73594513500575e-12,-98456.17936,2289372.645,-62340123.52,1072662.717,-1101834.118,175280689.6,-2037410130,18.78088787,5257,0.930436548,38.79393177,-10,0.152084406,0.053245619,0.879354132,0.450430839,0.49818362,0.265730659,0.094922438,0.165364001,-0.018374956,916.3428859,123.0536981,131.8985151,83.29626003,83.29626003,907.4980689,121.084624,118.5959527,7.615773106,2.169418514,1.414213562,59.36555364,44.37182855,NA,NA,0.111589268,-0.021411775,NA,-0.070470609,0.047662059,-0.03774985,0.767764864,-0.022938897,0.106140626,-0.035885359,-0.561241339,-0.139477477,0.012690354,-0.059622597,-6.061242261,528.1675683,0.224843066,1182,45101,1876801,82481213,83182,3075479,126853769,5574218615,6926508,249332069,10212465215,4.48876e+11,0.10632622,0.035267682,0.020717617,0.019829922,0.030378088,0.016192452,0.004592595,0.020169097,0.007124148,0.006588997,0.019484432,0.002660441,0.003045511,0.009638889,0.011351355,0.005215296,0.002930162,0.011685444,0.002205084,0.00394713,0.001666154,0.002548435,0.014439107,0.005099562,0.000605868,0.007423345,0.002227368,0.007451853,0.00718995,0.00136246,534.1565144,799.3739425,0,12,15,12,15,10,6,202.30866
437,194,12,13,blind_batch2_0046.tif,mpfc,1309,4949,669,917,568,868,617.7990833,896.6516425,1309,-9.95E-13,600664.1589,-742051.9468,3.5207392556913e-12,-57601.61803,-5126341.97,-93201351.97,142753.149,1382933.498,120451348.3,2398295939,11.54302976,3220,0.881401985,40.82487678,-2,0.264497878,0.086632368,0.433863759,0.075937663,0.061694221,0.009178106,-0.000174184,-0.002263242,-0.000131751,464.323015,103.6046457,458.8725431,44.00429185,44.00429185,109.0551176,86.19262289,101.7889974,12.16552506,3.257492708,2,43.96913901,40.71454692,NA,NA,0.350551981,-0.011969753,NA,-0.033616724,-0.082691041,-0.041553085,0.083311778,0.022307566,0.05370228,0.029553846,-0.012551993,-0.016478388,-0.026785293,-0.023111447,-82.93917629,435.747258,0.406521739,1309,65187,3846917,250655937,37505,1810113,99357133,5894094375,1217333,58704239,3147701491,1.80295e+11,0.16086001,0.057374615,0.0493929,0.006052245,0.057212855,0.002720094,0.018128449,0.020276233,0.009170197,0.020038618,0.004136741,0.002761713,0.026736788,0.018175934,0.002687892,0.005405153,0.01137942,0.003377126,0.007744814,0.00096804,0.01141864,0.005116142,0.001232995,0.004346049,0.005807704,0.008387289,0.003427392,0.005472839,0.002661654,0.001371381,617.7990833,896.6516425,0,13,17,13,10,8,5,131.4386024
438,195,13,1,blind_batch2_0049.tif,mpfc,2253,21168,383,166,239,19,311.5428318,72.8144696,2253,-1.27E-11,1474963.117,5151254.061,-2.12E-11,-560323.0963,-5205713.959,-1415793440,2328760.448,17078392.78,1159749288,6393592262,44.83288591,12394,0.735223972,53.55939408,-15,0.10643424,0.022305055,0.749353196,0.077032834,0.12611057,0.053790028,0.003503626,-0.002484603,-0.002711408,1156.804078,531.4886721,654.6662746,248.7008861,248.7008861,1033.626475,136.0472905,147.7091737,9,2.140758547,1,109.4223726,92.21615234,NA,NA,0.290575355,0.021380113,NA,-0.110386545,-0.021606147,-0.123798767,0.458777841,0.070883315,0.101409943,0.01177825,0.234391221,-0.011757914,-0.013045431,-0.053468277,-26.34848424,1126.636652,0.181781507,2253,163439,13331291,1186236857,121244,8235060,630915792,52441964388,8853442,599025166,45190010466,3.62636e+12,0.117637125,0.023588881,0.043042875,0.013378873,0.024627311,0.008812095,0.006267623,0.015465417,0.002975964,0.014848498,0.004187761,0.006425707,0.001164594,0.015664846,0.007592343,0.001959404,0.009685444,0.008246338,0.004366893,0.003011283,0.002387775,0.006988882,0.007948722,0.001012462,0.003742165,0.008243449,0.007164066,0.002970224,0.002700812,0.002221741,311.5428318,72.8144696,0,1,1,1,36,33,4,550.1269906
439,196,13,2,blind_batch2_0049.tif,mpfc,3183,17931,659,188,530,49,580.8479422,111.7260446,3183,2.38742359215394e-12,3635534.404,53064497.36,-6.61E-13,-283505.5944,-2445337.078,-308953198.6,2378285.111,18783828.37,2290702092,54904119090,56.11554288,13260,0.610825264,63.66098861,-21,0.177513803,0.017820375,0.593577066,0.01853124,3.68636580962556e-05,0.016029696,-9.53E-06,0.002145455,7.81328010668686e-06,1161.327995,728.027806,1142.172292,89.06867559,89.06867559,747.1835096,136.3130512,138.09055,10.04987562,2.235610532,1.414213562,121.8481955,107.9279616,NA,NA,0.358835153,0.092835153,NA,-0.027982619,-0.004278063,-0.009580381,0.234741913,0.032861888,0.071032761,0.030177044,-0.010886042,-0.024334522,-0.009413638,-0.009885175,-77.86246872,1498.1829,0.240045249,3183,161849,11865223,1026105557,199657,9868642,712981818,61482546280,14901979,740952426,53110694058,4.53855e+12,0.203166991,0.042170992,0.031716102,0.023154761,0.015151028,0.01257231,0.031752781,0.018586292,0.006579354,0.018328865,0.01478108,0.002663382,0.007185586,0.005428565,0.008412906,0.008500216,0.018600719,0.001710466,0.009797486,0.004838458,0.005742918,0.006063973,0.006508841,0.00653431,0.005253166,0.010266314,0.008153139,0.010282446,0.005571432,0.004443072,580.8479422,111.7260446,0,2,3,2,39,46,2,724.7909883
440,197,13,3,blind_batch2_0049.tif,mpfc,859,3038,999,160,950,98,968.8311991,126.0838184,859,5.32907051820075e-13,81748.52386,574338.8125,3.5385028240853e-12,-63828.84633,-886583.8189,-21532139.28,164849.9651,710902.909,27546557.16,452657242,6.695306022,1901,0.873884707,33.0713285,0,0.28275181,0.149358371,0.334198182,0.042614663,0.019700851,0.005426862,5.48413842816257e-05,0.000710806,1.18795106911879e-05,232.2011754,54.87506323,95.1670825,74.30599107,74.30599107,191.9091561,60.95259474,65.55150647,10.44030651,2.971807717,2.236067977,41.41478043,29.63108185,NA,NA,0.110788222,0.026557382,NA,-0.0865029,-0.040995566,-0.03397095,0.223409961,0.032872095,0.043459811,0.024366514,-0.002536023,-0.048349989,-0.029406211,-0.022797852,-28.46852213,268.8355698,0.451867438,859,16176,386362,10928844,24124,390455,7559989,167401403,842344,12988135,232681657,4648938835,0.247340226,0.060226228,0.089816448,0.032443988,0.063234814,0.004544048,0.015720333,0.020250435,0.019461861,0.028225396,0.02073118,0.007118462,0.002595418,0.008988645,0.005242514,0.009558215,0.006789949,0.013703606,0.006994893,0.005943393,0.001617504,0.003060201,0.008037539,0.009305355,0.006235577,0.002069132,0.006630011,0.003519548,0.003891363,0.007094243,968.8311991,126.0838184,0,3,6,3,3,0,6,18.48528165
441,198,13,4,blind_batch2_0049.tif,mpfc,1867,11466,142,184,51,58,108.2035351,136.8934119,1867,1.406874616805e-12,725388.6567,-13784575.86,-1.28E-11,-227348.4965,4894497.84,-170054105.8,1022467.789,9719111.324,298484325.2,1623862975,23.06671225,6604,0.688588703,48.75590457,-16,0.162829234,0.043352515,0.501437864,0.024280221,0.158913379,0.022816272,0.000319707,0.000773777,-0.001336159,613.5512615,322.63323,388.5316854,121.7720924,121.7720924,547.6528061,99.0798677,127.1219887,12.52996409,2.894125005,2,86.74398437,71.84797618,NA,NA,0.208104813,-0.091523499,NA,-0.065223402,0.032497305,-0.026130888,0.293333051,0.064530609,0.045865758,0.005774897,-0.181116468,-0.077286157,-0.017081834,-0.010506257,-28.4205775,735.647799,0.28270745,1867,106799,6834669,460172243,147294,8198389,518094579,34742632387,12642994,697070465,43964537183,2.95739e+12,0.140006562,0.035682845,0.060088612,0.016863138,0.032308027,0.007279724,0.018994729,0.016228222,0.003959185,0.023363874,0.004097725,0.00805889,0.005393796,0.014941944,0.004904197,0.001135592,0.01513348,0.004541131,0.008404414,0.000672508,0.000390504,0.014314638,0.001932723,0.000722271,0.005598297,0.006164263,0.009033658,0.006661817,0.000569314,0.001548162,108.2035351,136.8934119,0,4,8,4,19,16,5,288.4924284
442,199,13,5,blind_batch2_0049.tif,mpfc,2642,16768,668,315,537,187,594.6192279,245.7040121,2642,-1.09E-11,1287180.943,13984817.79,9.43600753089413e-12,-598535.7638,4597193.859,-963678849.1,2112028.537,-7109698.908,798806112.6,-7496677632,37.81973799,10062,0.774025485,57.99912825,-28,0.157562023,0.02644122,0.48698132,0.043375147,0.010298936,0.006139126,-2.32E-05,0.000139343,-4.30E-05,918.4230415,368.1816068,487.1994486,226.5464662,226.5464662,799.4051996,121.2219809,134.8925498,13.60147051,2.916495368,1.414213562,94.85373355,76.75223585,NA,NA,0.184405545,0.038978469,NA,-0.085748095,0.012813294,-0.052255726,0.302575776,-0.019816145,0.043315461,-0.00790868,0.063159932,-0.01512708,0.01930026,-0.014633031,-27.71551928,1120.54834,0.262572053,2642,152230,10058556,741883792,155096,8337976,526100450,37421164474,11216786,568919948,34096388810,2.30068e+12,0.184717973,0.02691196,0.072503022,0.019184639,0.031411843,0.009781333,0.012742836,0.021017923,0.013735668,0.025044839,0.010365899,0.003159565,0.001883768,0.011290815,0.01159471,0.00674426,0.013152242,0.009962471,0.004258366,0.00244013,0.002325551,0.006642336,0.005035288,0.008671214,0.004518205,0.006936998,0.008247316,0.006725217,0.004454777,0.003847731,594.6192279,245.7040121,0,5,9,5,41,41,4,488.9137856
443,200,13,6,blind_batch2_0049.tif,mpfc,2638,23580,556,331,425,151,478.7634572,250.7812737,2638,8.5265128291212e-13,1355866.397,19557738.36,3.20454773827805e-11,1666763.515,19447689.87,2718684389,4160840.795,14901302.99,3633120634,97842373128,48.29778331,12654,0.939417271,57.95520614,-16,0.11187447,0.020704884,0.792739231,0.391925515,0.071573439,0.010932845,-0.000303902,-0.006824463,-3.43E-05,1871.369209,219.8768832,513.9751316,-631.8284741,-631.8284741,1577.270961,173.0373005,187.7791256,12.80624847,2.44096986,1.414213562,79.32509246,59.31298451,NA,NA,0.194835152,0.054718181,NA,0.239510415,0.05441029,0.148092962,0.597904079,0.041690516,0.197904398,0.103768421,-0.094885078,0.30618119,0.09819481,0.205194554,24.96064331,1265.336183,0.20847163,2638,141828,8981030,648201090,263223,15818542,1094808240,84987126334,30425567,1983308544,1.46327e+11,1.19662e+13,0.094623994,0.030747982,0.0300998,0.008627937,0.029972931,0.0100409,0.000866895,0.007366949,0.002618257,0.015392759,0.009601368,0.002701274,0.001007743,0.014630391,0.00602906,0.001084516,0.008436531,0.00364298,0.003311546,0.00107277,0.00120602,0.012739057,0.006084311,0.001999287,0.000827432,0.004492636,0.008204845,0.004387163,0.004433523,0.000366044,478.7634572,250.7812737,0,6,10,6,37,40,7,658.4945233
444,201,13,7,blind_batch2_0049.tif,mpfc,2552,13910,370,353,240,246,300.721395,293.0250784,2552,2.04636307898909e-12,2215536.912,12926691.28,1.35003119794419e-11,-345641.1693,-8297382.749,-674970386.9,995902.395,-7230022.916,767617515.2,-1123713994,44.14978878,8968,0.779593072,57.00269571,-27,0.183465133,0.022650165,0.493103833,0.046336558,0.019389034,0.000393372,7.45748334454332e-07,7.41774908384481e-05,-7.90E-07,903.8713333,354.529649,868.1570971,135.4393297,135.4393297,390.2438852,120.2578119,135.4178718,11.70469991,2.417693133,1.414213562,86.7239635,75.31583089,NA,NA,0.34018695,0.039290332,NA,-0.053071838,-0.025219673,-0.040610909,0.152916883,-0.021975461,0.046185204,-0.001338362,0.015546666,-0.028294742,0.000692757,-0.011914835,-75.2278334,1189.897582,0.284567351,2552,154961,11624985,987872981,120008,6941412,496392820,40445119974,6639288,363409200,24540381936,1.90103e+12,0.177189842,0.007376876,0.079301803,0.021434896,0.004298395,0.007828042,0.031354714,0.009375269,0.003455727,0.00739103,0.006264978,0.006918202,0.024703783,0.003267581,0.008157264,0.004581945,0.002694998,0.012483884,0.005874241,0.002914531,0.020058216,0.006754087,0.009129423,0.002169206,0.00512911,0.003256448,0.011888301,0.008059908,0.002922561,0.002678311,300.721395,293.0250784,0,7,12,7,48,46,7,564.41126
445,202,13,8,blind_batch2_0049.tif,mpfc,1746,10324,232,470,143,354,195.6282932,402.8911798,1746,3.29691829392686e-12,538035.7623,-8813540.743,1.54187773659942e-11,-49399.62428,1809514.041,-92068573.18,830355.3242,-4162477.979,138165161.5,-2345206580,21.9356125,6310,0.606634585,47.14950949,-2,0.169120496,0.045587968,0.448871217,0.010245067,0.000906501,0.014662149,-7.90E-06,-0.00015186,5.28667980401577e-05,480.2278159,303.5013287,308.1533576,28.29302651,28.29302651,475.575787,87.65640339,115.7324501,13.03840481,2.900099352,2,77.15235906,69.6851581,NA,NA,0.176491041,-0.06918944,NA,-0.016204483,0.014205331,-0.017297315,0.272380176,-0.032676938,0.025957677,-0.010544507,0.051257559,-0.023740617,0.008403963,-0.00468276,-9.337207674,693.7483041,0.276703645,1746,91889,5373997,330642557,85364,4443162,259350932,15948659112,5003902,254353932,14514129014,8.75067e+11,0.16597553,0.025435752,0.080485065,0.012623868,0.030549146,0.003387436,0.030057473,0.00723465,0.010835618,0.03128957,0.006711228,0.005567944,0.008993042,0.00515241,0.007240662,0.004678827,0.019217142,0.009000163,0.004633097,0.00467093,0.001640735,0.005199224,0.005078493,0.005137594,0.002836152,0.007944452,0.004935783,0.003228339,0.004890032,0.003164997,195.6282932,402.8911798,0,8,14,8,15,7,9,185.4091656
446,203,13,9,blind_batch2_0049.tif,mpfc,1665,7144,528,488,434,412,475.7513514,453.1207207,1665,9.50706180447014e-12,539851.0595,3019097.305,-3.41E-12,-160035.0216,-1236779.62,-65571961.01,487282.7351,-984649.6867,136126564.3,-1156409755,19.40475461,4934,0.692820477,46.04284789,-19,0.23306271,0.051533762,0.370508813,0.013689667,0.002789678,0.002130486,-4.88E-06,0.000148406,1.7656658711699e-06,405.8534608,211.0437131,324.2348705,96.1171301,96.1171301,292.6623034,80.58322017,93.77099765,11.40175425,2.860120858,2,74.15161497,58.10937454,NA,NA,0.194735658,0.026689566,NA,-0.057728006,-0.010933437,-0.014206119,0.175773155,-0.008704547,0.029491725,-0.006139909,-0.031575677,-0.020839264,-0.008435579,-0.001774391,-49.66349639,637.1858582,0.337454398,1665,69516,3442238,191816208,68466,2698513,126947171,6830229787,3302654,123744107,5523115933,2.83592e+11,0.225298085,0.038684007,0.093847647,0.023330572,0.02691305,0.016890766,0.025332815,0.026995265,0.009820177,0.017439504,0.009220873,0.006499349,0.003792055,0.019747169,0.016867451,0.006301565,0.012814173,0.00708407,0.007025307,0.008025414,0.003913807,0.005485488,0.017358292,0.003350022,0.003311223,0.007535379,0.004355834,0.004138863,0.004594764,0.007708275,475.7513514,453.1207207,0,9,15,9,15,18,3,252.5218648
447,204,13,10,blind_batch2_0049.tif,mpfc,1814,11352,386,515,298,386,334.275634,466.598677,1814,-4.66E-12,522206.183,5100438.741,9.80548975348938e-13,-660467.3385,-7319168.863,-508972902.9,1497709.837,12304328.26,749979531.4,13679536579,21.12593727,6049,0.947009443,48.05888611,-6,0.159795631,0.047335178,0.613845036,0.24902755,0.05204796,0.069145762,0.004148051,0.034464102,2.19699552629938e-05,1009.374576,104.1403191,287.8755143,364.0944534,364.0944534,825.6393808,127.0826236,133.5215338,12.52996409,2.836792286,2,52.39920984,40.81966567,NA,NA,0.158696535,0.036392704,NA,-0.200713591,-0.052223811,-0.085267359,0.455148501,0.087793973,0.125642787,0.053807262,-0.179559346,-0.221960217,-0.07790964,-0.08958179,-26.77715881,693.9554108,0.299884278,1814,65804,2909288,148523426,146206,4643248,179247852,8057926510,13281720,387641554,13608660618,5.49453e+11,0.129409359,0.035168893,0.045867417,0.026097556,0.030285687,0.018662243,0.014156713,0.015512776,0.006941109,0.019255701,0.020476933,0.007161391,0.007468087,0.008264468,0.006101447,0.006547483,0.014638472,0.011492182,0.006532772,0.002638026,0.001706419,0.008128656,0.006976136,0.004621017,0.006558216,0.006906685,0.007946111,0.001413421,0.001547973,0.003678916,334.275634,466.598677,0,10,16,10,21,15,11,249.0782142
448,205,13,11,blind_batch2_0049.tif,mpfc,3367,20271,820,639,733,406,785.8859519,518.5645976,3367,1.32445165945683e-11,774772.2055,-8340255.079,7.38964445190504e-11,-1381455.195,19960634.05,-985139788.1,9103815.7,-79069536.1,2815400520,-63568294716,45.5088685,12593,0.969977951,65.47516741,-28,0.166099354,0.021973739,0.871382103,0.599177788,0.142535697,0.089460504,0.009882195,0.057137571,0.002096023,2770.111464,163.8320781,230.1075751,410.2926031,410.2926031,2703.835967,210.5273935,232.3101375,13,2.783396461,1.414213562,67.86423784,51.19876219,NA,NA,0.068342018,-0.012678607,NA,-0.121857025,0.030343561,-0.025808842,0.803040085,-0.120199151,0.07375829,-0.028700513,0.237619133,-0.178582647,0.061022385,-0.039266089,-9.175857813,1387.632647,0.267370762,3367,178067,10192015,612623291,379005,18662585,1021101555,59549990639,51766361,2347637845,1.20654e+11,6.7103e+12,0.079435917,0.013127632,0.040549001,0.013726095,0.019416476,0.004645307,0.012207564,0.014383102,0.005098898,0.017630453,0.008357732,0.002410017,0.001014657,0.008590324,0.006107383,0.002787609,0.012217987,0.008327519,0.005088715,0.001348688,0.004003239,0.004157669,0.007091638,0.002502052,0.001863294,0.006868273,0.006900929,0.00568959,0.002982442,0.00087589,785.8859519,518.5645976,0,11,17,11,49,52,4,738.6488533
449,206,13,12,blind_batch2_0049.tif,mpfc,2989,29862,765,628,576,470,653.5623954,554.4861158,2989,2.04636307898909e-12,4972523.613,173686933.4,-1.56E-11,-1396125.161,-176940956.8,-12384385257,2940480.674,65131068.69,11966696516,8.32544e+11,62.52778413,18921,0.779518068,61.69046117,-19,0.100093765,0.01599289,0.885705968,0.1494122,1.047368427,0.421022732,0.240097945,0.143356005,-0.143243351,1901.36972,746.0054176,1663.607766,467.0877085,467.0877085,983.7673716,174.4187935,217.0921463,13.45362405,2.456765841,1,138.4589811,109.252399,NA,NA,0.556576703,0.355592309,NA,-0.156268889,-0.362254329,-0.463763653,0.329129265,0.133343981,0.448122275,0.570251407,-0.064318099,-0.261860672,-0.455352334,-0.755072509,-63.02251187,1532.513852,0.157972623,2989,231834,22954124,2725425462,252529,18190629,1545790197,1.51507e+11,24275675,1712104189,1.37111e+11,1.23113e+13,0.080351051,0.020513663,0.03394714,0.013076055,0.023286582,0.003474397,0.007593887,0.015028655,0.003139476,0.015028696,0.002386163,0.004819504,0.00359543,0.012222389,0.00164782,0.004080516,0.005120206,0.007008063,0.004443052,0.000851243,0.007169792,0.00767201,0.003906814,0.002661361,0.001348439,0.001489039,0.005659681,0.001057375,0.001484986,0.002393403,653.5623954,554.4861158,0,12,21,12,49,47,7,771.2346429
450,207,13,13,blind_batch2_0049.tif,mpfc,1620,13392,173,642,49,534,86.33888889,585.0537037,1620,-2.25E-12,1113326.95,31133555.55,-5.84E-12,-414144.4833,-5184468.845,-515049765.1,653184.3278,-313365.3092,412641831.6,6712459422,24.11877167,7626,0.835606371,45.4163854,-16,0.120967742,0.041461481,0.673110531,0.13035166,0.123906985,0.085465796,0.008282882,0.018230263,0.002957378,837.6639249,252.7751355,687.238858,255.6447428,255.6447428,403.2002023,115.7696972,125.1319304,8.544003745,2.1877333,1.414213562,75.73161063,63.59561437,NA,NA,0.424221517,0.294741429,NA,-0.157805397,-0.049081376,-0.121144625,0.248889014,-0.00296663,0.097057301,0.03922646,0.030825898,-0.112541827,-0.036537522,-0.06402851,-59.52682856,700.7127702,0.212431157,1620,60489,3371919,240178047,82707,2674043,136037095,9433990613,4875683,139452001,6401458593,4.22889e+11,0.126449042,0.047101978,0.023734832,0.025508989,0.027759479,0.010290176,0.008579059,0.018075604,0.00397459,0.016238914,0.011609502,0.005661566,0.003027721,0.016499437,0.008459177,0.003939573,0.007940995,0.010861593,0.002592647,0.000893346,0.00154738,0.009264318,0.007810587,0.004086979,0.004058917,0.001588541,0.011407305,0.008303965,0.001919004,0.004121293,86.33888889,585.0537037,0,13,22,13,19,17,4,302.1909127
451,208,13,14,blind_batch2_0049.tif,mpfc,3038,28764,566,669,362,528,447.5075708,601.9726794,3038,-9.75E-11,6363107.326,281591004.9,-2.24E-11,-2037387.872,-149841463.6,-16619754840,2478058.732,52310909.33,10363281835,7.84616e+11,55.0122114,16964,0.882101332,62.19406513,-15,0.105618134,0.018177782,0.957930517,0.372111045,0.81927898,0.524993155,0.344266817,0.319565144,-0.005286788,2381.700207,528.4927024,2094.505374,670.6345858,670.6345858,815.6875353,195.2106639,212.0023585,12.04159458,2.444028121,1.414213562,116.002815,91.95587658,NA,NA,0.689435607,0.553540439,NA,-0.220748712,-0.294552411,-0.592735999,0.26849491,0.102830713,0.369601734,0.507691778,-0.012319005,-0.199707751,-0.273599871,-0.593599081,-66.81728977,1449.200144,0.179085121,3038,259772,28575580,3813207134,224729,17178643,1615546579,1.82326e+11,19101865,1384242903,1.20076e+11,1.22483e+13,0.084861363,0.021616206,0.030563208,0.018701256,0.021545516,0.003021309,0.006150741,0.014525713,0.004618368,0.010595529,0.006621162,0.004382932,0.00230307,0.00724032,0.004013641,0.002391118,0.003492459,0.009004717,0.002758384,0.00466003,0.000949564,0.0055031,0.00384412,0.001428878,0.002142121,0.002404468,0.009353913,0.004311949,0.005276566,0.002913717,447.5075708,601.9726794,0,14,24,14,36,31,7,714.9798077
452,209,13,15,blind_batch2_0049.tif,mpfc,974,2898,208,764,139,722,171.5195072,741.0205339,974,2.67874611381558e-12,239909.1294,1834801.886,4.50484094471904e-12,-44145.39014,-304522.9684,-22884270.59,64347.58932,-31901.29609,21042542.78,239339998.9,8.97412593,2014,0.885913248,35.21555504,-8,0.336093858,0.111431465,0.320717209,0.042908567,0.005488432,0.003743747,1.66272445251962e-05,0.000747308,3.39387329305458e-06,257.0683268,55.31023451,246.3132745,45.32380918,45.32380918,66.06528678,64.13340181,69.23149572,11.18033989,3.163524501,2,33.45758317,29.74834033,NA,NA,0.252888372,0.061971468,NA,-0.046533685,-0.010285435,-0.024766247,0.067828837,-0.001077484,0.022773058,0.008299634,0.004313007,-0.012763737,-0.001962836,-0.007608005,-76.65097359,331.4213562,0.483614697,974,31674,1269932,58735818,18526,558311,20979089,924539855,416722,11840355,425646517,18324920151,0.250182086,0.042167732,0.109938544,0.040062392,0.038566765,0.018906561,0.041053881,0.032361344,0.002440802,0.022209841,0.022176982,0.005131349,0.027323167,0.008568574,0.004984371,0.003688584,0.008476673,0.007607825,0.006645009,0.010971807,0.015593941,0.005284814,0.007601239,0.004103983,0.003505657,0.003607602,0.002070554,0.008477837,0.007562915,0.006359953,171.5195072,741.0205339,0,15,25,15,15,10,5,119.6396115
453,210,13,16,blind_batch2_0049.tif,mpfc,2949,23691,685,849,536,690,616.9986436,768.5452696,2949,3.13491455017356e-11,2215711.995,-35945273.88,3.94209109799704e-11,-318967.8189,35604208.35,-1025857262,2887707.207,54908742.95,3651740636,84575841800,49.17412226,14993,0.554366079,61.27628756,-12,0.12447765,0.020335899,0.586829176,0.011351707,0.224089163,0.010242789,0.000340714,-4.98E-06,0.000353163,1022.379321,708.1799196,751.3435044,108.1613492,108.1613492,979.2157364,127.8986675,176.2413118,11.04536102,2.500121346,1.414213562,143.0911232,106.4466003,NA,NA,0.254779079,-0.076112303,NA,-0.036677297,0.075390114,-0.040000242,0.332050097,0.116266492,0.142388727,0.060727391,0.017509993,0.026086225,0.061665104,0.033814485,-21.75529265,1349.928066,0.19669179,2949,238865,21563453,2069604503,231630,18442748,1677639516,1.63905e+11,21081148,1712346310,1.62001e+11,1.65671e+13,0.105359702,0.010956907,0.062150874,0.002793787,0.015276375,0.00979739,0.032751491,0.007987241,0.002527806,0.014328031,0.008703978,0.001750159,0.017064195,0.009002185,0.003143595,0.003800037,0.012032775,0.003678996,0.001508268,0.00206619,0.006675178,0.005006424,0.003718592,0.004128011,0.001224116,0.008310677,0.002095506,0.002507251,0.002932328,0.001668138,616.9986436,768.5452696,0,16,26,16,33,31,10,585.5828351
454,211,13,17,blind_batch2_0049.tif,mpfc,2017,15587,423,841,280,732,340.314824,802.9152206,2017,-1.01E-11,1644351.087,12054586.52,-2.80E-11,77695.8349,18985916.98,-75790151.31,1176524.503,-10996766.7,653484474.9,-14438012418,29.98324332,9424,0.545449909,50.67666289,-11,0.129402707,0.033351962,0.693381318,0.014682415,0.299789363,0.005397125,0.000165521,-0.000645316,0.000140476,821.4760271,577.0740916,815.2459528,-38.52049326,-38.52049326,583.304166,114.6456124,145.4166428,10.04987562,2.507502006,1.414213562,105.1571228,96.08946595,NA,NA,0.404187384,0.065976242,NA,0.019097914,0.10391227,-0.009236237,0.289193935,-0.060186663,0.079637493,-0.039177504,-0.177148912,0.044857783,-0.007581939,0.000323959,80.8128771,871.7604974,0.214028014,2017,121655,8981951,752156873,143036,8704887,665315375,57546921069,11319954,682783901,52799025389,4.62127e+12,0.107039115,0.013231452,0.053926776,0.004701814,0.011362974,0.011397637,0.023715156,0.005376731,0.005787301,0.016299029,0.011589226,0.007294292,0.004691897,0.009380466,0.002303823,0.002470001,0.014351195,0.010669854,0.006476253,0.002206886,0.005941887,0.011131419,0.002163576,0.000670852,0.003974848,0.00561744,0.007471798,0.00446664,0.002440557,0.002415912,340.314824,802.9152206,0,17,27,17,22,23,5,412.646759
455,212,13,18,blind_batch2_0049.tif,mpfc,1732,11790,178,910,88,779,129.7453811,849.5023095,1732,1.07007736005471e-11,646878.713,3883674.302,-1.64E-11,117175.5185,1384032.507,138237615.4,910624.9908,-16349217.11,545620346,-11755310349,16.3777607,6552,0.607768949,46.96009893,-2,0.146904156,0.061058408,0.519198361,0.013833013,0.187241997,0.011748113,-0.00029883,-6.23E-05,-0.000462931,551.4793564,347.7722047,373.4865549,-67.65330166,-67.65330166,525.7650062,93.93439041,130.0961183,12.64911064,3.154946136,2,86.25741164,74.59460621,NA,NA,0.215638888,0.031108071,NA,0.039060798,0.011086043,0.026606183,0.303559472,-0.130956555,0.105013926,-0.054364637,-0.053257048,0.04816267,-0.026504854,0.019229991,20.81130183,597.0437226,0.264346764,1732,72303,3665195,210897033,122110,5214704,269571818,15792893582,9519662,397574990,20560279320,1.21594e+12,0.123070648,0.030394827,0.058730073,0.008861989,0.028972242,0.011097965,0.027152116,0.010078119,0.008338057,0.020074159,0.006916433,0.007309949,0.012982607,0.009473588,0.006841202,0.004813522,0.013100997,0.004005236,0.004656394,0.002901152,0.004395775,0.011191334,0.008511524,0.00645383,0.004225315,0.005179613,0.006953268,0.002501091,0.00325526,0.005154577,129.7453811,849.5023095,0,18,28,18,9,7,3,170.994952
456,213,13,19,blind_batch2_0049.tif,mpfc,1978,20825,559,926,440,751,481.8761375,855.8690597,1978,1.27613475342514e-11,957482.6537,29652239.31,-2.71E-12,-93451.08038,5463775.915,27499141.62,2368837.086,-3337357.779,307353762.7,1720200906,25.57331443,12131,0.774237112,50.18433839,-3,0.094981993,0.039103261,0.850181046,0.132408926,0.534057109,0.346327401,0.067973629,0.116648434,0.132529299,1200.706744,480.951365,484.0660534,47.24523781,47.24523781,1197.592056,138.6048625,175.7868027,12.16552506,2.737993795,2,109.3553019,87.72241355,NA,NA,0.244725002,0.170408706,NA,-0.023885358,0.03139982,0.003553369,0.605456044,-0.01917949,0.039715467,0.004997895,-0.600132732,-0.064609818,-0.029537141,-0.007380778,-3.771822162,797.2813127,0.163053334,1978,82831,4426125,295192609,207431,8592958,461800602,31178845462,24121931,987195688,52362653972,3.48974e+12,0.081501175,0.017370749,0.038613654,0.011013034,0.0240395,0.005644829,0.010758341,0.00996282,0.005256237,0.01591865,0.009748039,0.002033262,0.002505903,0.012207733,0.003332738,0.003213442,0.005976303,0.00956543,0.004099482,0.001736724,0.002503124,0.009125572,0.006745576,0.001881949,0.002606144,0.002014797,0.007319709,0.004486431,0.002560897,0.001275164,481.8761375,855.8690597,0,19,29,19,16,13,4,291.3624856
457,214,13,20,blind_batch2_0049.tif,mpfc,807,3416,986,948,925,892,948.6332094,917.8723668,807,-1.14E-12,205919.43,2387903.745,-2.42E-13,-52330.77943,-375265.8593,-32306791.34,75299.85378,-238941.1915,23303762.13,260814855.9,6.928587151,2045,0.863845665,32.05470812,0,0.236241218,0.144329569,0.431815302,0.066054815,0.036432473,0.01358847,0.000221407,0.002320992,0.000205889,277.9415393,70.53340965,255.1665799,64.84607116,64.84607116,93.308369,66.68631515,66.85057965,7.211102551,2.52737587,2,36.53074883,33.59366837,NA,NA,0.316191549,0.129072279,NA,-0.080354487,-0.020284076,-0.061471417,0.115623753,-0.01291538,0.044340995,0.017469278,0.030084294,-0.037120435,-0.002382139,-0.02072369,-70.64792349,265.0721138,0.394621027,807,19072,656652,27639772,20879,441107,14140387,568508609,615489,11599197,346208249,13422454743,0.229918172,0.045202832,0.068719178,0.046824109,0.042344117,0.003679243,0.022419639,0.043808813,0.010652764,0.025881344,0.009184133,0.009843604,0.018654601,0.024777163,0.013292723,0.006551694,0.015631287,0.010384092,0.002315005,0.008253587,0.009663405,0.003542185,0.015087635,0.001625889,0.003041053,0.007928262,0.016227004,0.007194799,0.004374717,0.003610798,948.6332094,917.8723668,0,20,30,20,2,1,1,37.04163092
458,215,14,1,blind_batch2_0053.tif,mpfc,1476,5166,1002,74,920,11,954.2743902,43.5901084,1476,6.24567064733128e-12,531763.872,6211842.052,-6.93E-12,65730.0061,2115505.749,49564658.37,264975.0156,-828508.2491,68089905.03,231903942.4,27.14439212,3389,0.737325621,43.35091196,-16,0.285714286,0.036840022,0.365715443,0.018637679,0.017317967,0.004551203,3.90583663287977e-05,0.000613864,1.03454525632531e-05,370.6496722,169.1463221,360.273626,-44.53252446,-44.53252446,179.5223683,77.00905632,81.05553652,10,2.336435882,1.414213562,57.33491483,52.02250622,NA,NA,0.244087822,0.074217191,NA,0.030171087,0.025275416,0.015413918,0.121627621,-0.009898763,0.021175012,0.00187718,-0.004919992,0.003672385,0.00369781,0.001295497,76.88413055,709.5584412,0.435526704,1476,50589,2265671,120318099,48103,1714431,80459681,4419913341,1832657,66268989,3160547711,1.75281e+11,0.28117446,0.071347655,0.063598956,0.041629695,0.024194558,0.024640789,0.014531159,0.030141984,0.011564471,0.011310842,0.021732619,0.009843292,0.003540302,0.004799427,0.00795138,0.00687041,0.001307135,0.009819797,0.005913296,0.00726336,0.006322664,0.007186304,0.008000633,0.00357595,0.005854954,0.005541866,0.002211917,0.010821737,0.005615876,0.001654156,954.2743902,43.5901084,0,1,1,1,33,33,7,355.8893982
459,216,14,2,blind_batch2_0053.tif,mpfc,6677,52845,670,342,475,71,574.0593081,208.6065598,6677,5.99982286075829e-11,12213372.51,94889795.86,9.35074240260292e-11,10484002.8,74510001.57,47067416739,21352549.43,-81703309.21,65237891505,1.10315e+11,195.3968097,31098,0.900301879,92.20314767,-106,0.126350648,0.005117791,0.752897453,0.263225,0.015968749,2.45385843109598e-05,-1.52E-08,-1.19E-05,-2.26E-09,4226.380855,800.715438,1829.170663,-1570.166662,-1570.166662,3197.92563,260.0424844,313.3384751,12.20655562,1.65176965,1,151.1601263,113.1876628,NA,NA,0.273950975,0.026047502,NA,0.235160501,0.020453194,0.158116151,0.478946477,-0.022427776,0.219157222,0.004535251,-0.023834934,0.304761075,-0.003379366,0.232976487,33.22469822,4049.061325,0.214708341,6677,661419,77733081,10214771475,918799,101499596,12848167990,1.78346e+12,147785319,17443143252,2.32264e+12,3.35257e+14,0.086576023,0.005379662,0.050467498,0.012130178,0.004164766,0.002801548,0.026241835,0.009572835,0.004817588,0.003533144,0.003886165,0.002102505,0.011198024,0.006353591,0.00187284,0.00320301,0.003318969,0.004481635,0.002303852,0.001563122,0.002715572,0.005045327,0.001190697,0.001765078,0.002223903,0.00283491,0.004540269,0.001360067,0.001557946,0.001193869,574.0593081,208.6065598,0,2,3,2,148,139,22,2132.863299
460,217,14,3,blind_batch2_0053.tif,mpfc,7140,63756,925,402,694,126,788.6781513,258.087395,7140,-8.92E-12,18814798.39,289912081.5,2.11457518162206e-11,-938714.1664,-12163448.1,-14417061352,26864007.47,-664026150.7,57346014459,-2.71E+12,229.5139783,40990,0.553568531,95.34637041,-146,0.11198946,0.004357033,0.896021268,0.026285732,0.290833313,0.015590194,0.000631636,0.000653596,0.000838499,3777.595568,2619.996289,2635.125825,131.4725723,131.4725723,3762.466032,245.8485898,275.0454508,7.615773106,1.408524303,1,226.019548,204.7435973,NA,NA,0.369065242,0.067300886,NA,-0.018413526,-0.002823652,-0.039607927,0.526956027,-0.154148624,0.157546444,-0.08798389,0.092532428,-0.024094064,0.027848059,-0.022539865,-6.564579348,4537.938526,0.174188827,7140,676002,82817418,11693612766,943104,88352629,10749222109,1.50146e+12,151436158,13425684705,1.56717e+12,2.11154e+14,0.104358088,0.008634107,0.041628742,0.005241504,0.009468393,0.009207375,0.001452076,0.004880686,0.003726761,0.008283537,0.005582286,0.002186183,0.007501289,0.000436767,0.003985507,0.003101407,0.007404047,0.002419661,0.002714896,0.00215363,0.00871028,0.004185618,0.001733762,0.003184335,0.001452681,0.005003609,0.003503831,0.0015023,0.004319273,0.00095886,788.6781513,258.087395,0,3,4,3,192,208,16,2697.303999
461,218,14,4,blind_batch2_0053.tif,mpfc,4237,32436,541,387,337,228,435.4581072,292.8869483,4237,-7.50E-11,10391931.81,-76093497.18,2.70006239588838e-11,5065131.433,15636424.09,30673941878,4911806.848,51560840.66,20446661243,5.73182e+11,110.5624096,17878,0.926734324,73.44873008,-89,0.130626464,0.009044665,0.852472961,0.411610532,0.040262524,0.008366289,-7.59E-05,-0.004394163,0.000133489,3165.127482,446.8004531,2452.662689,-1195.452309,-1195.452309,1159.265246,225.0378629,252.8003165,10.81665383,1.742635434,1,102.6823906,84.55061945,NA,NA,0.578867758,-0.06511805,NA,0.282145931,0.013381084,0.403268406,0.273605203,0.044123894,0.268810983,0.11576791,0.075644388,0.191412586,0.120070664,0.327123766,59.20593436,2426.263202,0.23699519,4237,417167,51465405,7037432735,274926,32133825,4352476005,6.39234e+11,22750916,2948894809,4.26367e+11,6.61263e+13,0.084373936,0.011670819,0.043059549,0.014271744,0.01255079,0.004723892,0.017853104,0.008715945,0.007440882,0.01269461,0.006383823,0.002082929,0.009197603,0.003061619,0.00720242,0.004546167,0.009597372,0.004791457,0.003016537,0.001101325,0.001391958,0.006260879,0.000423595,0.005823199,0.002927163,0.005873128,0.004037288,0.001314262,0.00199389,0.000571775,435.4581072,292.8869483,0,4,5,4,98,104,14,1349.587026
462,219,14,5,blind_batch2_0053.tif,mpfc,4405,29050,734,533,568,358,654.2719637,447.5552781,4405,-2.28E-11,4755840.188,5556936.028,-2.67E-11,-747927.2232,18455623.29,-2390064686,7164469.79,62574968.27,5196284382,1.13266e+11,126.160341,19661,0.619922744,74.89072169,-59,0.151635112,0.007926421,0.614321512,0.021351212,0.024252471,0.002860004,-2.38E-05,-0.000276005,2.10942957256169e-07,1674.873621,1031.212639,1079.6459,169.790516,169.790516,1626.440361,163.7008795,177.1157813,9.433981132,1.556170096,1,153.4421715,128.4499989,NA,NA,0.24509555,0.004314899,NA,-0.038544953,0.014330586,-0.027962237,0.369225962,0.048588765,0.060793224,0.019965835,-0.022154031,0.000363409,0.01534522,0.004561078,-15.92095992,2642.647978,0.224047607,4405,380028,37541602,4064936004,394491,33285586,3251453930,3.49723e+11,42493221,3594586926,3.50598e+11,3.74934e+13,0.164040538,0.010756875,0.058841612,0.011725709,0.012942531,0.009390907,0.000868538,0.007890629,0.008359445,0.013688649,0.004050613,0.003940026,0.005402623,0.006405597,0.006450775,0.003070239,0.010432187,0.007741538,0.003388128,0.004621779,0.005927091,0.009209197,0.003174853,0.003058784,0.000917283,0.002186408,0.002435469,0.004334309,0.003963735,0.00010712,654.2719637,447.5552781,0,5,6,5,92,97,19,1408.285514
463,220,14,6,blind_batch2_0053.tif,mpfc,6025,55728,1023,589,765,373,888.7073859,474.6298755,6025,0,18011939.12,347093520.4,8.73114913702011e-11,6733603.471,153086089.3,45355695557,10104414.62,25749632.77,26761101626,1.12026e+12,185.5131442,33430,0.845100839,87.58577657,-76,0.108114413,0.005390454,0.774541864,0.18508618,0.042414096,0.018733972,0.000502671,0.006983289,-0.000161837,3629.334371,1037.280359,2989.533464,-1117.610535,-1117.610535,1677.081265,240.9758285,266.2573943,9,1.520463188,1,154.0206251,128.8273486,NA,NA,0.496188127,0.12318388,NA,0.185495524,0.054330425,0.207377043,0.278353737,0.009138574,0.122358131,0.065988376,-0.019334136,0.098161539,0.019706232,0.098506322,60.21006447,3747.751622,0.180227341,6025,745337,110215631,18438000923,612320,82482110,13020279914,2.28516e+12,72334420,10342722206,1.69589e+12,3.05406e+14,0.107153938,0.008592013,0.049898033,0.016178329,0.008793386,0.001386218,0.016059253,0.013052301,0.004698227,0.007120306,0.005091898,0.003269862,0.002805911,0.009216567,0.00262781,0.001960255,0.004813462,0.006166602,0.001954471,0.003455658,0.001838475,0.009674926,0.002447098,0.003001001,0.000606286,0.001291235,0.005012443,0.001466914,0.001669544,0.003447716,888.7073859,474.6298755,0,6,7,6,153,173,16,2435.130335
464,221,14,7,blind_batch2_0053.tif,mpfc,4140,43215,406,660,205,445,293.586715,565.8567633,4140,7.50333128962666e-11,10544283.87,197191385.1,1.11981535155792e-10,9900490.922,69674817.13,50758380830,12247668.06,-73170047.51,50914361593,1.85377e+11,105.0255142,20970,0.965200604,72.60311092,-58,0.095800069,0.009521496,1.329783188,1.344541404,0.327984849,0.044204583,-0.003973574,-0.044280306,0.00354137,5152.90649,352.3959083,2546.928471,-2391.422928,-2391.422928,2958.373928,287.1349924,277.4166542,10.04987562,1.799312765,1,103.0919277,75.08884427,NA,NA,0.615200114,0.178808057,NA,0.577638388,0.063179325,0.71533049,0.714583074,-0.06634871,0.717528704,0.040602669,-0.240823572,0.824584795,-0.159133919,1.061591811,42.54161083,2337.504797,0.197424893,4140,366749,43033373,5877543473,500347,54224588,7024652926,1.0127e+12,72717987,8761760116,1.20346e+12,1.79442e+14,0.068492876,0.010636737,0.025992289,0.015803373,0.013854353,0.004063611,0.007575052,0.008126553,0.007929556,0.012690229,0.005468874,0.002150032,0.004416146,0.003012428,0.005803539,0.004599726,0.01047316,0.004967786,0.002813924,0.00149269,0.001065604,0.003814189,0.002904117,0.004117162,0.002765762,0.008099313,0.003110751,0.002132326,0.00220357,0.001120977,293.586715,565.8567633,0,7,8,7,126,134,11,1662.393164
465,222,14,8,blind_batch2_0053.tif,mpfc,8288,66048,961,707,703,451,805.109556,600.1480454,8288,-7.86E-10,26632006.52,574116652,-2.98E-10,6311330.575,-21844100.97,35251960608,25067549.35,-832999891.5,69400390190,-3.45E+12,268.8211903,40600,0.628404514,102.7258942,-152,0.125484496,0.003719945,0.752640055,0.034286523,0.246771616,0.009214794,0.000437777,0.001185907,3.79150926578513e-05,3886.269138,2351.611638,3213.32125,-761.5022412,-761.5022412,3024.559526,249.3597927,302.0347662,10,1.408948517,1,211.7659035,193.973674,NA,NA,0.38770768,0.091806998,NA,0.091880097,-0.00349309,0.061920442,0.364932375,-0.133205019,0.12190252,-0.066599974,-0.083115211,0.101038444,-0.058378565,0.056045753,48.53261488,5291.28986,0.204137931,8288,846284,113045690,17555926586,1236139,132532935,18127593925,2.84441e+12,209435265,22434987263,3.05332e+12,4.76381e+14,0.107434249,0.020774443,0.044842364,0.005796768,0.014372569,0.006929385,0.00847126,0.010560902,0.004826896,0.004749445,0.002390195,0.002481276,0.004555145,0.009861366,0.003296871,0.001187503,0.005067854,0.004077355,0.006158768,0.002955191,0.005625151,0.004139067,0.000772358,0.001851074,0.000486474,0.005023502,0.00249848,0.0066092,0.003053135,0.000877762,805.109556,600.1480454,0,8,9,8,191,229,11,2915.926368
466,223,14,9,blind_batch2_0053.tif,mpfc,5395,32912,791,774,604,598,687.1037998,694.7126969,5395,4.61284344055457e-11,8253141.872,272408952.2,-7.92E-11,4068012.89,147501029.6,19934438957,8167780.68,-2199389.255,14749849928,6.13527e+11,112.5997874,22093,0.814032883,82.88019874,-84,0.163921974,0.008881011,0.564176062,0.07814598,0.068757821,0.018331913,0.000650014,0.003470318,3.27363427671883e-05,2275.940326,767.7895265,1529.776065,-754.0338999,-754.0338999,1513.953787,190.8272654,224.1428116,14.2126704,2.073954947,1,127.0885819,110.836061,NA,NA,0.283554414,0.127421512,NA,0.13976532,0.068994811,0.126949113,0.280621647,-0.001028782,0.093931932,0.053194105,-0.020448019,0.070521878,0.031999777,0.062395047,45.30055562,2762.927199,0.244194994,5395,448345,45512315,5426390167,521765,47428667,5225254415,6.65793e+11,58629081,5656957017,6.55797e+11,8.69594e+13,0.136726261,0.014775652,0.067265562,0.017708955,0.019458317,0.008181485,0.019680366,0.014546969,0.0050137,0.015226247,0.013698868,0.003599031,0.011106303,0.001609276,0.006325089,0.001721187,0.007907815,0.011401214,0.006572169,0.001124789,0.011980322,0.004051449,0.004222029,0.001260345,0.002234239,0.003948983,0.00594348,0.006022935,0.000971435,0.000946826,687.1037998,694.7126969,0,9,12,9,113,126,15,1604.138332
469,226,14,12,blind_batch2_0053.tif,mpfc,2185,17250,256,997,106,882,180.4453089,929.194508,2185,-3.09E-11,2043697.714,22766283.56,1.01181285572238e-11,1012690.744,28813217.7,3343379785,1165720.334,31554872.6,2504460450,1.16126e+11,45.56337457,8303,0.902794011,52.74493725,-30,0.126666667,0.021947453,0.672238541,0.213792238,0.205625115,0.098190896,0.013255986,0.044489658,-0.004352553,1239.567181,229.2740312,935.3307617,-463.4740246,-463.4740246,533.5104504,140.8299503,176.7088,9.055385138,2.076237472,1,83.0179129,60.56718995,NA,NA,0.428068999,0.102014883,NA,0.212116258,0.129110974,0.320502476,0.244169543,0.141396229,0.24008214,0.238149762,0.068226114,0.164201343,0.193626208,0.310167016,56.71806242,1118.506709,0.263157895,2185,162663,14153195,1380692673,103120,8689491,847546443,91776830205,6032418,576226977,62138586325,7.26854e+12,0.089093333,0.019467027,0.047059261,0.010608298,0.025114328,0.003415963,0.016891605,0.011496738,0.005650422,0.01866482,0.0060686,0.002337635,0.003167386,0.009762045,0.004806767,0.003024801,0.010501569,0.006582808,0.004851436,0.00165767,0.0020105,0.005973482,0.003067608,0.002455129,0.002047387,0.005591425,0.005725483,0.004307297,0.004140989,0.000808496,180.4453089,929.194508,0,12,16,12,40,31,17,501.9848531
470,227,15,1,blind_batch2_0064.tif,mpfc,4617,27084,343,309,221,87,285.6974226,194.7526532,4617,3.31965566147119e-11,2728416.299,-18732587.51,-1.84E-10,-46211.54343,77851108.35,-642257137.6,12736957.53,39898242.81,6537980053,21351388103,98.50088507,18148,0.886457996,76.67168303,-67,0.17046965,0.010152193,0.72550544,0.220464719,0.068097894,0.000988162,3.85303364379872e-06,0.000266971,7.13176372880223e-06,2758.754796,590.9038197,590.9500323,10.00899793,10.00899793,2758.708583,210.0953991,221.2735863,10.19803903,1.781670514,1,118.7167547,97.23405327,NA,NA,0.127994376,-0.012932964,NA,-0.002167857,0.053748347,-0.006525733,0.597511064,0.027545717,0.066429956,0.003192762,-0.081580508,0.015183662,0.02936907,0.000548749,-0.264539166,2390.589104,0.254408199,4617,298708,22054054,1761150868,497494,32140368,2448254406,2.03656e+11,66343256,4322177078,3.36565e+11,2.86816e+13,0.119366134,0.012700606,0.05171289,0.019781159,0.012238532,0.008867997,0.015367894,0.013099711,0.008364877,0.005368999,0.009808289,0.003131872,0.008011847,0.006285842,0.008947618,0.005565401,0.007004644,0.006016427,0.003205533,0.001517292,0.00905493,0.005620944,0.007704444,0.007210381,0.002655303,0.001278931,0.001729042,0.003417393,0.002486176,0.000896194,285.6974226,194.7526532,0,1,2,1,93,94,13,1240.077359
475,232,15,6,blind_batch2_0064.tif,mpfc,5248,35941,974,682,847,399,902.742378,551.3153582,5248,-3.37E-11,3569463.695,58769170.34,1.86162196769146e-10,-62405.63567,62303978.28,235872071.4,25555235.08,-451326787.8,17130852276,-3.94E+11,136.1809425,23415,0.927540555,81.74326352,-102,0.146017084,0.007343171,1.057483962,0.637267992,0.64679477,0.104469373,0.017164091,0.021133561,-0.021043894,4869.552633,680.1232014,680.1569541,11.89131777,11.89131777,4869.51888,279.1287196,283.9242857,8.602325267,1.586054332,1,121.5776033,104.3166872,NA,NA,0.129603078,0.029455405,NA,-0.002265876,0.031227068,0.001631906,0.927880884,-0.226207263,0.118521596,-0.037660312,-0.28766045,0.04820631,0.017492699,-0.016287219,-0.162629779,2996.815547,0.224129831,5248,292536,19876116,1564651932,799351,44495320,3082784430,2.48394e+11,147308669,7740998056,5.24206e+11,4.2058e+13,0.082889374,0.019401493,0.028155843,0.014027046,0.021979724,0.00315877,0.003165982,0.005043734,0.009170559,0.013635848,0.004904012,0.00165566,0.000770651,0.006923678,0.006325895,0.006257829,0.007004772,0.003174056,0.003739167,0.001675315,0.004387749,0.00339763,0.001953698,0.006767415,0.003552464,0.003508492,0.002503169,0.003272854,0.004487959,0.001004869,902.742378,551.3153582,0,6,8,6,121,132,8,1675.464232
477,234,15,8,blind_batch2_0064.tif,mpfc,4917,28485,603,850,468,639,533.7925564,753.9890177,4917,2.07194261747645e-11,3803578.408,26506261.47,1.16244791570352e-11,-1999947.202,-5147645.961,-3854112271,9846803.407,-87101911.96,7851520043,-20897707658,125.8699078,19839,0.832816181,79.12344053,-84,0.172617167,0.007944711,0.564604562,0.089850728,0.030820166,0.0045097,4.9559663663732e-05,-0.000183815,-1.92E-05,2125.018418,651.1422116,773.5567231,406.7413467,406.7413467,2002.603906,184.3916882,210.3425777,12,1.739954069,1,132.7269529,102.0699534,NA,NA,0.157322905,0.015635003,NA,-0.082721445,-0.003036394,-0.032420801,0.407281657,-0.051377997,0.066047003,-0.002506963,-0.053815502,-0.033858209,-0.010799385,-0.020321607,-16.74990452,2788.79116,0.247845153,4917,323502,25087602,2177578026,565401,35199230,2616487786,2.19556e+11,74861709,4378297374,3.09028e+11,2.49021e+13,0.141499838,0.032253573,0.055766962,0.011946838,0.030407202,0.00750457,0.007609655,0.005574478,0.006521182,0.015080831,0.007401414,0.003394534,0.001946796,0.003241114,0.007382776,0.007169743,0.007509097,0.00168141,0.005176753,0.002337693,0.005612119,0.001435942,0.005883976,0.0093479,0.002424999,0.002728601,0.00517818,0.003214757,0.00410074,0.000765769,533.7925564,753.9890177,0,8,11,8,107,118,26,1429.457087
479,236,15,10,blind_batch2_0064.tif,mpfc,4295,24336,472,909,355,701,409.6281723,797.5438882,4295,1.42605927067052e-11,2369433.191,8112864.523,5.02495822729543e-11,344144.5895,-12883414.83,1625272629,8378969.477,-147898.9714,4803006131,43151662722,104.5265678,17731,0.848655977,73.94973864,-67,0.176487508,0.009566946,0.582663203,0.107519982,0.003236871,0.000234529,2.28188943347238e-08,5.49188254611026e-05,-2.03E-07,1955.439626,547.0988301,551.6724543,-80.12679616,-80.12679616,1950.866002,176.8814123,209.7736876,10.29563014,1.7442971,1,108.498476,93.56057547,NA,NA,0.128445275,0.006710676,NA,0.018655831,-0.010656708,0.020513356,0.454217928,-0.000122337,0.060621075,0.008310486,0.024481422,-0.020077554,-0.00064022,0.015375715,3.266888664,2375.198231,0.242231121,4295,234628,15186732,1096611886,414656,22996044,1490902722,1.08466e+11,48411472,2710932448,1.76115e+11,1.29172e+13,0.12427142,0.011176741,0.065723049,0.016140197,0.008228548,0.003679533,0.027179464,0.013786106,0.003690499,0.008047591,0.00623199,0.000733785,0.014549941,0.004817803,0.001716963,0.004497228,0.010407917,0.004484459,0.001737844,0.000393669,0.006145509,0.003269385,0.004064231,0.005496748,0.003936097,0.008178868,0.002850545,0.00162384,0.00113343,0.000559347,409.6281723,797.5438882,0,10,13,10,95,97,14,1262.604269
481,238,15,12,blind_batch2_0064.tif,mpfc,3680,22113,389,987,272,798,312.4888587,890.0184783,3680,-2.59E-11,1792277.543,45295613.68,-3.00E-11,-1909656.242,-43133165.3,-3429036830,6877272.743,19692888.06,4468239541,1.66024e+11,79.57651092,13106,0.919946122,68.45086942,-68,0.166417944,0.012566522,0.640178276,0.220529304,0.0535497,0.006689926,-9.46E-05,-0.003114967,8.42024282289144e-05,2042.002106,313.8539506,487.0319411,518.9283267,518.9283267,1868.824115,180.7540696,193.5458602,10.44030651,1.862462584,1,88.67725502,70.86369458,NA,NA,0.132345636,0.055136171,NA,-0.141013132,-0.052503926,-0.068806377,0.50783264,0.023971205,0.089658814,0.054916603,0.073287305,-0.140450554,-0.05161096,-0.07091388,-18.45500756,1918.321031,0.280787426,3680,148999,7825077,507258595,338628,11801005,522278909,28617117679,38037306,1208332673,47197726977,2.23354e+12,0.12486898,0.011261681,0.06022769,0.021940484,0.019001865,0.003683305,0.024182664,0.015793409,0.006983899,0.016043505,0.009688484,0.004602872,0.011526939,0.006212079,0.004992144,0.002039405,0.010410378,0.009321234,0.006492036,0.003778544,0.001686195,0.008744705,0.003525486,0.002242303,0.000574439,0.008377394,0.004173534,0.007020655,0.003928851,0.003071671,312.4888587,890.0184783,0,12,16,12,73,86,15,1032.839764
482,239,16,1,blind_batch2_0066.tif,mpfc,826,2624,752,77,711,13,734.2288136,49.40799031,826,-1.53E-12,53093.75424,-150728.6079,2.81374923361e-12,67156.88983,-529854.1953,12024227.62,186175.5073,-954005.6619,23113547.92,-275323804.4,3.32900481,1387,0.939589751,32.42986068,1,0.314786585,0.300390074,0.350692772,0.07680108,0.019439414,0.011304313,0.000167525,0.002966825,4.06308187497591e-06,259.2908371,30.38139232,64.27815283,-81.30374071,-81.30374071,225.3940766,64.41004109,68.54195795,10.44030651,3.655996557,3,29.61598874,22.04772726,NA,NA,0.077818587,-0.0076868,NA,0.098430679,-0.027021301,0.021336199,0.272874185,-0.048652015,0.041013466,-0.016998617,-0.063146601,0.074780174,-0.032723689,0.021040643,22.6319944,185.8883476,0.595529921,826,19187,498785,13902065,30073,765717,20749855,589955919,1281073,33693895,929009569,26655024961,0.223860337,0.065412238,0.075209913,0.051684471,0.048077261,0.022889967,0.008152183,0.03384235,0.021100223,0.024896444,0.022768315,0.012405353,0.004430898,0.007236122,0.015527395,0.008331833,0.016145295,0.011660866,0.016680278,0.005291152,0.002490399,0.001549564,0.004803485,0.002755396,0.004628941,0.010727869,0.005655007,0.007439525,0.006833035,0.002587599,734.2288136,49.40799031,0,1,1,1,2,0,2,10.65685439
483,240,16,2,blind_batch2_0066.tif,mpfc,1009,4680,555,283,483,218,515.308226,236.39445,1009,1.81898940354586e-12,240089.1417,772968.3309,7.38964445190504e-13,-24727.67393,-639930.539,4964773.37,156439.0089,-1347592.294,21641314.77,-261958245.6,7.196772421,2572,0.627424002,35.84269383,-2,0.215598291,0.138951177,0.389485857,0.009110735,0.046908591,0.006417742,0.00011093,-0.000340577,-9.69E-06,244.6502263,148.3410033,237.9476132,24.50710995,24.50710995,155.0436164,62.56519496,72.18032973,9,3.037571676,2.236067977,56.8424127,48.71812858,NA,NA,0.235825187,0.023901975,NA,-0.024288513,-0.019788138,0.004833102,0.15366067,-0.041670682,0.021067361,-0.008028104,0.097903532,-0.033184812,0.008938873,-0.002411962,-74.70385771,302.0782105,0.392301711,1009,32599,1293305,58071067,18560,574913,21551889,933691217,497840,13827031,453132131,17592225187,0.200463221,0.042714682,0.084471547,0.005045708,0.04692338,0.022774966,0.007571106,0.017732474,0.00579898,0.028207401,0.019900882,0.006452849,0.013580965,0.022974928,0.009245212,0.007570909,0.010938833,0.005169434,0.008549401,0.001886474,0.01320452,0.014137823,0.012460198,0.006723475,0.005038289,0.008566107,0.006236807,0.004885399,0.000943824,0.003396136,515.308226,236.39445,0,2,3,2,6,4,2,57.11269915
484,241,16,3,blind_batch2_0066.tif,mpfc,1279,3658,751,429,689,370,711.1767005,389.8006255,1279,-1.85E-12,234794.0657,1775750.224,-2.86E-12,-20542.94136,-653954.188,-30955667.74,179352.1595,677343.9139,35820826.82,432142588.1,6.627994851,2644,0.53446215,40.35434769,-1,0.349644615,0.150875193,0.25317022,0.001779483,0.003708132,0.002014997,-5.07E-06,1.71363711282726e-05,2.16378450605141e-06,188.8789752,134.9257357,183.5762828,16.06172116,16.06172116,140.2284281,54.973299,68.81860214,13.60147051,3.980590838,3,52.54347313,46.46301508,NA,NA,0.143531105,0.030353272,NA,-0.012558031,-0.011178177,-0.014795462,0.109639115,0.011577982,0.017120797,0.005775375,0.027202133,0.007041034,0.001979866,-0.00105673,-71.72963294,326.3858223,0.483736762,1279,28364,863814,31346210,25325,541082,15538954,515901830,680803,14961782,430760790,13911413198,0.34179145,0.109812931,0.085847903,0.041057354,0.05687352,0.035798816,0.009153306,0.018508928,0.001454292,0.01365184,0.019272506,0.009560251,0.014416651,0.008980986,0.006214167,0.010873343,0.013624341,0.009415356,0.007981405,0.004613664,0.003357348,0.009492502,0.000826197,0.007248384,0.004226529,0.002700057,0.008196897,0.002338753,0.004683327,0.002723829,711.1767005,389.8006255,0,3,4,3,7,3,4,64.84062088
485,242,16,4,blind_batch2_0066.tif,mpfc,1010,3485,314,523,273,438,288.9188119,485.5544554,1010,-6.54E-13,60099.34257,95664.5982,5.61328761250479e-13,-50329.53465,-142023.4195,-7963750.907,292339.505,535029.6721,12958089.25,75797571.55,8.55043754,2025,0.914319719,35.86045092,-6,0.289813486,0.116953079,0.34549441,0.06156784,0.0053828,0.005887737,3.30356240365083e-05,0.001453071,2.6986078534648e-06,299.7796586,49.1696954,59.50429958,49.83122243,49.83122243,289.4450544,69.25658479,84.14867795,9.899494937,2.876181109,2.236067977,30.32329862,28.0484425,NA,NA,0.058915148,0.002950855,NA,-0.049337844,-0.004380831,-0.007729538,0.286579262,0.016503438,0.012576994,0.002314891,-0.069843608,-0.030934965,-0.00418584,-0.002851342,-11.71659637,329.4274529,0.498765432,1010,16078,316042,7040098,48030,714251,13284809,281779937,2576380,36761151,652871545,13159780521,0.181608804,0.028526298,0.10105026,0.029185382,0.029457565,0.00745425,0.042915962,0.029991646,0.010871906,0.015263021,0.01057235,0.003684072,0.016216419,0.018214783,0.009638442,0.006398623,0.008703802,0.004178683,0.00626111,0.002242382,0.002966857,0.010201473,0.001474929,0.006389947,0.004341623,0.00863692,0.002843263,0.003621229,0.004085764,0.001577962,288.9188119,485.5544554,0,4,5,4,9,5,5,88.9116894
486,243,16,5,blind_batch2_0066.tif,mpfc,1005,2940,655,519,595,470,618.60199,501.6995025,1005,-4.40E-12,132842.796,312979.6287,-3.27E-13,-3223.199005,-331103.9604,-5131227.068,92641.24975,-284441.8679,15187612.38,-75476363.79,4.736620264,1998,0.55308194,35.7715773,-3,0.341836735,0.211120999,0.223246005,0.001624976,0.001544033,0.000709563,-3.46E-07,-2.79E-05,6.5707828803513e-07,132.4373921,91.92484252,132.1818866,3.207163189,3.207163189,92.18034801,46.03257839,63.3245608,13.03840481,4.324507182,3.16227766,44.60963118,38.35097757,NA,NA,0.131524265,0.009774643,NA,-0.003191207,-0.010340683,-0.005055022,0.091721739,-0.008883383,0.014962057,-0.002345469,-0.016282035,0.007187097,-0.005671302,0.001897099,-85.44502997,244.5807358,0.503003003,1005,23720,692682,22932362,31858,748689,21474423,692982615,1102524,25532971,718776681,22633187593,0.294782253,0.06374665,0.146301117,0.011455135,0.06441409,0.010387191,0.028983923,0.012837865,0.009164933,0.026463197,0.00363032,0.011080262,0.010473693,0.006028769,0.006853795,0.001576535,0.006412817,0.007446267,0.012686124,0.0032918,0.007499127,0.013297129,0.001622898,0.001813834,0.005120066,0.002903643,0.009462663,0.005670392,0.00327284,0.004278836,618.60199,501.6995025,0,5,6,5,6,3,4,51.69848531
487,244,16,6,blind_batch2_0066.tif,mpfc,2183,16830,1006,579,904,414,958.7833257,519.4379295,2183,6.80699940858176e-12,976896.5131,-4687769.685,-6.39E-12,1019529.141,-19207661.11,1492060812,2127313.339,-40948316.84,2534795570,-79777198536,21.92636452,8025,0.927297247,52.72079216,-8,0.129708853,0.045607196,0.651393771,0.241358221,0.286579275,0.214684226,0.053141064,0.104428718,0.003410094,1247.230846,174.7617566,447.5018383,-467.0312142,-467.0312142,974.4907647,141.2646224,172.9768771,11.18033989,2.837727086,2,60.32236437,52.87899494,NA,NA,0.204993971,-0.02105387,NA,0.213940089,-0.086266096,0.143425151,0.446399801,-0.183908463,0.243658593,-0.164131034,-0.32927532,0.434890508,-0.316934729,0.335321557,30.28436598,775.5594872,0.272024922,2183,119592,7528544,514786188,230171,13629062,886292824,61792743566,26396067,1620110102,1.07635e+11,7.62554e+12,0.092834315,0.026005609,0.042991601,0.018820788,0.028080042,0.006275347,0.01541092,0.015723224,0.006741889,0.018834782,0.008725478,0.00272501,0.002124605,0.011282247,0.001855474,0.003673771,0.010017023,0.007616437,0.002566029,0.001904982,0.004157154,0.007474421,0.003282006,0.002336559,0.002026107,0.005164576,0.005841008,0.002730685,0.001697814,0.001404873,958.7833257,519.4379295,0,6,7,6,14,10,4,232.4924271
488,245,16,7,blind_batch2_0066.tif,mpfc,660,1222,480,604,454,557,467.1848485,582.0378788,660,4.9737991503207e-14,23035.44848,-14948.37186,2.33058017329313e-12,13073.37879,-20176.59761,1120480.926,90022.05303,71670.97736,3687638.793,3194895.625,3.734362907,1015,0.881778466,28.98858568,0,0.5400982,0.267783294,0.25954431,0.027251278,0.000674142,0.000558487,3.30751881786064e-07,6.39370277816727e-05,-8.96E-08,140.1258944,31.17335037,34.90219467,-19.80814968,-19.80814968,136.39705,47.34991351,47.07440918,9.219544457,3.203857112,2.828427125,24.51936992,22.33323993,NA,NA,0.052882113,-0.001335777,NA,0.030012348,-0.001802968,0.003897379,0.206662197,0.006404474,0.012826748,0.000432567,-0.021279401,0.010536316,-0.00261664,0.001442341,10.66105067,175.9888527,0.650246305,660,8702,137770,2408966,16525,230953,3774033,67455841,503773,7368501,123847221,2260504053,0.375375003,0.057782883,0.12799964,0.069466179,0.049480028,0.022141202,0.027241653,0.03308682,0.016976986,0.022240838,0.009934664,0.018959407,0.017133346,0.009794207,0.012115326,0.003618506,0.007484016,0.006328028,0.012262641,0.011116718,0.005216252,0.004600179,0.004500483,0.007771906,0.005287553,0.008714168,0.010598936,0.005421161,0.009342718,0.003506056,467.1848485,582.0378788,0,7,8,7,1,0,2,1
489,246,16,8,blind_batch2_0066.tif,mpfc,1405,6844,676,706,617,590,642.5608541,653.2733096,1405,1.67688085639384e-12,229950.047,734302.8541,1.17950094136177e-11,73691.63203,-71517.85415,50315790.82,833235.0491,-1056866.412,139060047.9,985102980.6,23.33560832,4751,0.85876011,42.29540827,-15,0.205289305,0.042852965,0.538587453,0.098972779,0.00363856,0.001113321,1.75338242768468e-06,0.000350162,1.39522851686342e-06,599.3637598,157.3516111,163.6655139,-52.44956016,-52.44956016,593.049857,97.92762714,115.4339638,6,1.82933742,1.414213562,49.72882536,50.1759482,NA,NA,0.11648791,0.009923946,NA,0.037330648,-0.000966549,0.018141589,0.422099542,-0.014283324,0.050138738,0.00947577,-0.032113918,0.029505501,0.014669581,0.014640942,6.864262386,641.8782464,0.295727215,1405,35913,1147917,41831481,88899,2346026,76328232,2836088756,6458169,173344876,5692811962,2.14917e+11,0.131385498,0.011590628,0.070924598,0.018068085,0.006505701,0.003128256,0.037796092,0.010426945,0.005363397,0.002340126,0.009065347,0.004432974,0.018247132,0.002811843,0.003768436,0.003488625,0.004854045,0.011101635,0.000592344,0.005935419,0.00523876,0.001038038,0.004348402,0.003806417,0.003310602,0.006797044,0.010483041,0.003065667,0.00386749,0.004578011,642.5608541,653.2733096,0,8,9,8,15,9,6,193.1370879
490,247,16,9,blind_batch2_0066.tif,mpfc,808,3000,328,733,268,683,296.4764851,713.4492574,808,-1.01E-12,97557.55322,7777.414632,-2.23E-12,71226.03589,-475576.1666,23396124.72,101621.9196,-749319.6919,24487293.47,-395879132.3,4.014463483,1363,0.913317765,32.07456238,-1,0.269333333,0.249099289,0.305085704,0.047648089,0.015896415,0.006359765,6.1710162077782e-05,0.001223163,1.67602558261388e-05,211.4415309,35.06771759,120.7395461,-88.15103452,-88.15103452,125.7697024,58.1641169,67.60177512,9.899494937,3.662341774,2.828427125,26.65294841,23.68720079,NA,NA,0.149430131,0.00041909,NA,0.109097815,-0.025626641,0.044351657,0.155655572,-0.040377437,0.046420168,-0.02640115,-0.043388544,0.053109002,-0.031700886,0.028761833,44.18285541,201.8944443,0.592809978,808,23009,752773,27000299,24603,771833,26502337,978180725,850765,27815037,980231561,36756034149,0.225115438,0.086511616,0.061479628,0.044891531,0.058354738,0.029535693,0.001208842,0.02772656,0.007301936,0.026353009,0.02481774,0.011652,0.001006551,0.014486449,0.005041695,0.005688199,0.011912178,0.01236195,0.010109898,0.002372885,0.006699655,0.004556293,0.00971683,0.002865595,0.007251507,0.005143783,0.004596083,0.005447717,0.00260647,0.002369274,296.4764851,713.4492574,0,9,10,9,3,1,2,15.07106799
491,248,16,10,blind_batch2_0066.tif,mpfc,1132,5016,469,864,431,732,451.3418728,790.684629,1132,-6.54E-13,56806.69523,17631.77817,1.87583282240666e-12,-51218.95141,-216449.3574,-6113052.649,1016854.413,-5018098.294,68917534.8,-613927197.5,12.32080725,3266,0.973116988,37.96455142,-11,0.225677831,0.081163513,0.837865615,0.567696831,0.306171023,0.180590374,0.042015922,0.122723385,0.006154576,900.6883672,47.77550896,50.18259296,45.24642351,45.24642351,898.2812832,120.0458824,131.2440475,10.29563014,2.844163948,2,34.70141252,27.64793199,NA,NA,0.044330913,0.000408959,NA,-0.039970339,-0.005020422,-0.004214236,0.793534702,-0.116391991,0.047510593,-0.012579239,0.413845948,-0.088320471,0.015855689,-0.005867559,-3.0452322,418.646753,0.346601347,1132,23027,525219,13012679,66431,1300112,28522054,680740286,4915333,88957450,1824346628,41005436332,0.083675307,0.015793031,0.040854244,0.015951024,0.022684532,0.004625648,0.008721598,0.018117912,0.005750509,0.017104082,0.01174511,0.001430197,0.008999181,0.014440359,0.004455567,0.004000702,0.008113848,0.015471743,0.003959646,0.000640371,0.009476007,0.004843189,0.004591953,0.002246316,0.003134585,0.0051496,0.012889613,0.006435529,0.001558664,0.000449808,451.3418728,790.684629,0,10,11,10,20,18,5,199.622369
492,249,16,11,blind_batch2_0066.tif,mpfc,1053,2736,85,824,28,776,59.10826211,796.7787274,1053,8.38440428196918e-13,201569.6581,-1215656.405,-3.41E-13,102632.2251,-222764.798,38403952.16,116711.4435,209935.3807,27738884.13,-10919964.42,4.976806729,1470,0.90666527,36.61586051,-4,0.384868421,0.200932054,0.287047726,0.040126979,0.003345537,0.00078518,9.79999771924644e-07,3.90884004284474e-05,-8.12E-07,256.5976311,45.66362401,191.4241768,-97.46650054,-97.46650054,110.8370783,64.07466034,66.03786792,11.66190379,3.682443458,2.828427125,27.14724028,27.02994606,NA,NA,0.181789342,-0.033786244,NA,0.092560779,-0.006191211,0.03289204,0.105258384,0.005834649,0.023757671,-0.000288219,0.008163116,0.020667372,0.001622459,0.006963187,56.23032603,256.6223664,0.716326531,1053,32757,1220583,49295523,21880,783281,31524817,1339871705,571350,22248775,936842515,41098833943,0.306850438,0.038464765,0.127926815,0.054783537,0.050143129,0.004972651,0.017374937,0.039221841,0.021157079,0.036915948,0.008738093,0.004215993,0.005206054,0.005576346,0.016615258,0.010005205,0.010873417,0.003089846,0.002768715,0.004520531,0.005213275,0.004890614,0.002833303,0.007583609,0.005257208,0.004365119,0.008190275,0.005076271,0.005348307,0.003783893,59.10826211,796.7787274,0,11,12,11,5,3,2,32.97056299
493,250,16,12,blind_batch2_0066.tif,mpfc,1247,6552,731,853,668,749,706.8003208,804.8275862,1247,-2.79E-12,290631.2799,-2538061.981,-7.25E-12,408942.069,-4658229.111,191142490.7,800177.931,-7269270.178,290334531.8,-5831791016,11.42134052,2736,0.968551801,39.84632621,-8,0.190323565,0.087555397,0.701480963,0.384016503,0.129692844,0.098674525,0.011161015,0.059978158,-0.000188431,823.7505013,50.99625966,233.0643784,-327.9407129,-327.9407129,641.6823825,114.804216,108.78419,12.16552506,3.068766,2,30.97348657,28.56466619,NA,NA,0.186900063,-0.046220654,NA,0.262983731,-0.084831024,0.098572979,0.5145809,-0.132380701,0.149726727,-0.085166611,-0.173579659,0.260736595,-0.129003057,0.113012501,29.03842494,423.0548699,0.455774854,1247,48384,2167946,104132112,69617,3110104,148107130,7309308382,4686727,220237738,10710922104,5.33444e+11,0.134166783,0.013424639,0.052141436,0.036333506,0.027144687,0.002991683,0.004824082,0.037674366,0.014246039,0.022196465,0.003693342,0.004401101,0.00511268,0.021963011,0.01853313,0.006249968,0.00450495,0.010996585,0.003956295,0.003610734,0.004455338,0.010649114,0.012246548,0.009876538,0.002572496,0.000184968,0.006146211,0.001494448,0.00493611,0.002558729,706.8003208,804.8275862,0,12,13,12,20,19,3,179.7228739
494,251,16,13,blind_batch2_0066.tif,mpfc,1986,7520,349,899,269,805,304.572004,848.2215509,1986,4.68958205601666e-13,576172.2034,2398463.85,-7.10E-12,-126598.6818,-2633534.496,-180956680.5,847116.5176,8549845.272,290456783.1,5704463531,14.66560175,5213,0.642953951,50.28572099,-22,0.264095745,0.068186769,0.360856489,0.008839914,0.024518785,0.004448944,-4.00E-05,-0.00041821,-2.36E-05,451.693163,264.9678244,290.1169202,63.7455598,63.7455598,426.5440673,85.0122968,95.8018789,13.15294644,3.570037382,2.236067977,69.46194828,65.11132921,NA,NA,0.146081027,0.013645362,NA,-0.032097462,-0.014982728,-0.023101325,0.214775462,0.048641857,0.037080347,0.016341332,0.038841619,0.001223155,-0.003586115,-0.004893308,-21.53037947,604.9848481,0.38097065,1986,70646,3089192,153278414,85838,2926831,121879397,5682352225,4557168,159713861,6735346671,3.12147e+11,0.275364042,0.063977028,0.073828299,0.00802699,0.057703282,0.024873244,0.014262843,0.008960741,0.008096999,0.027659972,0.024954449,0.019888159,0.002936569,0.012283111,0.006678413,0.009670735,0.019652721,0.01290625,0.018541251,0.002550914,0.001337424,0.002153647,0.011366968,0.012608347,0.002686786,0.011313947,0.012664189,0.008323532,0.002328665,0.000523945,304.572004,848.2215509,0,13,14,13,17,16,3,209.793942
495,252,16,14,blind_batch2_0066.tif,mpfc,1684,5904,384,968,312,886,355.1033254,936.6205463,1684,-8.80E-12,407808.0214,-4039618.658,1.70530256582424e-11,336350.0249,-5020987.935,255610101.8,657462.5291,-5272881.132,270383655.9,-6791040082,9.126762607,3791,0.897189293,46.30480961,-6,0.285230352,0.109567877,0.375643386,0.064019853,0.012542574,0.021940555,0.000347615,0.005536245,0.000107878,529.3357899,103.2476724,242.1662835,-199.7327939,-199.7327939,390.4171788,92.02919449,94.17536833,17.72004515,4.999489793,3.605551275,55.65608682,40.64434473,NA,NA,0.143804206,-0.034712441,NA,0.118606172,-0.043145346,0.053524393,0.23183918,-0.045309864,0.056617954,-0.034652852,-0.081502101,0.059330701,-0.03807803,0.033764146,34.8194741,439.4751801,0.444209971,1684,72586,3536506,183551314,85245,4010693,202994487,10772524829,4972611,243115633,12526623927,6.71716e+11,0.241756161,0.067748435,0.065838744,0.065402057,0.035851221,0.027281255,0.000384852,0.047219504,0.020939728,0.011005382,0.017202792,0.010396846,0.009825058,0.012486043,0.013525167,0.008854412,0.010873706,0.000663828,0.007829995,0.002455654,0.006503111,0.008015963,0.002892866,0.006011893,0.00162122,0.005608776,0.003133751,0.006695001,0.005504655,0.001469141,355.1033254,936.6205463,0,14,17,14,13,12,4,152.7523108
496,253,16,15,blind_batch2_0066.tif,mpfc,745,2059,191,989,120,960,165.1946309,973.8966443,745,-2.74E-12,156532.7785,-1814200.827,-3.87E-13,20555.98658,-371805.1867,10438036.35,25993.04161,7213.559641,3776799.603,-40249141.99,3.423404775,1241,0.9257548,30.79875746,1,0.361826129,0.292106854,0.328860538,0.060803928,0.020790232,0.014629054,0.00025444,0.003605906,-1.87E-05,214.353286,30.64781489,210.1111121,-27.59192829,-27.59192829,34.88998874,58.5632357,70.11419257,10.77032961,3.712381566,3,23.63928887,22.14418746,NA,NA,0.282028338,-0.119755282,NA,0.037036145,-0.024542837,0.025243524,0.0468322,0.000476167,0.009133876,-0.003566233,0.004504215,0.003486924,-0.001048796,0.001405296,81.25939232,179.0243866,0.600322321,745,33670,1678236,88181938,10353,488456,24808084,1311420446,169865,8255518,422923838,22334789128,0.192954325,0.060070409,0.078621293,0.046522465,0.038949754,0.019522543,0.019755601,0.042734458,0.016619768,0.005903825,0.020676967,0.007833022,0.013877366,0.020751593,0.013969057,0.008928105,0.002086668,0.009344969,0.007522469,0.004658271,0.011494314,0.01149578,0.004862138,0.005420861,0.006257327,0.00145911,0.003432676,0.004614895,0.003296933,0.003373932,165.1946309,973.8966443,0,15,18,15,2,1,1,22.72792244
497,254,17,1,blind_batch2_0067.tif,mpfc,3910,32732,554,268,387,72,471.8941176,172.7938619,3910,4.30304680776317e-11,5282932.165,60845324.51,-6.12E-11,514154.6588,66500860.48,2906530457,5825161.853,-41994830.83,4865111086,-13675095491,104.8762683,21026,0.435291951,70.5575412,-44,0.119454968,0.009535046,0.726584338,0.005782126,0.123623228,0.000585511,-4.75E-06,-4.40E-05,-1.50E-06,1569.131146,1271.813616,1351.133546,-131.4973552,-131.4973552,1489.811216,158.4490402,200.6838309,8.062257748,1.716501017,1,152.3058564,142.6499837,NA,NA,0.345558452,0.063648082,NA,0.033631037,0.069564132,0.04862332,0.381025886,-0.043929266,0.081388396,-0.003658573,-0.083588368,-0.040762298,0.054128101,-0.011680104,31.09861165,2270.031709,0.18596024,3910,331936,33462346,3798581392,394104,33971266,3526597354,4.13833e+11,45548426,3928445872,4.10678e+11,4.87138e+13,0.123225865,0.014096424,0.050737223,0.003492949,0.00259005,0.01112734,0.021098549,0.00486265,0.013194943,0.005892077,0.004004674,0.00054728,0.011243693,0.007071809,0.009639995,0.002924541,0.004200363,0.005036471,0.00091569,0.005496411,0.007044649,0.006002707,0.004655406,0.003218793,0.002861241,0.004391281,0.003740401,0.003192861,0.003592858,0.003338791,471.8941176,172.7938619,0,1,2,1,101,98,10,1347.645904
498,255,17,2,blind_batch2_0067.tif,mpfc,6222,43392,769,323,577,97,659.8097075,219.7184185,6222,-6.67E-11,10108352.69,172413346.3,-1.70E-10,5944614.608,90089057.68,25485923526,17177064.67,-25639288.55,30747426916,5.67048e+11,157.6055222,28312,0.820244178,89.0061596,-94,0.143390487,0.006344955,0.704807615,0.127656046,0.00874569,0.007553339,-4.71E-05,0.002673217,3.93861480089194e-05,3304.185255,1081.127725,1624.614705,-955.4186126,-955.4186126,2760.698275,229.9281716,237.4531533,11.04536102,1.737758698,1,151.4284091,131.5220271,NA,NA,0.261108117,0.056460649,NA,0.153554904,0.029501699,0.105806014,0.443699498,-0.008396165,0.127649394,0.029844524,0.042907863,0.111775301,0.013530449,0.070087366,29.6332521,3510.392278,0.21976547,6222,515242,52775392,6216867580,763554,69174298,7551145294,9.33085e+11,110879204,10615262568,1.20283e+12,1.52821e+14,0.139720077,0.016087237,0.049577163,0.02146528,0.0162725,0.004450158,0.015777836,0.008882057,0.005789438,0.013438594,0.008422998,0.005787578,0.007284813,0.005915744,0.005964735,0.006614768,0.002032169,0.006164696,0.002169537,0.00542345,0.002558145,0.003432031,0.00711438,0.004296457,0.00368867,0.001732002,0.003717168,0.004684885,0.003715472,0.001130543,659.8097075,219.7184185,0,2,3,2,140,147,16,1957.809473
499,256,17,3,blind_batch2_0067.tif,mpfc,2058,16300,852,322,752,159,811.5646259,235.1992225,2058,-8.26E-12,1064455.905,-12911782.41,7.84439180279151e-12,-1073081.497,27322342.78,-1517280194,2594944.319,-45719266.71,2305361125,-87200315279,41.47390505,8087,0.915114108,51.18912954,-18,0.126257669,0.024111547,0.864010797,0.387350373,0.490236221,0.183314056,0.050272016,0.091822881,0.022195165,1529.490764,248.6434559,517.2283308,521.4195805,521.4195805,1260.905889,156.4348178,170.4171353,10.77032961,2.187180599,1.414213562,63.45944939,63.07372903,NA,NA,0.25132572,-0.067200542,NA,-0.253362284,0.142201609,-0.174072304,0.612685077,-0.237950066,0.264486101,-0.220525725,0.158126816,-0.429266851,0.35294398,-0.357058915,-27.25313895,1035.654942,0.254482503,2058,122584,8366126,612221218,156818,8267724,536979244,38594134746,14544354,657073786,39323962342,2.71345e+12,0.090137749,0.022268901,0.035127206,0.016699092,0.023750385,0.004528344,0.003886259,0.01632429,0.006039157,0.011916516,0.011269455,0.000615312,0.007843878,0.010209205,0.00039961,0.005546246,0.003517951,0.011050648,0.003765404,0.00103026,0.011854683,0.003108381,0.005538353,0.005864175,0.003823565,0.004893264,0.005387389,0.005430118,0.001593145,0.000748095,811.5646259,235.1992225,0,3,5,3,38,38,7,490.8132816
500,257,17,4,blind_batch2_0067.tif,mpfc,3106,29520,366,392,202,212,261.189311,301.9233741,3106,-1.44E-11,3407456.685,67298213.72,-1.09E-11,-243046.944,-1126895.16,942731758.2,4719787.763,8658553.38,3178467855,29591955180,101.1242584,17838,0.542031413,62.88626262,-53,0.105216802,0.009888824,0.842442794,0.021043491,0.005938888,0.020155257,0.000205566,-0.002488448,-7.98E-05,1533.597662,1083.029656,1097.056241,78.25078686,78.25078686,1519.571076,156.6447018,190.4363411,6.08276253,1.495603546,1,133.221455,131.6376636,NA,NA,0.353205487,0.125169901,NA,-0.025193428,-0.002095945,0.031461816,0.489237307,0.016104295,0.106075105,0.017720198,-0.011934701,-0.160410192,-0.032724327,-0.040924636,-10.16243879,1986.704761,0.174122659,3106,183842,14288938,1316420636,279302,16288646,1255011060,1.16565e+11,29835566,1730893946,1.30905e+11,1.19827e+13,0.108039421,0.010564841,0.044187968,0.004321257,0.013197235,0.002988301,0.00849371,0.010765773,0.009924617,0.008660602,0.003336417,0.001549247,0.004346648,0.013654363,0.007996706,0.004941594,0.006724454,0.005666675,0.001650748,0.002847859,0.006013782,0.004555932,0.007516669,0.003884199,0.003716929,0.002918503,0.007649535,0.001750967,0.002141989,0.002489225,261.189311,301.9233741,0,4,7,4,87,90,9,1149.780895
501,258,17,5,blind_batch2_0067.tif,mpfc,1436,9207,613,320,514,227,553.560585,282.4707521,1436,8.25650658953236e-12,829899.7291,9658154.109,1.74793512996985e-12,-802201.9554,-11203113.77,-1030489579,1017937.772,12542736.5,1002234417,30550948462,28.76521707,4897,0.965857057,42.75946663,-15,0.155968285,0.034764208,0.896096739,0.613669564,0.204597954,0.168881977,0.031333288,0.131949058,0.001926848,1205.85758,80.93733682,577.9246024,558.6364592,558.6364592,708.8703145,138.9018405,128.724512,7.615773106,1.898963176,1.414213562,56.46917621,35.98607215,NA,NA,0.402454459,0.123597029,NA,-0.389022604,-0.143368139,-0.348000834,0.49364228,0.160511517,0.338458942,0.272260199,-0.153556618,-0.34677818,-0.260800623,-0.409370203,-41.65768116,720.4701295,0.29324076,1436,56809,3077297,197060461,79656,2349036,96025708,4804563036,5436516,138616998,4772123882,1.98082e+11,0.110342305,0.027797894,0.027784581,0.036852402,0.004858552,0.014230543,0.002149575,0.0255475,0.017847643,0.009712158,0.007892538,0.007634802,0.007260471,0.010587764,0.01477053,0.01043442,0.006654203,0.001333785,0.004398173,0.004614853,0.004648036,0.006501008,0.007809798,0.009264713,0.006624362,0.003102754,0.006158668,0.000919745,0.002689259,0.002985297,553.560585,282.4707521,0,5,8,5,25,21,8,287.9482716
502,259,17,6,blind_batch2_0067.tif,mpfc,3446,30144,488,421,331,229,406.5803831,324.5310505,3446,3.24007487506606e-12,5220641.234,-42154948.78,-1.93E-11,4227484.899,-42680598.71,12746681253,6447830.178,-34717604.27,14340745076,-2.10E+11,96.03358325,18349,0.91945299,66.23883658,-57,0.114317941,0.010413024,0.98261507,0.517627317,0.039910566,0.016519639,0.000388369,0.009561206,-0.000170569,2932.680884,453.4106461,1514.985848,-1226.780296,-1226.780296,1871.105681,216.6169295,227.7476674,8.246211251,1.67141498,1,110.901172,85.17376555,NA,NA,0.439636056,-0.060472843,NA,0.356001247,-0.061226907,0.311495163,0.542979014,-0.049803695,0.350449865,-0.087314147,-0.00479373,0.449688834,-0.08631795,0.409101432,40.87076344,2039.267207,0.18780315,3446,260450,24905552,2629372340,329200,29108547,2975602803,3.26703e+11,37896652,3637238017,3.87158e+11,4.36552e+13,0.084589706,0.004215477,0.039992341,0.016220508,0.005509378,0.000344648,0.016090034,0.012219026,0.006638783,0.006609583,0.001121379,0.000166048,0.007423288,0.005734725,0.003448422,0.004977237,0.007859162,0.002742596,0.001147607,0.000345512,0.000541508,0.005974455,0.005171947,0.003590595,0.003926338,0.007870678,0.003416069,0.001587252,0.000314963,0.000400674,406.5803831,324.5310505,0,6,9,6,77,79,8,1104.366679
504,261,17,8,blind_batch2_0067.tif,mpfc,2565,23715,427,518,272,365,336.1789474,428.6838207,2565,7.19069248589221e-12,2169156.863,36417945.56,-8.01E-12,-762193.8737,-26902475.27,-1181118303,3281914.579,-10719492.77,2353754252,2344326689,82.99381421,14202,0.71719554,57.1476984,-30,0.108159393,0.012049091,0.828527895,0.082289219,0.226821317,0.017300049,-0.000743233,-0.002893836,-0.00078869,1430.486227,694.6878244,845.6751903,297.1516077,297.1516077,1279.498861,151.2870769,166.5172664,7.071067812,1.460246892,1,126.1903483,105.427725,NA,NA,0.32969793,0.109294176,NA,-0.11584858,-0.080737225,-0.069989242,0.498829965,-0.032170352,0.139475848,0.002742915,0.187282824,-0.162785423,-0.027229337,-0.063852711,-26.9358338,1635.578823,0.180608365,2565,164619,12734231,1132115895,163349,9721373,686228407,56318343395,13684603,770465087,50253799945,3.77233e+12,0.106778106,0.014808313,0.043411104,0.008497934,0.015769945,0.006303913,0.008861072,0.005519114,0.006429705,0.011770319,0.007461506,0.002493864,0.0046861,0.004614502,0.003540912,0.004156941,0.008924173,0.009139847,0.004644259,0.000687565,0.004063294,0.003949678,0.004127253,0.006377291,0.003709257,0.0063592,0.003448876,0.001106093,0.003128869,0.001170116,336.1789474,428.6838207,0,8,11,8,68,60,14,856.6021754
505,262,17,9,blind_batch2_0067.tif,mpfc,1413,7998,506,634,444,505,467.0728946,563.7360226,1413,-2.44E-12,147079.4919,769148.5723,2.63753463514149e-11,89122.18967,1147995.593,57723082.93,1885906.536,4282243.993,232251143.3,2947831540,26.121491,5781,0.961565997,42.41565132,-11,0.176669167,0.038282654,1.018239805,0.766450072,0.158891887,0.185895082,0.031900931,0.159124695,-0.001745792,1337.906926,100.8659182,104.0902278,-63.07302878,-63.07302878,1334.682616,146.3096402,128.0351514,9.219544457,2.279385087,1.414213562,55.21118768,40.17281035,NA,NA,0.07366612,0.010248371,NA,0.044637671,0.015296244,0.02046082,0.944573684,0.057057929,0.082324931,0.027797459,0.410573388,0.03160898,0.054611027,0.030030107,2.926427653,681.0437226,0.24442138,1413,32602,899302,28305748,82994,2004034,58082032,1942087738,6760644,170739236,5154331794,1.79516e+11,0.109747299,0.014436294,0.028891384,0.032574927,0.020420198,0.013029742,3.27699586424806e-05,0.026366537,0.009156749,0.011349199,0.013256639,0.006877653,0.001993926,0.014330582,0.009174571,0.003268066,0.004064629,0.013044938,0.008844558,0.003074589,0.006280625,0.00977002,0.007896576,0.002438741,0.002449864,0.002873376,0.007545901,0.007872244,0.004682872,0.002473251,467.0728946,563.7360226,0,9,12,9,27,21,8,305.5634962
506,263,17,10,blind_batch2_0067.tif,mpfc,1341,7650,112,710,10,635,55.10589113,668.699478,1341,-1.53E-12,662392.9635,5899119.797,4.15667500419659e-12,-89333.32588,4868903.389,-143007738.9,340729.8896,-589724.3554,234578896.1,-414379555.4,31.65734733,5496,0.732622301,41.32086918,-12,0.175294118,0.031588244,0.557823195,0.041866626,0.059141888,0.013264998,9.41594687931378e-05,-0.001364896,0.000359413,511.2137089,236.8271957,493.9544843,66.61694696,66.61694696,254.0864203,90.44014232,108.4665847,8.544003745,1.975689843,1,68.13771471,61.55676349,NA,NA,0.368347863,0.089580869,NA,-0.049677067,0.073936555,-0.059302528,0.189475332,-0.008955238,0.097275306,-0.004692428,0.008310061,-0.039217561,0.03092467,-0.040982282,-75.47508385,730.392965,0.243995633,1341,60487,3390713,218595901,45191,1949047,111075243,7337151643,1863643,77450581,4510283745,3.05264e+11,0.143525915,0.012653866,0.069094694,0.012386234,0.023423594,0.007923347,0.026695316,0.010928856,0.005581577,0.021646764,0.013822356,0.003880231,0.008124973,0.013680746,0.002192839,0.001752797,0.01205632,0.008235776,0.008112108,0.003734552,0.004284442,0.009319977,0.002529235,0.002831223,0.002317085,0.005156113,0.004640015,0.0073962,0.004517245,0.002854094,55.10589113,668.699478,0,10,13,10,25,17,14,284.4213613
507,264,17,11,blind_batch2_0067.tif,mpfc,3739,42449,1009,765,782,578,903.5306232,678.7317465,3739,-4.00E-11,8305203.244,-136434258.2,8.07176547823474e-12,-4087242.785,36888386.98,-24453450836,5092101.942,-8941177.721,16692728343,-4.40E+11,101.2815734,22302,0.889932474,68.99741051,-56,0.088082169,0.009873464,0.958311104,0.394723398,0.045692739,0.028922915,0.000653859,0.00695988,0.000823411,2966.113679,617.0115375,2221.236492,1093.137947,1093.137947,1361.888725,217.8481555,248.3646513,11.18033989,1.902113826,1,109.1991102,99.35886775,NA,NA,0.594072343,-0.159600692,NA,-0.292361045,0.043152007,-0.467814587,0.36423876,-0.010459383,0.319345595,-0.137625888,-0.041575315,-0.263628354,0.017895865,-0.367957017,-55.72901761,2181.463166,0.167653125,3739,454403,63529083,9602967839,376636,41685565,5442833543,7.75218e+11,43031304,4397249805,5.41638e+11,7.3128e+13,0.077143382,0.006904347,0.040074454,0.012160729,0.004708846,0.003283273,0.021553183,0.00744967,0.004241928,0.002979345,0.003801285,0.003003527,0.011999373,0.003429467,0.003597113,0.001635108,0.00467447,0.005268423,0.002469503,0.001825446,0.005289323,0.003498299,0.001787581,0.001434852,0.002342674,0.006660527,0.004313995,0.002566954,0.001613067,0.000643895,903.5306232,678.7317465,0,11,14,11,75,81,15,1170.59208
508,265,17,12,blind_batch2_0067.tif,mpfc,3422,28000,462,804,322,604,394.8343074,700.4640561,3422,1.14823706098832e-11,3342727.052,-42010544.25,-1.24E-11,-134962.8802,-95323113.2,1193934093,6943453.079,33946951.44,8258013908,18466316235,99.95304336,20013,0.720871404,66.00777016,-51,0.122214286,0.010004698,0.878403616,0.095081031,0.266930794,0.007290402,-0.000321606,0.002110612,-1.18E-06,2030.539067,975.3581073,976.8343227,39.43976627,39.43976627,2029.062852,180.2460126,207.4801195,9.219544457,1.60630343,1,135.6789632,124.9228951,NA,NA,0.285457137,-0.061327928,NA,-0.011525355,-0.139154804,0.029794791,0.592946479,0.049556516,0.206079881,0.007877715,0.054586277,-0.11716337,-0.125830944,-0.034994443,-2.1435585,2073.208332,0.170988857,3422,249239,21495877,2010557189,330100,23907642,1958596516,1.72164e+11,38786238,2832877600,2.27879e+11,1.95523e+13,0.101126505,0.01757381,0.038601713,0.006955733,0.009654149,0.007627356,0.02058005,0.007106485,0.011831135,0.007513542,0.002558585,0.006736664,0.015852369,0.004030806,0.008351321,0.004704756,0.009256078,0.001653604,0.005587299,0.003218251,0.006037012,0.002311586,0.002588219,0.001104584,0.002714226,0.004057982,0.003881983,0.00352722,0.00223725,0.002617027,394.8343074,700.4640561,0,12,15,12,88,77,18,1125.496623
509,266,17,13,blind_batch2_0067.tif,mpfc,4483,35670,778,841,573,667,692.2141423,755.0753959,4483,2.005151600315e-11,7567794.423,-188881589.1,-2.39E-11,-1330633.38,70983634.35,-6131461229,5969080.516,53371939.53,5898236948,-79116171556,133.4214931,23374,0.610828142,75.55086286,-65,0.125679843,0.007495044,0.673567213,0.023862843,0.119507111,0.010449539,0.000119897,0.00031403,0.000349262,1856.058926,1163.54289,1688.109396,296.8176177,296.8176177,1331.492419,172.3280094,211.0663403,10,1.638494467,1,148.605039,136.442978,NA,NA,0.376557974,-0.140367893,NA,-0.066209596,0.052751691,-0.068054645,0.297009239,0.039663509,0.065466029,-0.013115193,-0.070306343,-0.037169396,-0.00133369,-0.025245177,-60.4973385,2741.588058,0.191794301,4483,534437,71280243,10113107687,394842,45740117,6031758625,8.53238e+11,40744946,4676353607,6.13015e+11,8.62676e+13,0.122447131,0.020945745,0.051853097,0.009166699,0.015723332,0.006121233,0.014556601,0.004931968,0.001579423,0.009196726,0.009406086,0.005549377,0.013194813,0.004737674,0.001928477,0.002064152,0.007678944,0.008148224,0.004357257,0.003186269,0.011189432,0.003171503,0.003672818,0.003458606,0.000604244,0.004257555,0.003582508,0.001144506,0.001931314,0.001051672,692.2141423,755.0753959,0,13,16,13,105,111,21,1499.711923
510,267,17,14,blind_batch2_0067.tif,mpfc,1036,3363,237,849,178,792,200.1274131,814.9382239,1036,2.38031816479634e-12,200797.1815,1655013.266,4.91340301778109e-12,73303.15444,1437766.93,37688105.63,139562.0463,1020967.22,32779336.78,558767155.8,6.455478396,2186,0.79780386,36.31908821,-3,0.308058281,0.154907187,0.317115901,0.021913137,0.012485287,0.009898299,0.000109582,0.001441145,1.00052643223842e-05,240.9460246,87.58604854,193.8196732,-70.75594058,-70.75594058,134.7123999,62.08974468,58.21511831,12.52996409,3.91541616,2.914213562,42.22172954,37.4349673,NA,NA,0.187084627,0.047907344,NA,0.06829724,0.041618757,0.033894173,0.130031274,0.029553737,0.029479553,0.015612474,0.02081585,0.024830308,0.014067493,0.010271596,56.33476091,289.900541,0.473924977,1036,22924,708046,26208484,23764,599139,20923103,841978971,684666,19533743,733625431,30583517183,0.380336892,0.095734361,0.043915332,0.091157225,0.054332727,0.015467342,0.021850199,0.041193604,0.007122752,0.018705326,0.016603296,0.003963232,0.018223126,0.012693056,0.006159709,0.002436686,0.010753938,0.005451586,0.013348354,0.002148822,0.003355561,0.006621003,0.007611627,0.004264454,0.005281336,0.003073938,0.013805344,0.008351121,0.009090683,0.005582568,200.1274131,814.9382239,0,14,17,14,8,5,4,96.32590306
511,268,17,15,blind_batch2_0067.tif,mpfc,3300,33858,953,920,744,758,865.6609091,842.8633333,3300,2.86206613964168e-11,8219741.557,-256960801.4,3.08517655867036e-11,-5037234.93,108300461.4,-25658489327,6996149.363,-34260372.67,15744851390,-5.37E+11,81.75731028,19600,0.894548208,64.82044814,-52,0.097465887,0.012231322,1.397235163,0.868456843,0.29771347,0.259012621,0.071160163,0.19675085,-0.010462077,3843.090045,767.7859913,2490.830775,1526.434827,1526.434827,2120.045262,247.9706449,233.2380758,7.071067812,1.64480202,1,103.51232,110.8358059,NA,NA,0.754797205,-0.410754215,NA,-0.462556008,0.173119288,-0.713985289,0.642437958,-0.054765522,0.4381237,-0.260009351,0.032560064,-0.375315826,0.069081366,-0.500711495,-48.46246345,1841.302741,0.168367347,3300,401481,57064285,8685574449,280049,29033781,3725296739,5.27282e+11,30762041,2853324407,3.32279e+11,4.3229e+13,0.076974626,0.017016874,0.017442824,0.016080567,0.012766525,0.006166329,0.012166189,0.010934732,0.006911077,0.007688721,0.006480385,0.001395425,0.012069144,0.005080209,0.00592673,0.003524944,0.006786704,0.006296057,0.005288673,0.000259268,0.005920197,0.002425397,0.002022245,0.003115154,0.002363094,0.003383269,0.004171716,0.003408379,0.003820921,0.000960164,865.6609091,842.8633333,0,15,18,15,65,57,18,849.7321165
512,269,17,16,blind_batch2_0067.tif,mpfc,2631,16254,589,905,460,779,508.3466363,844.27252,2631,-2.93E-11,2143017.868,45945383.32,4.54747350886464e-12,-1282999.538,-19232775.96,-2528058840,1881103.603,6756198.502,2223393312,47751535133,51.90943454,10105,0.88385908,57.87826226,-16,0.161867848,0.019264321,0.581338901,0.138845206,0.030183053,0.025477637,0.000706466,0.00716326,8.2022353745687e-06,1254.932126,274.5705237,814.5259855,487.6471069,487.6471069,714.9766641,141.7000847,159.1760032,11.66190379,2.350278996,1,85.41441568,66.28067878,NA,NA,0.309587984,0.129401634,NA,-0.185346677,-0.054167632,-0.13881124,0.271750918,0.019028313,0.122082595,0.051116884,-0.004536607,-0.128056734,-0.03703736,-0.091962255,-47.91402871,1310.051911,0.260366155,2631,127200,8292710,654085428,171732,7019665,397995879,28379586511,13090484,472147841,23898840139,1.54826e+12,0.132213492,0.015825582,0.064574951,0.022295162,0.017011079,0.007855156,0.026083233,0.017960771,0.006952625,0.01704811,0.006239693,0.004591879,0.018205518,0.006402275,0.005111577,0.004239764,0.014188325,0.004618669,0.005054829,0.001825515,0.010727308,0.003024851,0.000364309,0.005004041,0.003194322,0.006109576,0.006226306,0.002033534,0.002244951,0.000495063,508.3466363,844.27252,0,16,19,16,48,49,13,637.6955343
513,270,18,1,blind_batch2_0073.tif,mpfc,851,1716,214,67,175,23,192.8824912,46.82726204,851,9.59232693276135e-13,70732.24912,123350.3688,2.8066438062524e-13,21401.7262,97600.9568,3368549.185,79967.60752,-51309.33666,4555316.406,13682163.32,3.684884688,1226,0.671039359,32.91696907,1,0.495920746,0.271378913,0.208091202,0.003655954,0.000754798,4.36221948882205e-05,-4.17E-09,-2.02E-06,6.72802344907562e-09,114.2704439,62.81516905,83.11662646,-25.14891446,-25.14891446,93.96898651,42.75894179,48.02082881,10.19803903,3.407951856,2.828427125,32.24388453,31.7024085,NA,NA,0.097669361,0.005838705,NA,0.029552191,0.004619874,0.005465806,0.110421841,-0.002428692,0.007391454,0.000761029,-0.010276199,0.008290693,0.000727495,0.001153008,38.91219805,198.509668,0.694127243,851,15218,342868,8784422,20277,384005,9032639,238445075,563113,11038443,264079337,7041869277,0.469872876,0.084177524,0.151047003,0.027394462,0.043838341,0.004010819,0.012217663,0.024178506,0.015146066,0.015162735,0.011503934,0.012399261,0.014895115,0.021045188,0.005727935,0.008557058,0.00483957,0.015459483,0.020303927,0.014730408,0.001223133,0.007286322,0.00809865,0.004459686,0.016062904,0.001008715,0.010056914,0.012186782,0.020883785,0.002570315,192.8824912,46.82726204,0,1,1,1,0,0,1,0
514,271,18,2,blind_batch2_0073.tif,mpfc,1389,8640,723,125,615,45,658.87473,98.3412527,1389,-1.45E-12,431600.203,6239200.375,-3.89E-12,103063.378,4399643.321,103470787.7,572874.2462,-2747799.105,135823807.8,588182919.4,17.31133825,5000,0.631218577,42.05389076,-6,0.160763889,0.057765609,0.520636249,0.016776439,0.137396981,0.006769889,-0.000161394,-0.000538738,0.000128773,451.5362189,271.6275315,310.727288,-74.19969616,-74.19969616,412.4364624,84.99752645,107.1167587,8.246211251,2.423778951,2,68.42978879,65.92450609,NA,NA,0.223705751,0.086770744,NA,0.053419508,0.06118738,0.038610997,0.296930498,-0.038214604,0.0506838,0.005889176,-0.1276117,0.04728528,-0.00400217,0.011685759,27.78712537,549.6944802,0.2778,1389,60942,3105414,180361086,74091,3353786,179090072,10898445056,4524981,206779580,11267460758,7.00475e+11,0.146243704,0.029280859,0.064853704,0.002835196,0.028603838,0.013907567,0.016428014,0.013037424,0.00925391,0.019436989,0.014903619,0.00786052,0.008120727,0.013823433,0.016061404,0.000680918,0.010199061,0.010697856,0.003781051,0.001499521,0.0136642,0.009273046,0.014480371,0.003187294,0.003983847,0.006306677,0.006300285,0.00582419,0.00660772,0.002391483,658.87473,98.3412527,0,2,6,2,18,16,4,233.8355718
515,272,18,3,blind_batch2_0073.tif,mpfc,995,5229,857,215,794,132,813.1809045,179.2150754,995,-1.02E-12,123661.4372,1580109.369,-4.77E-12,32402.28643,-756553.974,-7744576.311,314509.9739,-1317261.471,24265632.97,-84520208.48,9.424916522,3253,0.793801065,35.59316433,0,0.190284949,0.106101736,0.442586208,0.041445511,0.03347612,0.020435224,4.07272050494159e-05,0.003754771,0.000532932,321.4685371,118.9047404,124.2828514,-32.56511199,-32.56511199,316.090426,71.71817478,86.02325267,9,2.623954555,2,59.97822889,43.61738009,NA,NA,0.124907388,0.050597545,NA,0.032728756,-0.024226028,-0.007861916,0.31767882,-0.042180749,0.024633288,-0.002720068,-0.118477798,0.043740165,-0.013324029,0.004598062,9.377722068,343.2853173,0.305871503,995,19085,489729,15717431,46979,933502,23609048,726584038,2532627,50320568,1227114606,35650479224,0.169334933,0.029105646,0.079858876,0.023340861,0.03396127,0.010432104,0.025947757,0.020717156,0.013635005,0.02172118,0.012532223,0.002667966,0.008297459,0.011813571,0.015858398,0.003038353,0.017559747,0.007477948,0.005068205,0.004278879,0.002860306,0.006402649,0.00379689,0.007174181,0.002777223,0.012359258,0.004205212,0.007773175,0.004368377,0.00014483,813.1809045,179.2150754,0,3,7,3,9,5,4,87.25483507
516,273,18,4,blind_batch2_0073.tif,mpfc,1617,14602,323,249,174,151,259.8750773,192.60235,1617,8.46966941026039e-12,1545294.766,-17872763.68,9.09494701772928e-13,-548560.3253,13204945.18,-1878136743,613127.3111,-19429372.53,1380899250,-63740234731,20.57820713,8066,0.894559202,45.3743137,-5,0.110738255,0.048595098,0.825498588,0.3031639,0.228307574,0.173632653,0.022835647,0.092914109,0.02595499,1112.578307,222.252909,955.65539,339.2457176,339.2457176,379.1758263,133.4213361,157.5436447,12,3.098786545,2,76.98164211,59.63259632,NA,NA,0.591005189,-0.169987373,NA,-0.209799454,0.125591877,-0.44421902,0.234493399,-0.184792238,0.326611847,-0.37491135,0.092958071,-0.172668552,0.219579475,-0.410367271,-65.17642945,646.6417023,0.200471113,1617,138860,13469908,1404261242,67271,5228342,479369452,47808236126,3411759,227912898,19138100328,1.79789e+12,0.082847779,0.019653066,0.038051466,0.015157467,0.018522345,0.00599488,0.015078425,0.012324095,0.009713117,0.015971586,0.005128478,0.003992475,0.000200438,0.014368863,0.008369547,0.005272568,0.009352677,0.006150342,0.003000781,0.002628973,0.005074713,0.012560397,0.007844015,0.002806556,0.004223239,0.005337139,0.007816633,0.002397786,0.001730325,0.002173334,259.8750773,192.60235,0,4,8,4,19,15,4,283.0487773
517,274,18,5,blind_batch2_0073.tif,mpfc,1662,21840,704,296,574,128,641.1540313,204.7563177,1662,-1.72E-12,1007930.568,-14338690.6,-9.18E-12,-922178.6173,30639874.18,-2147095242,1882646.309,-30548113.87,2852152892,-1.32E+11,33.38279134,10672,0.909830313,46.00134915,-16,0.076098901,0.029955554,1.046459645,0.54610559,0.923372545,0.331911195,0.183484035,0.225894904,-0.009835427,1483.708301,255.5076296,606.4564188,554.8607806,554.8607806,1132.759512,154.0757373,193.6310925,9.848857802,2.26074423,1,94.91772762,63.93842408,NA,NA,0.364895559,-0.127330354,NA,-0.333851252,0.272088025,-0.46769018,0.681564087,-0.271273176,0.621269086,-0.703993129,0.143876422,-0.823823999,0.808990354,-1.449561152,-32.3133048,834.9909448,0.155734633,1662,111610,8502992,692044702,127569,7644594,559442206,44668334058,11674373,611867026,43025192358,3.37965e+12,0.056440512,0.01128985,0.030978686,0.008285847,0.014076528,0.000662325,0.014936329,0.007690482,0.003548737,0.012104233,0.001818483,0.000696175,0.007625825,0.00604221,0.002324297,0.002967565,0.009014245,0.004292008,0.001714899,0.000610055,0.004631843,0.00503039,0.000837086,0.003057938,0.001858192,0.006537604,0.00635396,0.001921566,0.000474985,0.000322465,641.1540313,204.7563177,0,5,9,5,19,15,5,372.2031059
518,275,18,6,blind_batch2_0073.tif,mpfc,2030,11712,148,299,52,177,105.8334975,224.81133,2030,-5.24E-12,819271.7222,-3314858.351,1.89501747627219e-11,-130911.7704,-2376675.691,76856419,1045586.739,-14984399.44,594007034.5,-15391299041,20.08270237,7527,0.559517813,50.8397116,-13,0.173326503,0.049794096,0.452536694,0.007052841,0.065417999,0.014866377,-8.48E-05,0.000648498,0.00045579,544.5656564,374.0838321,403.5821291,64.48855687,64.48855687,515.0673593,93.34372235,125.9603112,10.19803903,2.717014413,2,85.59842805,77.36498765,NA,NA,0.198808931,-0.017853562,NA,-0.031767762,-0.012800585,0.009187387,0.253727763,-0.080704778,0.071007378,-0.040835619,0.084582412,-0.055987962,0.009244509,0.000438512,-24.58026119,715.7544007,0.269695762,2030,109282,6702304,445702132,97057,5094006,303974516,19864469076,5686011,278595328,15756738746,9.94041e+11,0.152196731,0.036473835,0.06885145,0.01234424,0.03614212,0.011919068,0.014468953,0.017265803,0.001577701,0.015898542,0.013784133,0.004890409,0.000700017,0.010955208,0.005166548,0.004067787,0.004097072,0.008353219,0.003870255,0.004191446,0.005587272,0.007313687,0.004986104,0.006382433,0.000576147,0.000269663,0.006384391,0.000729401,0.009430129,0.002213859,105.8334975,224.81133,0,6,10,6,16,15,3,234.5218638
519,276,18,7,blind_batch2_0073.tif,mpfc,2177,9951,444,346,351,239,388.7983463,304.3210841,2177,1.86162196769146e-12,703718.474,6159825.052,1.40971678774804e-11,62358.9559,-1343903.387,7990892.297,1426304.562,4306719.849,485397309.4,3880241773,21.66722617,7328,0.715672131,52.64829047,-6,0.218771983,0.046152654,0.449435571,0.023938359,0.0105947,0.017269984,0.000162117,0.001644529,0.000168195,657.6236229,320.7976156,323.251481,-28.6444446,-28.6444446,655.1697576,102.5766931,109.2748827,15.03329638,3.341203152,2,88.56566566,71.64329592,NA,NA,0.148484833,0.027856228,NA,0.01315776,-0.006077458,0.000774497,0.300950738,0.019476035,0.047045932,0.008060357,-0.116517978,-0.005666556,-0.013199659,0.001673308,4.896366583,769.902633,0.297079694,2177,82287,3814031,203522679,142204,5437435,252506867,13417200463,10715224,417471177,19562922985,1.03886e+12,0.220466919,0.05910069,0.051523712,0.023564932,0.045821128,0.010635687,0.026023098,0.022774482,0.006991153,0.015953166,0.020993123,0.015724716,0.015211185,0.020970874,0.001283429,0.001687479,0.001236043,0.010436024,0.011758108,0.004714239,0.005789481,0.017273257,0.009716821,0.003449355,0.001465357,0.003084729,0.005514577,0.00393505,0.006923906,0.000960923,388.7983463,304.3210841,0,7,13,7,22,20,4,263.5634951
520,277,18,8,blind_batch2_0073.tif,mpfc,2015,10368,225,441,144,313,187.9856079,367.1727047,2015,3.00559577226522e-12,486990.5826,-3058736.602,1.06794573184743e-11,63170.00844,3460995.651,74839563.9,1422479.899,16713722.76,354775036.2,6287342764,18.43861695,6078,0.813413799,50.65153189,-13,0.194347994,0.054234003,0.470286864,0.054053926,0.085994187,0.016453173,0.000570836,0.00168973,-0.000239089,708.0527307,239.5752998,241.6826713,-31.34988012,-31.34988012,705.9453592,106.437041,127.251719,12,3.156720702,2.236067977,72.78823529,61.9128807,NA,NA,0.119941772,-0.016782415,NA,0.015558253,0.018989496,0.009147577,0.350345091,0.091703427,0.043363857,0.017120028,0.085125899,0.039399887,0.022298043,0.011529951,3.845696338,683.2924599,0.331523527,2015,88631,4385479,232680377,109158,4864551,246591397,13503118347,7335864,346230341,18424281223,1.05132e+12,0.158437453,0.03407826,0.069602542,0.02017123,0.036611974,0.006897481,0.012136382,0.019714638,0.013087161,0.022034848,0.007165859,0.005212472,0.003469192,0.016909914,0.011935102,0.006976795,0.010102356,0.004704943,0.011896269,0.001947128,0.003213579,0.008240686,0.003494148,0.007577544,0.004650598,0.005117606,0.008822778,0.008293655,0.005032488,0.001229129,187.9856079,367.1727047,0,8,14,8,18,20,2,268.8772037
521,278,18,9,blind_batch2_0073.tif,mpfc,1690,7616,912,520,844,408,881.3278107,457.2881657,1690,4.220623850415e-12,377760.3929,-1983681.174,1.71240799318184e-11,21866.35621,-1440265.963,-10540460.04,865556.6633,-6410792.964,195907139.9,-4145244521,17.63432382,5410,0.751788036,46.38722702,-7,0.221901261,0.05670759,0.435319861,0.029404036,0.037329273,0.010952194,3.92940187687616e-05,-4.28E-05,0.000217936,512.7425448,222.948021,223.5268597,-12.93867232,-12.93867232,512.1637061,90.57527652,114.0043859,11.18033989,2.995479503,2,66.18579631,59.72577614,NA,NA,0.132264414,-0.01689488,NA,0.007656019,-0.012266649,-0.002183733,0.303055447,-0.054600295,0.040587299,-0.020890397,0.088690686,-0.006001777,0.008225506,-0.007332711,2.561539288,611.9665581,0.312384473,1690,63084,2732548,128218290,83297,3131161,134874459,6239221411,4971113,181305477,7580529059,3.3957e+11,0.165559347,0.040094063,0.071168495,0.011036041,0.044114651,0.004466039,0.005408299,0.010050443,0.008101448,0.023836676,0.008753034,0.004158521,0.013846332,0.006439541,0.008008279,0.002480384,0.010192046,0.008091661,0.010093433,0.002443284,0.016776371,0.004974,0.007155043,0.004933484,0.002835031,0.005708448,0.001135871,0.0075872,0.003891121,0.001263308,881.3278107,457.2881657,0,9,16,9,21,15,13,222.7645046
522,279,18,10,blind_batch2_0073.tif,mpfc,1941,10125,361,566,280,441,312.4734673,478.7017002,1941,1.406874616805e-12,633475.8836,5661364.667,1.60724766828935e-11,-278628.8624,-561940.1447,-217084689.4,1108922.284,-16437023.09,462127678.6,-6317881149,14.24353794,6151,0.769386046,49.71275446,-9,0.191703704,0.070207276,0.462483598,0.037803913,0.170135562,0.058185889,0.005751215,0.010740815,-0.000662728,637.5368626,260.1438009,326.3657308,143.5491306,143.5491306,571.3149327,100.9979693,126.1150269,13.34166406,3.66506561,2.236067977,79.58035296,64.51589583,NA,NA,0.168143086,0.034108081,NA,-0.073956275,-0.003385527,-0.029686062,0.294340511,-0.099028301,0.063195387,-0.019610202,0.235702668,-0.111969607,0.046367447,-0.026998272,-24.76476988,589.4224023,0.315558446,1941,63031,2680311,133842673,73179,2097747,82394251,3892802997,3867895,88157375,2966944751,1.27961e+11,0.144714833,0.047951965,0.052281653,0.0277825,0.040419552,0.000762762,0.000241838,0.033050693,0.00417919,0.017929225,0.009838486,0.010706475,0.010652079,0.018853244,0.003191529,0.005979006,0.005492231,0.010719069,0.008979186,0.004205935,0.00970117,0.004908345,0.007264525,0.006599444,0.002179751,0.006176688,0.003296523,0.005437925,0.007559302,0.002860232,312.4734673,478.7017002,0,10,17,10,16,14,5,182.5513005
523,280,18,11,blind_batch2_0073.tif,mpfc,784,2030,104,496,46,461,79.2997449,476.1339286,784,-1.02E-12,116464.5599,-875815.087,8.84625706021325e-13,3774.526786,171369.8436,3062486.535,39264.9375,176395.2862,3804363.975,39977760.54,3.664022955,1259,0.815456797,31.59461668,0,0.386206897,0.272924054,0.253360412,0.015925723,0.00760101,0.001736726,6.00688033310918e-06,0.000187525,-1.93E-06,148.7865677,49.84799535,148.5517346,-4.814447431,-4.814447431,50.08282844,48.79123982,57.93962375,12.20655562,3.93340044,3,30.70027799,28.24124512,NA,NA,0.189479253,-0.050888807,NA,0.006140877,0.009957361,0.006355153,0.063881159,0.010249362,0.007894668,0.002962868,-0.000729036,0.00178294,0.001691365,0.001395592,87.20751139,189.9949494,0.622716442,784,26107,985821,39708253,11865,398876,15342096,633680480,218829,7577592,297676104,12542234928,0.296044379,0.089583167,0.102836926,0.034636803,0.065900067,0.020434129,0.024884915,0.02661061,0.015524747,0.020608629,0.021800719,0.008212666,0.008518491,0.005703771,0.005338265,0.00997684,0.009632356,0.003222168,0.005866151,0.012115659,0.003608674,0.017033805,0.003751725,0.005016867,0.003050322,0.003879883,0.011950362,0.008444928,0.011062942,0.006163113,79.2997449,476.1339286,0,11,18,11,4,2,2,33.31370902
524,281,18,12,blind_batch2_0073.tif,mpfc,1433,8910,527,544,417,463,480.4780181,513.5750174,1433,-9.50E-12,1202897.558,-23323988.1,7.95807864051312e-13,638366.113,-16048294.54,1268010480,445954.1856,-11098771.99,839739680.3,-36538216385,16.88470785,4022,0.973378046,42.71477809,-10,0.160830527,0.059225188,0.802951339,0.522433961,0.287860862,0.28901556,0.083362432,0.205882784,-0.000297977,1093.197921,57.43134874,839.4260695,-445.4753057,-445.4753057,311.2032,132.2541747,122.8739191,10.44030651,2.840024219,2,38.24267933,30.31338945,NA,NA,0.585782323,-0.30004565,NA,0.31086902,-0.206449298,0.430907717,0.217169016,-0.142777395,0.285368547,-0.328008937,-0.098383953,0.205928382,-0.239212739,0.36604153,60.33133345,551.4102089,0.356290403,1433,90964,6977112,572284360,72474,5238872,417863698,34871970008,4111328,314450936,25648282166,2.16677e+12,0.120847282,0.035585697,0.026210705,0.036130007,0.029670488,0.018835608,0.006275018,0.022164021,0.013717045,0.012137162,0.023459752,0.009867371,0.000494075,0.006743448,0.011433605,0.005786655,0.007497474,0.011034518,0.013341261,0.005289173,0.006004745,0.005329611,0.007867215,0.006095056,0.002951397,0.005084567,0.006149076,0.004669333,0.007931211,0.00265246,480.4780181,513.5750174,0,12,20,12,22,22,4,230.5929328
525,282,18,13,blind_batch2_0073.tif,mpfc,1357,5922,241,640,147,577,204.7089167,604.9661017,1357,9.9475983006414e-13,434302.0221,-2720149.371,-5.85E-12,62758.61017,3712299.963,-7097882.914,231974.4407,339161.1541,77343038.36,-7353013.599,10.87527746,3709,0.725636703,41.56664603,0,0.229145559,0.091951677,0.361821839,0.016718407,0.026319127,0.005629771,-3.02E-05,-0.000665153,-6.15E-05,333.2259505,157.7662844,320.0457053,-46.24805466,-46.24805466,170.9465296,73.01791019,93.08598176,12.52996409,3.300586916,2.236067977,61.40752317,50.24201977,NA,NA,0.235847977,-0.040099886,NA,0.034081101,0.054725967,-0.002840464,0.125973861,0.004999844,0.030951499,-7.99E-05,0.011589626,0.011124491,0.013475316,0.002653272,74.09296411,430.6406563,0.36586681,1357,78311,4953545,333269765,37950,2252812,149487106,10582875274,1293288,78483638,5375998772,3.92627e+11,0.199104395,0.076947168,0.049915429,0.021591523,0.052832471,0.004253722,0.016197525,0.029450538,0.017024189,0.016474572,0.009440778,0.009821352,0.006517265,0.018734347,0.009167703,0.00780856,0.006988056,0.011800509,0.008030217,0.002474919,0.002796655,0.00510717,0.002949625,0.006656638,0.004440287,0.00493072,0.005190735,0.004247831,0.008517755,0.002909093,204.7089167,604.9661017,0,13,21,13,5,2,3,87.66904831
526,283,18,14,blind_batch2_0073.tif,mpfc,2719,26136,727,692,529,560,635.3718279,621.0875322,2719,-1.80E-11,5027071.082,-61385180.29,1.08428821476991e-11,-168941.495,-43139074.09,-1118769471,1784005.167,51535584.03,3914216693,1.67938e+11,65.63670503,15925,0.80466252,58.8382386,-20,0.104032752,0.015235378,0.921292057,0.194519655,0.430315407,0.011986799,-0.000817932,-0.004934137,-0.000268552,1852.095631,652.8974725,1848.867629,62.13368703,62.13368703,656.1254753,172.1439226,198.708329,10.04987562,1.998062617,1,128.4953741,102.207434,NA,NA,0.679980739,-0.159235728,NA,-0.022851669,-0.111904564,-0.055656127,0.241311319,0.133685463,0.194722996,0.160219989,0.005443386,-0.001940559,-0.035999319,-0.063930659,-87.02601248,1497.555483,0.170737834,2719,289225,35792463,4815402013,166097,17499100,2107392930,2.73541e+11,11930461,1299960090,1.58969e+11,2.0764e+13,0.085824569,0.012661537,0.03953739,0.008958335,0.013323583,0.004624399,0.019777185,0.003566838,0.005055232,0.014038028,0.002778379,0.005170224,0.011184427,0.002164504,0.003453532,0.004824918,0.011361344,0.005976274,0.003992488,0.001459068,0.001327113,0.005031715,0.002623774,0.00400014,0.001799962,0.006577248,0.003820655,0.001532707,0.000784056,0.003473882,635.3718279,621.0875322,0,14,24,14,51,46,5,720.7787969
527,284,18,15,blind_batch2_0073.tif,mpfc,1304,6080,99,673,23,593,53.87346626,641.2599693,1304,1.98951966012828e-13,331336.1219,2197965.24,2.47268872044515e-12,103142.8949,-831488.5427,34034812.68,390640.8704,630626.425,68111322.65,243293503,14.04967269,4055,0.677002561,40.74683259,-5,0.214473684,0.071176035,0.424588449,0.015933682,0.001498157,0.010687379,2.39926719377032e-06,-0.000809689,4.26973453361796e-05,359.1327742,194.5305635,254.092118,-79.09731207,-79.09731207,299.5712196,75.8031951,81.59656856,8.062257748,2.508385541,2,70.01605284,55.78968556,NA,NA,0.194855919,0.035795369,NA,0.060657448,-0.01354136,0.015349371,0.22973253,0.010270183,0.030717548,0.003038498,-0.079007782,0.005381032,-0.006452098,0.003088861,36.98033827,479.8183259,0.321578298,1304,40259,1574271,71260157,62931,2046041,81511539,3690973427,3427689,116410613,4680370883,2.10137e+11,0.247425986,0.066843745,0.048333497,0.012139072,0.05526835,0.009660235,0.044955356,0.008777827,0.014357153,0.018288025,0.001562423,0.009070253,0.028937317,0.012797978,0.012491201,0.004792778,0.007272771,0.003547844,0.011677774,0.003986122,0.000476489,0.012050875,0.004266804,0.005315275,0.006622207,0.006238852,0.001381047,0.008436172,0.001967255,0.009302476,53.87346626,641.2599693,0,15,25,15,13,10,3,132.4386016
528,285,18,16,blind_batch2_0073.tif,mpfc,1939,17766,989,785,895,596,954.3280041,673.629706,1939,-4.33E-12,807609.3894,-12171660.06,-1.71E-11,-135166.493,-14353317.53,206603707.3,2208632.129,6060783.669,660368418.4,-63888390.12,38.06368043,10857,0.801425415,49.68713593,-17,0.109141056,0.026271763,0.802251422,0.144030586,0.429958646,0.081319462,0.011892053,0.030788421,0.00947581,1145.721206,409.8443009,416.5081946,69.70938269,69.70938269,1139.057312,135.394015,188.5974549,10.29563014,2.2600293,1.414213562,92.03380258,80.9784466,NA,NA,0.21480567,-0.073519965,NA,-0.035951203,-0.086697739,0.028340316,0.587445752,0.036608696,0.090584287,-0.000199021,0.369464462,-0.146037218,-0.067042315,-0.018522946,-5.460617293,963.0508653,0.178594455,1939,115037,7632525,536478521,150524,8795122,562119038,37871330578,13893766,809364320,50431328908,3.28955e+12,0.069409077,0.012124333,0.040889186,0.007861027,0.013451267,0.002616612,0.023076252,0.005538986,0.003626261,0.013764953,0.004489585,0.00296268,0.010579779,0.006208301,0.002813765,0.00259047,0.011400061,0.003531731,0.004616913,0.001793136,0.00103846,0.008721219,0.002775597,0.001912481,0.001325758,0.005273386,0.003306139,0.004065626,0.002225052,0.001238698,954.3280041,673.629706,0,16,27,16,29,30,4,466.0142904
529,286,18,17,blind_batch2_0073.tif,mpfc,4332,24552,477,791,345,605,408.7996307,686.1749769,4332,2.41016095969826e-11,3141158.079,17981574.2,-5.06E-11,-126421.12,25012502.58,-551610439.3,6726761.367,9016913.896,7794619872,-10713435135,69.03127681,20230,0.73075701,74.26758181,-45,0.176441838,0.014486187,0.525834043,0.03668807,0.001059362,0.002907613,-4.64E-07,0.000343935,5.081856301762e-06,1553.834994,724.0780826,725.1057432,29.18308403,29.18308403,1552.807333,157.674855,201.1616266,16.55294536,3.126142709,1.414213562,127.1377854,107.6347961,NA,NA,0.167383597,0.014558163,NA,-0.006736631,0.020250513,-0.00678527,0.358450446,0.007300234,0.095880347,-0.002002254,0.029042725,-0.016859218,0.03084351,-0.022897907,-2.016794888,1938.528137,0.21413742,4332,276380,20774100,1744170932,351650,22308719,1695218349,1.44275e+11,35271942,2238829323,1.74656e+11,1.52682e+13,0.136303902,0.015660516,0.071322719,0.012894935,0.011180164,0.005290982,0.037670853,0.00853604,0.003382857,0.00582205,0.006357217,0.000991301,0.02730114,0.005704164,0.005576025,0.005808634,0.005902176,0.00178301,0.000397085,0.001482439,0.018732258,0.002942048,0.005827192,0.003322665,0.003609868,0.003862555,0.005090841,0.00110371,0.000854182,0.001084555,408.7996307,686.1749769,0,17,28,17,63,72,4,976.5554945
530,287,18,18,blind_batch2_0073.tif,mpfc,1546,8360,858,725,748,649,794.106727,692.6390686,1546,-1.22E-11,1161193.39,17660986.93,1.81898940354586e-12,53867.55369,4545963.305,23964065.19,312036.6003,-1605971.25,213390088.4,2075522794,28.08871424,5975,0.857313954,44.36697348,-23,0.18492823,0.035601487,0.616384305,0.128254581,0.08988677,0.02934816,0.001373953,0.010507664,-0.000620008,753.2968425,199.6332935,751.0953364,-34.84317832,-34.84317832,201.8347996,109.7850148,109.0183471,10.44030651,2.381179332,1.414213562,72.91074447,56.51665857,NA,NA,0.485831395,0.187927893,NA,0.022537632,0.048372909,0.006485329,0.130552911,-0.017088897,0.057749174,0.014285462,-0.035637244,0.011472271,0.003240416,-0.002430698,86.3846708,738.7127702,0.25874477,1546,71281,4447727,329808775,67466,3164504,203607940,15388850108,3256190,153227752,10029046164,7.66967e+11,0.161481436,0.0248525,0.052875672,0.032867396,0.01854254,0.004622309,0.008999598,0.031389383,0.009346413,0.014579115,0.002155485,0.008523613,0.003833446,0.022242234,0.009605275,0.003998789,0.006250004,0.010361155,0.003815211,0.003319602,0.003859982,0.010424422,0.011731409,0.007029125,0.002769456,0.009606414,0.009548362,0.000593839,0.006573069,0.00258473,794.106727,692.6390686,0,18,29,18,31,32,4,374.0315341
531,288,18,19,blind_batch2_0073.tif,mpfc,1761,9483,604,843,517,734,567.3759228,779.2856332,1761,3.83693077310454e-12,568881.1391,-5473607.675,-2.87E-12,175988.9108,-6168394.88,274230673.7,1024957.327,-2603987.347,325006820.6,-6843814242,18.79671474,6185,0.72868674,47.35160861,-7,0.185700728,0.053200786,0.513955588,0.034511339,0.070810231,0.009613007,-0.000101851,-0.000788838,0.000229194,616.1103859,288.9654038,323.044372,-99.93691701,-99.93691701,582.0314177,99.28628392,109.1787525,9.848857802,2.631087068,2,73.61888159,67.99592973,NA,NA,0.183443709,-0.042060582,NA,0.056750095,-0.047399502,0.05021552,0.330511878,-0.020009695,0.059513351,-0.029863484,0.123296059,0.014563663,-0.02308995,0.022742269,18.82962257,644.9493142,0.284721099,1761,88712,5037830,305627552,79748,4193368,239704134,14522391040,4636396,246898278,14042501704,8.42014e+11,0.172998851,0.025133716,0.069212717,0.016080387,0.031166286,0.011028928,0.023491253,0.002321423,0.003654165,0.025040244,0.003417774,0.014745541,0.005587234,0.009443001,0.004467266,0.006048631,0.021638347,0.00372765,0.007890142,0.005075723,0.002328278,0.008139724,0.005636325,0.009775751,0.004274769,0.015802954,0.005586077,0.000725447,0.007877077,0.003098428,567.3759228,779.2856332,0,19,33,19,17,17,2,216.8650092
532,289,18,20,blind_batch2_0073.tif,mpfc,1110,5800,868,877,768,819,819.8603604,846.8621622,1110,-3.25E-12,641977.3559,-1049427.518,3.13349346470204e-12,-250704.3649,-371957.7803,-311305782.4,140227.9108,320034.2246,139952850.2,-220480454.7,11.23706061,2985,0.975268062,37.59382788,-1,0.19137931,0.088991244,0.634855342,0.331449198,0.002913495,0.000498162,3.34220178595628e-08,-0.000141059,5.99222437575048e-07,671.8672322,32.82219719,578.3579782,225.8597882,225.8597882,126.3314512,103.6816074,104,8,2.642252131,2,32.85287175,22.91626399,NA,NA,0.521043224,-0.025564953,NA,-0.203477287,-0.00906121,-0.227624105,0.113812118,0.007796308,0.102332318,-0.004838822,-0.004445709,-0.05049696,0.001993145,-0.063286655,-67.50973005,395.9066376,0.371859296,1110,57565,3627319,253650997,30927,1353181,74689755,4675283941,1001921,38309687,1896437673,1.07312e+11,0.130431714,0.01372168,0.059914361,0.02964407,0.016094247,0.007967329,0.032158745,0.018815906,0.014731314,0.019463316,0.003174986,0.007800709,0.016355364,0.009110303,0.012563488,0.007548599,0.020104176,0.001842734,0.004993153,0.006553332,0.000194415,0.006816868,0.007397975,0.007833517,0.003635224,0.015923862,0.005669414,0.000561137,0.006570426,0.004653763,819.8603604,846.8621622,0,20,35,20,9,6,4,114.9827576
533,290,18,21,blind_batch2_0073.tif,mpfc,1280,7426,489,959,395,880,429.5210938,908.1335938,1280,1.06581410364015e-13,439647.4305,8016517.299,1.23989707390137e-12,-15172.10703,-3033155.402,-19979763.39,290526.1555,-753394.4706,58887689.51,131764679.7,16.49746754,4536,0.587312513,40.37012035,-10,0.172367358,0.060615364,0.445662589,0.008627,0.082483909,0.015773357,9.33103818245907e-05,0.001265053,0.000561242,344.6683089,225.7798052,343.4745551,11.85320862,11.85320862,226.973559,74.26097859,94.36630755,11.66190379,2.878216701,1.414213562,73.22157362,60.10388409,NA,NA,0.268339496,0.136760541,NA,-0.009260319,-0.05174516,-0.009527094,0.177323093,-0.012852793,0.028079839,0.00175616,0.072244596,-0.01148916,-0.009765636,-0.000878612,-84.24905037,515.1320344,0.282186949,1280,44187,1965031,106205757,36011,1227967,51202713,2599604263,1303645,43396165,1678805815,77699505853,0.165979624,0.033624278,0.075501319,0.013018464,0.036470102,0.017098655,0.01852514,0.016480339,0.009132781,0.023395352,0.018628332,0.005576752,0.000968504,0.01113245,0.010522517,0.004196026,0.009733721,0.013653155,0.007726547,0.00583951,0.004243329,0.005536341,0.010833286,0.003200673,0.003617551,0.002925634,0.006772895,0.011147746,0.0048189,0.000988165,429.5210938,908.1335938,0,21,36,21,20,14,6,230.2792228
534,291,19,1,blind_batch2_0085.tif,mpfc,4524,29158,450,148,211,26,337.2477896,81.50066313,4524,-5.28E-11,11756075.23,-362987568.2,4.05293576477561e-11,-608922.2434,-72612160.33,-2098156828,3291512.998,74649649.26,6961024100,1.59353e+11,108.5251369,18853,0.851318634,75.89555784,-69,0.155154675,0.009214455,0.735227437,0.174588978,0.215272895,0.044656669,0.004378392,0.017122192,-2.90E-05,2608.235057,717.9338699,2598.601951,134.598197,134.598197,727.5669757,204.2835307,240.8588798,8.94427191,1.803549895,1,119.766291,107.177152,NA,NA,0.574403614,-0.2636849,NA,-0.029752033,-0.05274762,-0.022660535,0.160823823,0.054227712,0.075180524,0.025587616,0.024741274,-0.002682142,-0.008061083,-0.016387254,-85.90635808,2483.884523,0.23996181,4524,571145,83861869,13192745045,251085,31090004,4428027006,6.73491e+11,17226897,2181916140,3.11467e+11,4.71088e+13,0.09929043,0.023846533,0.042293564,0.007857228,0.024569754,0.006483158,0.007067184,0.005423111,0.006367213,0.012965305,0.005369891,0.001081189,0.002398758,0.002953316,0.006596722,0.00339592,0.006446846,0.005722591,0.003742294,0.001764228,2.10448714574468e-05,0.005317216,0.000447807,0.003385937,0.0013069,0.007563232,0.006224833,0.004140692,0.00254937,0.001012459,337.2477896,81.50066313,0,1,4,1,82,88,7,1368.704779
535,292,19,2,blind_batch2_0085.tif,mpfc,3086,21306,936,165,802,6,861.3101102,85.76636423,3086,-1.30E-11,2141354.225,18525151.77,-1.41E-11,273515.5894,3156520.355,482608163.4,4078738.549,-61189702.51,2333878186,-71904772281,66.00928936,14155,0.699304224,62.68346859,-28,0.144841829,0.015149383,0.6531381,0.04468491,0.146786091,0.006533712,-0.000200709,-0.001266107,-2.56E-05,1333.96386,681.6203182,693.8931382,-88.63110481,-88.63110481,1321.69104,146.0938799,160.6393476,11.3137085,2.260688803,1,126.5073247,104.4314373,NA,NA,0.224851957,0.035016438,NA,0.028720384,0.005966488,0.016421276,0.428286144,-0.115661425,0.079412784,-0.044042503,-0.011452646,0.042453495,-0.023782115,0.01990636,7.883659976,1599.946356,0.218014836,3086,183031,12996943,1043383183,246159,14873233,1072319889,87157560355,23713947,1388921795,97798097759,7.81437e+12,0.150852297,0.012685856,0.055409735,0.014408319,0.01654978,0.015112622,0.0233016,0.008440541,0.010362426,0.022016248,0.005108784,0.006420181,0.01223535,0.002480972,0.006595424,0.004487199,0.020617452,0.00225138,0.000364729,0.002788769,0.003326872,0.001874246,0.004713973,0.002411737,0.00344105,0.009993989,0.000849707,0.001127497,0.004195042,0.005230768,861.3101102,85.76636423,0,2,5,2,44,36,12,689.0803121
536,293,19,3,blind_batch2_0085.tif,mpfc,2868,19584,869,267,716,139,791.5512552,198.8783124,2868,-1.98E-11,2509895.465,3123563.555,1.00541797110054e-11,1766226.388,-11689053.89,3820166209,1991244.531,-19131369.72,3063334959,-64696155814,36.29871317,8811,0.940573402,60.42889221,-25,0.146446078,0.027549186,0.547222854,0.188407827,0.020217325,0.006150069,6.35305657060593e-05,0.001947861,2.5821385169045e-05,1407.159189,162.2759561,875.1378889,-615.8390474,-615.8390474,694.2972563,150.0484823,178.7176544,12.52996409,2.736146303,2,67.21631533,50.95503211,NA,NA,0.305138734,0.007090918,NA,0.214727701,-0.026535758,0.161936526,0.24208412,-0.043430837,0.129854512,-0.051209609,-0.042958696,0.121602517,-0.056006239,0.101610943,49.17637462,1143.773737,0.325502213,2868,216681,18880417,1808814273,171731,14740719,1385719695,1.39724e+11,12274207,1119717687,1.09794e+11,1.14083e+13,0.11432846,0.012651654,0.066586339,0.017548844,0.016554493,0.002528104,0.030430763,0.019402365,0.006019916,0.014175453,0.005701294,0.000922408,0.017106793,0.010069581,0.008873126,0.002934448,0.010807089,0.005854293,0.001411888,0.001145622,0.014922505,0.005352876,0.008321061,0.00339816,0.002381158,0.00778033,0.003324567,0.003396252,0.001517403,0.000930464,791.5512552,198.8783124,0,3,6,3,38,38,9,500.3990678
537,294,19,4,blind_batch2_0085.tif,mpfc,2715,31280,334,313,164,129,239.9952118,238.8622468,2715,-6.18E-11,3725256.938,-8966685.022,-5.68E-14,1572060.209,11132974.88,1629376556,5368906.48,-151707907.6,10082015706,-4.06E+11,63.43300397,19733,0.749183994,58.79494335,-24,0.086796675,0.015764664,1.233738411,0.231657067,1.665073906,0.373869707,0.1231508,0.164466319,-0.268046498,2328.175047,1021.424739,1372.102003,-579.0277014,-579.0277014,1977.497783,193.0046651,204.5531716,11.40175425,1.944074627,1,158.195899,127.8389449,NA,NA,0.50537827,-0.023345723,NA,0.213269872,0.02898589,0.081416412,0.728360141,-0.394987756,0.503776457,-0.388903934,-0.474930738,0.512832942,-0.26230022,0.26080497,31.2004071,1471.117928,0.137586784,2715,206327,19405121,2031932975,298276,24239608,2381961264,2.54637e+11,38138178,3092031140,3.07192e+11,3.30462e+13,0.076384471,0.012525945,0.027047729,0.010802203,0.014264771,0.008500215,0.00672493,0.01284604,0.003534249,0.009261064,0.00435054,0.003060536,0.003936091,0.009327835,0.004010852,0.00547085,0.00649232,0.00084827,0.004347237,5.147524131518e-05,0.001528321,0.008555713,0.002432664,0.004566723,0.001292514,0.007271699,0.001549211,0.000909582,0.001594995,0.003602754,239.9952118,238.8622468,0,4,8,4,43,46,8,745.2640791
538,295,19,5,blind_batch2_0085.tif,mpfc,2402,22932,472,357,325,201,392.4721066,262.3139051,2402,6.67910171614494e-12,1629598.631,599416.5498,-2.36E-11,-759587.9684,-41358502.39,-1225142650,4036309.316,6961205.124,2839581881,58677759670,52.10715764,14712,0.817754373,55.30209206,-20,0.104744462,0.019191221,0.98202718,0.243333077,0.816736708,0.100466248,0.028344605,0.036864586,-0.004979709,1771.853563,586.9757236,678.4340679,316.2314606,316.2314606,1680.395219,168.3735639,181.9505427,10.77032961,2.039677825,1,128.3816631,96.91032751,NA,NA,0.28244549,0.002119807,NA,-0.131653397,-0.146262266,-0.088403132,0.69958169,0.024617952,0.2048969,0.086390903,0.462096622,-0.250175694,-0.077748922,-0.155215811,-16.13057239,1254.122979,0.16326808,2402,162068,12564668,1068268940,147276,9177434,626528358,45528923018,13066376,795430510,51748445554,3.53541e+12,0.09115144,0.014427678,0.035393899,0.01100779,0.018135359,0.007588111,0.01385676,0.00915785,0.010069072,0.011419336,0.002125146,0.002121022,0.007115093,0.008516101,0.008121171,0.002089237,0.007810593,0.003522515,0.003605038,0.005223997,0.005129304,0.007094488,0.00424013,0.003208835,0.002191779,0.00874862,0.006373086,0.006154045,0.003944325,0.00162195,392.4721066,262.3139051,0,5,9,5,39,31,8,560.5412047
539,296,19,6,blind_batch2_0085.tif,mpfc,3172,24605,802,330,617,197,694.251261,264.4167718,3172,2.3078428057488e-11,5551460.745,158355717.4,-4.60E-12,1118020.833,-50931222.63,2615813642,2828113.028,-56086303.05,4501145555,-1.41E+11,75.97400286,17751,0.769451972,63.5508917,-31,0.128916887,0.013162397,0.832828486,0.122649747,0.38614746,0.048764087,0.000743968,-0.005774917,-0.006650064,1876.30516,765.4267986,1750.145254,-352.4655841,-352.4655841,891.5867048,173.265353,192.6265818,8.544003745,1.801386688,1,127.8960498,110.6653911,NA,NA,0.551748188,0.279447869,NA,0.111117776,-0.089877535,0.081961003,0.281080298,-0.098974626,0.141033902,-0.078537853,-0.03737613,0.075428885,-0.072227692,0.086938742,70.30591402,1740.21948,0.178694158,3172,245041,24481187,2907272971,213846,17637894,1772248412,2.06827e+11,17244920,1426852224,1.40404e+11,1.58753e+13,0.107991347,0.024301482,0.036028355,0.008775985,0.02437073,0.005617799,0.00744151,0.003120868,0.008696885,0.014915213,0.002884864,0.003535321,9.70059609934599e-05,0.008958301,0.004477723,0.003884286,0.007895502,0.00317762,0.003297865,0.005292588,0.007824875,0.004809043,0.003670862,0.005139167,0.002516693,0.003979487,0.003795281,0.004876472,0.004921775,0.004093523,694.251261,264.4167718,0,6,10,6,57,49,10,841.0458249
540,297,19,7,blind_batch2_0085.tif,mpfc,3747,35568,693,499,459,347,573.7614091,414.6602615,3747,-6.79E-12,9926996.7,98489063.31,4.93969309900422e-11,1091794.274,-1107552.691,3801714828,4022838.513,-59016623.26,7493243018,-2.23E+11,90.24024801,24682,0.788598532,69.07118483,-25,0.105347503,0.01108153,0.99357737,0.201028665,0.107831758,0.006446483,-0.00016984,4.086458599285e-06,6.4895917717279e-06,2701.473789,1021.460616,2649.318575,-291.3782423,-291.3782423,1073.615829,207.9028153,234.2327902,10.63014581,2.02039536,1,133.641868,127.84119,NA,NA,0.707050594,0.114598458,NA,0.077763075,-0.00128871,0.072265075,0.286526776,-0.068669696,0.142435662,-0.069158205,0.067144855,0.047268265,0.01018911,0.0613527,79.85181777,2061.327127,0.151811036,3747,430011,59275665,9179520165,253523,30186451,4260091143,6.67647e+11,21176271,2518944249,3.52048e+11,5.44288e+13,0.086955775,0.001784898,0.039678541,0.010639585,0.00236505,0.003435613,0.015606231,0.005311098,0.004224585,0.007019307,0.004172245,0.002981036,0.008851834,0.004533907,0.002564075,0.002426889,0.008944886,0.006405419,0.001597738,0.003208206,0.00847901,0.004518083,0.001999578,0.000438201,0.002307531,0.006001246,0.007630876,0.002605869,0.003974013,0.002204188,573.7614091,414.6602615,0,7,11,7,60,54,8,1033.910834
541,298,19,8,blind_batch2_0085.tif,mpfc,1585,12012,325,415,143,349,238.6460568,387.5602524,1585,-5.38E-11,4703906.438,-75965105.38,-1.33E-11,780295.3016,-26481564.5,3469527405,343078.4959,-6060063.183,1439898043,-64039728251,35.51344479,8503,0.978308948,44.92309738,-7,0.131951382,0.02815835,2.00897011,3.399038267,0.934397666,0.753298943,0.630440784,1.316870555,0.044363358,3053.19992,131.0177034,2967.764314,-492.2998748,-492.2998748,216.4533097,221.0230728,183.0027322,10.19803903,2.007527221,1,53.08665308,45.78518597,NA,NA,1.872406507,-0.759523085,NA,0.31059929,-0.264771035,0.87132971,0.136563602,-0.060590423,0.361612922,-0.403968077,-0.019328907,0.112422915,-0.134283756,0.395021849,80.1547276,841.038672,0.186404798,1585,151599,19203753,2660618349,61118,6625991,863284335,1.1988e+11,2699804,312342311,41442192059,5.77214e+12,0.060259322,0.016203538,0.005709679,0.018141659,0.010868451,0.013354226,0.008144198,0.008489093,0.003620962,0.004550177,0.013900699,0.006433039,0.00492545,0.007773352,0.003562936,0.000359682,0.00463555,0.001331778,0.009655737,0.001733497,0.002324611,0.006233174,0.004511834,0.00420619,0.001270384,0.00442479,0.004540665,0.004512387,0.002591645,0.000348364,238.6460568,387.5602524,0,8,12,8,26,21,9,369.9604659
542,299,19,9,blind_batch2_0085.tif,mpfc,1738,14418,242,508,80,419,147.4240506,470.2439586,1738,-1.87E-11,2277840.475,71034323.39,-7.11E-13,238668.2025,2456168.24,1012553492,429496.5616,-5190220.46,431014630.6,5958232184,38.61424461,8216,0.909427816,47.04136827,-7,0.120543765,0.025897179,0.89627809,0.399398221,0.483074474,0.273897023,0.09591185,0.163264192,-0.026962143,1328.055937,229.6753839,1310.61017,-137.3234767,-137.3234767,247.1211516,145.7700072,161.2513566,10,2.081884827,1,64.63302446,60.62017933,NA,NA,0.754091007,0.564084047,NA,0.079012357,0.019504449,0.192871767,0.142187084,-0.041215576,0.082099913,0.027223454,-0.041989657,0.05067425,-0.022813062,0.052272558,82.75984814,918.3401872,0.211538462,1738,117183,10178793,1064492241,89062,6243589,556241769,59313123037,4993386,355944697,31962742897,3.43758e+12,0.08510462,0.015785028,0.038461399,0.016624123,0.017690049,0.005367583,0.019038518,0.011174363,0.00534333,0.013395111,0.005533182,0.00236824,0.010349295,0.009258465,0.001539157,0.004155372,0.008221293,0.005720519,0.001888262,0.000398739,0.001457178,0.009230613,0.003736107,0.002992973,0.004055121,0.003180412,0.006270218,0.002118184,0.000563078,0.00119165,147.4240506,470.2439586,0,9,13,9,26,18,12,354.7472626
543,300,19,10,blind_batch2_0085.tif,mpfc,4474,30636,908,582,686,444,788.1034868,505.1763523,4474,-1.11E-11,7689929.086,132064909.3,2.81090706266696e-11,-664005.6511,-97489451.15,-3627298145,3190477.858,-10408664.99,6626254216,86368815479,78.3596801,21248,0.77623782,75.4749874,-18,0.146037342,0.012761665,0.543567121,0.054930049,0.077134571,0.009998452,0.000273395,0.001967546,-4.85E-05,1740.248928,691.6703708,1718.803998,148.4143163,148.4143163,713.1153013,166.8651637,222.1936093,16.2788206,2.906973323,1.414213562,125.6876978,105.1985073,NA,NA,0.384176128,0.098638734,NA,-0.033172623,-0.072814467,-0.040503758,0.159390993,-0.007774189,0.073991214,0.014418532,0.031076161,-0.021187636,-0.011015684,-0.01362884,-81.77802751,2098.936254,0.210560994,4474,456811,54331925,7249881043,273703,27282025,3090744947,3.89265e+11,19934629,1943743577,2.12583e+11,2.56812e+13,0.114734826,0.026985266,0.057091402,0.00827582,0.026757615,0.003824412,0.020180731,0.007855281,0.003740123,0.018032041,0.00233713,0.003070223,0.002684792,0.00919283,0.003554302,0.003891629,0.011451119,0.002541653,0.002042175,0.000635191,0.006599822,0.009120311,0.001972106,0.003448413,0.001217115,0.003628031,0.002404368,0.00110435,0.001661336,0.001522826,788.1034868,505.1763523,0,10,14,10,60,57,15,990.5849317
544,301,19,11,blind_batch2_0085.tif,mpfc,1203,8466,295,622,129,571,201.6267664,600.9260183,1203,-1.45E-11,1593079.418,47469431.76,1.53477230924182e-12,-148341.2178,-10336308.71,-268872270.6,140742.4156,20243.17891,164036053.3,1169924379,18.71445245,5260,0.96010604,39.1370307,-6,0.142097803,0.053434638,1.198045226,1.049125604,1.267491318,0.93959755,1.021881194,0.935439997,-0.08464771,1336.721602,104.5268055,1324.255543,123.309408,123.309408,116.9928642,146.244814,165.5113289,9.848857802,2.530549931,1.414213562,48.83880097,40.89534065,NA,NA,1.1007943,0.945692543,NA,-0.102501586,-0.205921363,-0.154436209,0.097250926,0.000403287,0.094219855,0.019374393,-0.005029412,-0.013685099,-0.031218351,-0.00871724,-84.22725262,531.8954903,0.228707224,1203,87370,7938480,855415978,36001,2466295,205683703,20730901129,1218109,79609037,6110494241,5.65851e+11,0.055913966,0.010202885,0.028656541,0.010332847,0.015890523,0.002874245,0.012420129,0.012069434,0.004573618,0.013889137,0.005824769,0.001223768,0.000959619,0.013081785,0.002688764,0.003510948,0.007054884,0.00760424,0.002316652,0.000815136,0.004058137,0.009727149,0.004799989,0.001778478,0.002770711,0.001366,0.007609259,0.003609707,0.00124773,0.000680721,201.6267664,600.9260183,0,11,15,11,10,7,6,205.7228741
545,302,19,12,blind_batch2_0085.tif,mpfc,4243,28598,590,858,432,677,522.7711525,748.0384162,4243,-1.80E-11,5461264.789,-42242939.54,-1.76E-11,3430186.302,-53241403.45,8371084657,6229280.738,39660766.29,9701097841,-1.69E+11,73.50134085,16551,0.861702482,73.50071692,-52,0.148367019,0.013605194,0.649364756,0.147032162,0.129101013,0.022612434,0.001107163,0.000711914,0.00051661,2191.111691,564.1429697,1287.123448,-808.434198,-808.434198,1468.131213,187.2372481,205.6817931,11,2.231954799,1.414213562,116.5549655,95.00677616,NA,NA,0.303352215,-0.036022309,NA,0.190533631,-0.045401156,0.109587909,0.346012541,0.033820383,0.126999435,-0.033962423,0.195759347,0.166241873,-0.001794969,0.094783265,41.8061784,1979.653029,0.256359132,4243,385142,40421048,4618272770,301416,30790064,3440929756,4.06736e+11,27641396,3036052142,3.5312e+11,4.25938e+13,0.127700163,0.037318197,0.039353745,0.010329531,0.035798617,0.003061032,0.004475483,0.003827116,0.010247474,0.024108697,0.009945744,0.004738154,0.001950075,0.010706975,0.005376806,0.004681145,0.010584343,0.008515751,0.004007652,0.002386061,0.006530188,0.012201946,0.006382429,0.000529478,0.002327078,0.003779316,0.001913436,0.001914052,0.002629852,0.001409352,522.7711525,748.0384162,0,12,17,12,61,57,18,893.7859401
546,303,19,13,blind_batch2_0085.tif,mpfc,2820,31416,375,857,171,703,290.6319149,768.5992908,2820,-3.64E-12,5811745.928,-273318120,3.24007487506606e-11,-107498.9362,-45060677.24,254761863.4,2629075.199,40804141.46,2069046737,56600301103,74.74325531,18093,0.740630191,59.92107739,-17,0.089763178,0.013379134,1.061418078,0.160903067,1.047612994,0.30337497,0.161710834,0.120782425,-0.055682722,2062.188906,931.0100752,2060.902811,38.12019013,38.12019013,932.2961697,181.6453206,204.6582517,8.544003745,1.647972667,1,141.8234372,122.0498308,NA,NA,0.7308166,-0.647210648,NA,-0.013517798,-0.106702586,0.011360229,0.330601479,0.096623213,0.092262024,0.047527707,0.091588162,-0.006585876,-0.024012996,-0.01928239,-88.06769456,1627.479364,0.155861383,2820,337362,46171008,6640748568,184990,22023209,2958004095,4.15096e+11,14764288,1792980479,2.38859e+11,3.29355e+13,0.08572366,0.017594444,0.029493192,0.011296418,0.018223386,0.006351899,0.005060375,0.009112402,0.007863161,0.009115771,0.006400065,0.001769431,0.000998427,0.005214906,0.003820188,0.003859722,0.003662227,0.004568163,0.006245193,0.003052102,0.007310994,0.00490598,0.005723784,0.003277576,0.004719067,0.0034915,0.003962698,0.00548952,0.004200671,0.000644385,290.6319149,768.5992908,0,13,19,13,63,69,8,868.0874556
547,304,19,14,blind_batch2_0085.tif,mpfc,1116,5467,843,980,766,909,808.6612903,948.8019713,1116,-1.38E-12,309743.9677,-233550.796,-2.59E-12,-119843.8548,696739.9944,-74335700.13,241763.2357,1357952.332,115219151.1,215597756.7,18.08237393,3852,0.788891256,37.69529589,-4,0.204133894,0.055302473,0.442815486,0.040016215,0.015864293,0.000752938,-2.59E-06,8.80830505106743e-05,-2.17E-07,358.7136587,135.4684232,277.5483582,107.3869667,107.3869667,216.6337237,75.75895022,93.34880824,9.899494937,2.464771141,1.414213562,63.30585308,46.55636123,NA,NA,0.248699246,-0.005613334,NA,-0.096224881,0.016745968,-0.053481657,0.19411624,0.032638038,0.082895716,0.004643223,-0.021500237,-0.062507986,0.003327648,-0.034532855,-52.91725425,503.5756852,0.289719626,1116,47610,2340848,126058200,44419,1775128,83641718,4377858340,2009727,77555456,3620935106,1.89941e+11,0.159511287,0.018535349,0.08455251,0.015417649,0.01169883,0.00261989,0.049845303,0.012599397,0.011920874,0.008308257,0.007831116,0.004142602,0.031286598,0.005617143,0.00441159,0.003567559,0.005638502,0.007479787,0.006222816,0.00352718,0.018650909,0.001049946,0.004255856,0.005981056,0.003546414,0.006435039,0.00476996,0.004002464,0.004317874,0.001506043,808.6612903,948.8019713,0,14,20,14,13,6,11,160.7523113
548,305,20,1,blind_batch2_0089.tif,mpfc,2351,19152,921,125,753,11,828.8519779,59.98979158,2351,-1.28E-12,2711704.488,7606358.352,9.60653778747656e-12,1382895.447,24150619.98,5353515989,1704539.755,26808166.98,3445337381,1.26203e+11,50.02851764,10940,0.894363488,54.7118467,-16,0.122754804,0.019988599,0.799001926,0.283600458,0.105321145,0.049976863,0.003448905,0.020420357,0.001118896,1565.229307,313.2242205,1153.425984,-588.2158432,-588.2158432,725.0275436,158.251916,194.6509697,10,2.040467926,1.414213562,80.32779901,70.7925669,NA,NA,0.490610797,0.028382145,NA,0.250198147,0.090114922,0.411984822,0.308391129,0.100031216,0.265139156,0.200302146,0.092879263,0.174263523,0.162314533,0.353098265,55.00456532,1215.738203,0.214899452,2351,178328,16238236,1650684974,115175,10119147,1029449127,1.15585e+11,7346939,719583541,79212585433,9.48019e+12,0.079004095,0.007421842,0.046274844,0.011138437,0.009241854,0.002304839,0.024171544,0.009497969,0.005513746,0.007398946,0.002033548,0.002040076,0.011223608,0.008655157,0.005010776,0.003518004,0.006202587,0.00205625,0.003065411,0.001709822,0.001895878,0.008769202,0.001802364,0.004306982,0.00220757,0.003848146,0.004230184,0.000831123,0.003192206,0.001359086,828.8519779,59.98979158,0,1,1,1,37,30,11,525.7127775
549,306,20,2,blind_batch2_0089.tif,mpfc,2995,33450,625,205,402,55,526.118197,137.8874791,2995,3.59250407200307e-11,10751736.16,-331064527.7,5.44275735592237e-11,4291872.832,-276454832.5,34408552246,3481447.08,-128001375.6,21748855687,-1.71E+12,77.17671,18850,0.939620711,61.75234762,-21,0.089536622,0.012957277,1.586749562,1.572653147,2.462060836,1.346833735,2.369028781,1.556007419,0.634644279,4254.104356,498.2105818,3589.895211,-1433.012632,-1433.012632,1162.419726,260.8939817,240.1603631,11.70469991,1.907193962,1,109.414807,89.28252522,NA,NA,1.198629453,-0.674404692,NA,0.478468324,-0.563160414,1.280784077,0.388120109,-0.260748951,0.809554202,-1.16036348,-0.124096015,0.493095434,-0.733903602,1.561477863,65.13202077,1704.301695,0.158885942,2995,371734,56890690,9399077554,248248,35103967,5504470083,9.08888e+11,24058098,3569531411,5.65252e+11,9.32295e+13,0.066115652,0.011634161,0.018440236,0.019134627,0.013043217,0.001317574,0.000287557,0.014416436,0.006649041,0.007911187,0.003374816,0.00279594,0.001166869,0.007701472,0.004274855,0.003076045,0.002139837,0.00871453,0.003295658,0.002109145,0.002820867,0.005563007,0.001604245,0.001623285,0.002047745,0.002018111,0.008452204,0.003734773,0.002524315,0.001376687,526.118197,137.8874791,0,2,5,2,63,58,13,872.1168932
550,307,20,3,blind_batch2_0089.tif,mpfc,2376,21079,938,336,831,139,868.141835,227.9722222,2376,-6.54E-13,924691.2016,17095099.44,4.47357706434559e-11,680818.3611,12635430.43,748268672.6,3616476.167,11040919.02,1614454182,23179959179,52.86241562,12606,0.893462396,55.00197413,-20,0.11271882,0.018917032,0.804404767,0.285525062,0.010438294,0.02040001,0.000294716,0.004676393,4.19516553260289e-05,1590.43526,320.8304671,389.1797987,-286.5397143,-286.5397143,1522.085929,159.5210462,204.9194964,10,1.983540376,1,94.50923225,71.64696416,NA,NA,0.163796212,0.062123446,NA,0.120597523,0.045917047,0.055785105,0.640608556,0.040122606,0.120361174,0.035452767,0.053811358,0.291438017,0.096233965,0.104589983,13.41626084,1256.323989,0.188481675,2376,88249,4202421,241870183,211398,8532528,437107852,26493504840,22425026,965095380,51937913112,3.23378e+12,0.072042702,0.007331659,0.044318255,0.009456214,0.006921999,0.003006747,0.025560502,0.007420056,0.00476286,0.005037075,0.004923022,0.00117062,0.013903409,0.00430884,0.004835559,0.002757512,0.005301973,0.004539789,0.0007491,0.001167988,0.008662393,0.002678334,0.005240615,0.002397741,0.001698893,0.006328077,0.002207076,0.001729407,0.001115921,0.00102614,868.141835,227.9722222,0,3,6,3,51,51,8,646.9087359
551,308,20,4,blind_batch2_0089.tif,mpfc,2798,26166,559,324,381,177,468.0757684,246.3180843,2798,2.00373051484348e-12,4931453.937,69598415.57,-1.00E-11,2150557.566,23328278.95,5960484341,2191538.905,-5466817.253,5353190500,47299924619,63.32915281,14850,0.913489041,59.68688504,-33,0.106932661,0.015790516,0.909844319,0.424321304,0.085265461,0.024385324,0.001027059,0.011665489,-0.000426086,2184.180098,361.5643059,1762.492472,-768.6052774,-768.6052774,783.2519317,186.9408505,191.3426246,11.18033989,2.038808189,1,92.12600067,76.05937742,NA,NA,0.629911534,0.168066083,NA,0.274698098,0.056333071,0.27210619,0.279932785,-0.013201257,0.244382199,0.040821923,-0.036277901,0.228117314,0.018235117,0.26134727,61.24906425,1492.212337,0.188417508,2798,243638,26146420,3205138310,193952,19039077,2210270931,2.83146e+11,15635920,1654187993,2.01808e+11,2.66219e+13,0.097304825,0.005614348,0.042529727,0.01954719,0.005829136,0.004890898,0.01482265,0.019213278,0.004367702,0.008080771,0.005377945,0.003489026,0.00398756,0.01340651,0.004179832,0.005504931,0.008985536,0.00167946,0.005525769,0.001218729,0.000426354,0.00693795,0.006841952,0.003182246,0.004472028,0.00696745,0.003865903,0.004200914,0.001943108,0.00123912,468.0757684,246.3180843,0,4,8,4,57,63,7,800.3767776
552,309,20,5,blind_batch2_0089.tif,mpfc,4295,39270,361,434,191,203,283.2970896,326.6537835,4295,-3.64E-11,4182170.914,-84952631.56,3.2429170460091e-11,784890.7723,-19446438.88,3209772703,8929504.176,-13156036.8,6969882896,-40050515963,104.0474584,26098,0.743062,73.94973864,-41,0.109371021,0.009610999,0.710774506,0.073470236,0.001423888,0.011106457,-2.43E-05,0.000397257,3.69031832310375e-05,2108.476578,944.2999268,973.7301312,-182.7452322,-182.7452322,2079.046374,183.6726034,232.0797277,11,1.970640098,1,147.0478781,122.917854,NA,NA,0.226712487,-0.070269832,NA,0.042548366,-0.016085411,0.040512102,0.48406202,-0.010882211,0.087970281,-0.007713243,-0.051151505,0.052416324,-0.033810758,0.043110733,9.148646496,2369.748484,0.164571998,4295,396416,40770214,4450023872,531093,49803229,5166831043,5.68146e+11,74601163,7066423619,7.35019e+11,8.10394e+13,0.101388075,0.008642365,0.054026085,0.009408001,0.009225769,0.00276051,0.024072101,0.004409096,0.00357167,0.010563719,0.004150959,0.001875602,0.007883611,0.004758266,0.00198706,0.000816294,0.011340876,0.003337869,0.00221227,0.001692913,0.003938787,0.00554467,0.003178181,0.002556922,0.001722342,0.008582052,0.003720396,0.003694638,0.000952838,0.001539456,283.2970896,326.6537835,0,5,9,5,86,84,9,1298.432701
553,310,20,6,blind_batch2_0089.tif,mpfc,1401,8636,102,427,34,300,61.35760171,370.1798715,1401,9.09494701772928e-13,224443.8415,706092.426,-1.68E-11,408952.8844,-1869738.785,104629251.2,1638974.672,-8898913.314,298190092.7,-3198675295,23.05405059,5370,0.966641197,42.23515837,-16,0.162227883,0.043376325,0.949367009,0.693006229,0.232048051,0.177787822,0.035987995,0.147993946,0.002980486,1248.176794,81.88638496,160.2025992,-291.9007026,-291.9007026,1169.86058,141.3181825,130,10.63014581,2.445152784,1.414213562,63.018298,36.19643849,NA,NA,0.11434875,0.009610948,NA,0.208351679,-0.025449872,0.038048603,0.835018258,-0.121127189,0.108437327,-0.031076828,-0.381185038,0.328170213,-0.092080772,0.064905838,15.01861545,637.0853532,0.260893855,1401,38328,1273006,47812974,98322,3098807,109845599,4224911009,8539200,282113641,10186028385,3.92371e+11,0.105550805,0.015572935,0.034499108,0.030574303,0.015860862,0.005482221,0.002469866,0.028679554,0.013220515,0.002843723,0.008585642,0.004015928,0.005362379,0.014284469,0.014554396,0.007269397,0.007732489,0.005190474,0.006368695,0.00332394,0.002995931,0.002765581,0.010160305,0.008242807,0.004257555,0.005809244,0.00139721,0.003393432,0.006479764,0.00230444,61.35760171,370.1798715,0,6,10,6,25,20,5,284.3919227
554,311,20,7,blind_batch2_0089.tif,mpfc,2998,30360,225,566,41,401,147.4786524,482.6981321,2998,3.5242919693701e-12,3214134.134,-32752675.16,1.5404566511279e-11,1606898.18,31799472.85,5353968120,3053941.81,48330457.55,5088495004,2.02913e+11,62.72680935,14405,0.823673683,61.7832676,-41,0.098748353,0.015942147,0.697382416,0.128170442,0.165451602,0.006095301,0.000135361,0.001542602,0.000138365,1582.031727,508.7207555,1072.092773,-535.9900535,-535.9900535,1018.65971,159.0990498,204.824315,11.40175425,2.200160125,1,101.0998132,90.21935539,NA,NA,0.357602659,-0.066553011,NA,0.17878254,0.064616116,0.198692235,0.339779756,0.098206862,0.188840207,0.1375306,0.006751489,0.204170663,0.154816113,0.223404735,46.42677896,1537.260064,0.20812218,2998,319223,37204569,4613213039,244931,27686821,3413543971,4.47058e+11,23064347,2766752205,3.59441e+11,4.94154e+13,0.090981548,0.022445605,0.04363583,0.004292662,0.022237717,0.005949268,0.019614765,0.002880361,0.004318319,0.013302358,0.001264086,0.002726231,0.011390303,0.004659821,0.00370297,0.004679798,0.009027301,0.003075916,0.001707871,0.000669369,0.008190545,0.005723106,0.002917621,0.001966811,0.003386878,0.009497947,0.004997495,0.005528126,0.00190627,0.002355025,147.4786524,482.6981321,0,7,11,7,44,40,8,661.1513785
555,312,20,8,blind_batch2_0089.tif,mpfc,3881,28819,459,656,298,477,369.1775316,557.5014172,3881,4.4110493035987e-11,4026810.681,12108763.29,-6.69E-12,305892.5236,-63561232.47,1627488823,6154778.242,-47290040.16,6091061663,-84970812461,91.11166867,20301,0.597700363,70.29539582,-49,0.134668101,0.010975543,0.675971325,0.021609535,0.142624627,0.006192933,9.31252635061329e-05,0.000266995,0.000158755,1596.979384,1026.465327,1037.570389,-78.81796536,-78.81796536,1585.874322,159.8488978,196.8247952,12.16552506,2.029997601,1,150.1633303,128.1539903,NA,NA,0.267346145,0.012904485,NA,0.020308674,-0.06773813,0.027841145,0.408625179,-0.050397684,0.104198644,-0.023332809,0.136927677,-0.03658791,-0.020620359,0.001547819,8.019901686,2107.966738,0.191172849,3881,276240,23688892,2271462510,312426,22543604,1886973494,1.7556e+11,31305514,2230208734,1.80833e+11,1.62619e+13,0.127376695,0.011497904,0.056434079,0.008110252,0.008160745,0.011993789,0.02371513,0.009501891,0.006855076,0.008122337,0.009028674,0.001316047,0.015168313,0.011227378,0.004238395,0.005810299,0.009408568,0.001714139,0.003142842,0.001540718,0.00514297,0.005943749,0.004176749,0.00479471,0.00229728,0.009874427,0.00119242,0.000712156,0.004325452,0.002197139,369.1775316,557.5014172,0,8,12,8,76,75,9,1026.739262
556,313,20,9,blind_batch2_0089.tif,mpfc,3566,20615,761,660,606,527,672.1772294,590.7647224,3566,1.1681322575896e-11,3381245.991,13842047.67,-4.70E-12,127983.6955,42542651.93,1667905402,3128413.602,-26735911.42,4544376515,-33179684349,78.14719566,15045,0.323649054,67.38228414,-44,0.172980839,0.012796364,0.511912343,0.000800488,0.033640544,0.008176032,-3.52E-05,-0.000211805,-0.000130941,963.1859502,862.2934645,948.1901265,-35.88998751,-35.88998751,877.2892883,124.1409489,176.5021246,11.18033989,2.169027736,1,126.694078,117.4593352,NA,NA,0.265897399,0.018228335,NA,0.010064495,0.056023626,0.036781327,0.246014943,-0.035208024,0.100214437,-0.012252863,0.032789222,-0.010302622,0.034577435,0.007313156,67.32348645,1871.338275,0.237022267,3566,235988,18998278,1718618432,227385,15175693,1270901787,1.21383e+11,17627555,1156128529,99537958531,9.9165e+12,0.145097193,0.013469252,0.074939331,0.003073209,0.015106115,0.007560906,0.033283594,0.003340931,0.010166152,0.016976772,0.0044252,0.004421785,0.011758917,0.001186632,0.009340186,0.004572429,0.011122556,0.003758606,0.001990266,0.001316286,0.003169519,0.007013019,0.006505049,0.001682838,0.001534129,0.007276238,0.003833575,0.00564489,0.003343148,0.003550339,672.1772294,590.7647224,0,9,13,9,61,74,5,1043.626565
557,314,20,10,blind_batch2_0089.tif,mpfc,2279,19750,166,674,41,516,88.28258008,604.6042124,2279,-1.03E-11,2385092.018,68058204.1,-4.75E-11,712699.8872,14121721.35,1834656003,2056749,-29215450.58,1958735777,-5039293948,50.57487256,11497,0.703886605,53.86754981,-14,0.115392405,0.019772665,0.85521313,0.079314016,0.552310095,0.053314166,-0.009101103,-0.014852907,-0.000931184,1295.429832,653.6008914,1046.552005,-312.7248299,-312.7248299,902.4787185,143.9683205,162.4838454,12.04159458,2.113120997,1,103.9059492,102.2624773,NA,NA,0.459215447,0.274485667,NA,0.137220197,0.05695434,0.154996421,0.395997683,-0.117828887,0.165478997,-0.00891794,-0.226579867,0.199134429,-0.09640751,0.136429158,51.48594615,1203.495562,0.198225624,2279,107757,7480121,647284233,201929,10260424,744288530,65969926126,19948509,1040297948,76964091014,6.90306e+12,0.102992677,0.017982494,0.039781523,0.008575022,0.020975492,0.01049568,0.010598841,0.004365982,0.006463617,0.016570758,0.008855746,0.007914575,0.00412185,0.007422658,0.007284485,0.001147727,0.00590435,0.006449162,0.003937943,0.004205695,0.014341862,0.001133274,0.002838292,0.00089919,0.001631619,0.003929773,0.005441508,0.004589735,0.002757038,0.001546184,88.28258008,604.6042124,0,10,16,10,41,33,10,600.8254774
558,315,20,11,blind_batch2_0089.tif,mpfc,1276,8550,585,711,495,616,531.2617555,657.1637931,1276,-4.69E-12,377984.5737,4286952.508,-1.40E-12,-131214.7069,1763752.753,-64931340.83,472402.7672,-4197610.848,205689940.8,-2159724348,23.10131867,5920,0.702806461,40.30699268,-5,0.149239766,0.043287572,0.522294482,0.029341853,0.086418209,0.005560489,-2.68E-05,0.000285262,-0.000118913,442.5098582,223.9379011,296.2261549,102.8328424,102.8328424,370.2216044,84.14367315,103.8315944,11.18033989,2.641277995,1.414213562,82.59248664,59.8582193,NA,NA,0.232152159,0.073709249,NA,-0.080590002,0.030325713,-0.031253765,0.290142323,-0.072173121,0.09900589,-0.029101875,0.044227147,-0.098687032,0.038290215,-0.049944655,-35.10601223,608.6234124,0.215540541,1276,46270,2055816,106247218,52525,1773434,76872786,3982868948,2634531,80532518,3367691238,1.74051e+11,0.15035924,0.019739422,0.071136587,0.011957737,0.02085191,0.011791923,0.039357589,0.00393686,0.005967363,0.015641928,0.010063366,0.002614675,0.028060687,0.001246811,0.004976921,0.009168024,0.015894657,0.003712333,0.002804854,0.004267317,0.016415689,0.001155627,0.003585071,0.009843387,0.002954884,0.011770535,0.003706431,0.002657686,0.00536357,0.00069254,531.2617555,657.1637931,0,11,17,11,19,12,8,232.1787181
559,316,20,12,blind_batch2_0089.tif,mpfc,1178,7695,204,770,123,675,150.9049236,712.1629881,1178,-2.42E-12,240811.3514,3681685.442,-6.41E-12,179610.2547,-353723.7309,70321133.15,641884.7063,-780733.611,80515942.24,-597147719.9,14.30021956,4178,0.870485499,38.72823497,-7,0.15308642,0.069928996,0.636092985,0.150544839,0.057594536,0.034072419,1.04046318778664e-05,0.013198013,-0.001509332,603.1914047,146.1261316,204.4238977,-152.4705048,-152.4705048,544.8936386,98.23982123,100.6578363,10.63014581,2.697626684,2,64.16869659,48.35305684,NA,NA,0.173534718,0.077300705,NA,0.129431668,-0.007426787,0.043017978,0.462558267,-0.016392291,0.049254511,-0.010643225,0.181675414,0.10053431,-0.006244832,0.019194944,20.92457391,460.0965005,0.281953088,1178,32872,1158102,49438078,43778,1401232,52708828,2297555242,2268806,75879832,2854963844,1.20757e+11,0.141762562,0.016983329,0.057547128,0.026395155,0.019481453,0.012186013,0.005705254,0.029299702,0.011851825,0.006868464,0.018337442,0.006640753,0.000779565,0.01293778,0.018684491,0.004666922,0.003518858,0.015666653,0.007103431,0.003630356,0.005190415,0.001989802,0.0161759,0.007529423,0.000981595,0.005818601,0.007910614,0.003943228,0.006052752,0.004399595,150.9049236,712.1629881,0,12,18,12,15,10,4,181.7523102
560,317,20,13,blind_batch2_0089.tif,mpfc,3541,31104,980,791,818,599,896.2552951,703.1138097,3541,-2.49E-11,4131027.213,-5359654.113,1.65130131790647e-11,-803902.8839,-68067946.1,-3673058949,5376313.135,59474471.64,11106553214,3.39588e+11,74.28631367,23117,0.593652797,67.1456717,-30,0.113843879,0.01346143,0.758240867,0.026305911,0.153477145,0.008892771,0.000323761,0.000959387,5.57858953256907e-05,1629.624568,1055.306341,1166.627284,227.0270782,227.0270782,1518.303625,161.4744348,220.6581066,13,2.324874428,1,153.2444197,129.9419157,NA,NA,0.329462661,-0.007183266,NA,-0.064113832,-0.091227932,-0.082727541,0.428778205,0.079710544,0.250150584,0.128532259,0.030957166,-0.111251523,-0.111764048,-0.163456202,-26.12065955,1818.118974,0.153177315,3541,277102,25815726,2661407110,368667,28046242,2493886322,2.42667e+11,43759639,3316503152,2.92801e+11,2.82973e+13,0.089632746,0.016042155,0.045614945,0.006432622,0.012360087,0.003332733,0.021404569,0.005092044,0.003085045,0.003420363,0.007891657,0.00216231,0.018064462,0.002942517,0.005237484,0.003479909,0.004389293,0.009028375,0.00397606,0.000187338,0.016378824,0.002533248,0.003301437,0.004868077,0.001008716,0.006533498,0.006615673,0.002134275,0.00167958,0.001674184,896.2552951,703.1138097,0,13,19,13,59,58,6,993.2417873
561,318,20,14,blind_batch2_0089.tif,mpfc,4225,33096,819,826,622,658,727.2991716,722.0828402,4225,2.95017343887594e-11,6225641.847,-6541420.786,3.095124156971e-11,1288865.29,-8705924.746,10539506763,3596585.006,-10883432.57,6966913744,-20714832571,68.91579687,20306,0.738446741,73.34464586,-35,0.127658932,0.014510461,0.550245543,0.042544659,0.005909647,0.002117282,5.72665515272473e-06,-0.000434049,4.82669585987556e-06,1598.125494,726.6619269,1473.524698,-305.0568734,-305.0568734,851.2627233,159.9062472,208.7773934,16.1245155,2.973184799,1.414213562,134.4077312,107.8266703,NA,NA,0.348763242,-0.005637743,NA,0.07220281,-0.007503228,0.139746245,0.201482301,-0.009379919,0.092376243,-0.004225596,0.050997501,0.013538716,0.003043455,0.055244485,67.78238938,1912.835749,0.208066581,4225,444889,53072085,6893015023,270750,29798616,3663736914,4.92386e+11,20947014,2360008086,2.96172e+11,4.08173e+13,0.123415552,0.012436498,0.068249684,0.00972708,0.013400337,0.003835211,0.037806651,0.004833596,0.008353194,0.010919029,0.007801979,0.003868024,0.021525759,0.005854503,0.004074922,0.005418936,0.008287134,0.00539365,0.003694352,0.002257828,0.012155781,0.002976834,0.001781873,0.004353593,0.003608503,0.008421726,0.002729399,0.003438715,0.000829285,0.002871778,727.2991716,722.0828402,0,14,20,14,65,66,11,933.401165
562,319,20,15,blind_batch2_0089.tif,mpfc,2323,14700,701,838,601,691,647.7025398,747.9431769,2323,1.31947786030651e-11,1001137.455,6931231.727,-1.60E-11,1002406.735,12679479.56,705608685.2,2813524.499,22060181.4,1400111725,21608858145,38.6610805,9805,0.910695302,54.38506654,-10,0.158027211,0.025865806,0.706899441,0.250821837,0.062581027,0.101454202,0.008062927,0.050440615,0.000583351,1402.767481,239.359921,430.9674796,-431.5138766,-431.5138766,1211.159922,149.8141505,148.6606875,11.66190379,2.516786885,1.414213562,94.1026792,61.88504452,NA,NA,0.185521946,0.026649397,NA,0.185757157,0.048750425,0.056288061,0.521377496,0.084817615,0.111690199,0.035765112,0.249627367,0.226662884,0.092558846,0.068944225,23.94292881,1062.34733,0.236919939,2323,108490,6067896,383828710,132279,7180172,451834636,30897656390,10345911,619400950,41379791954,2.92297e+12,0.133834184,0.029005059,0.04170625,0.033323241,0.021510517,0.010894135,0.004058037,0.019832012,0.016250401,0.005886726,0.015868669,0.003893481,0.006097197,0.003943546,0.017513876,0.006826128,0.003371593,0.00985862,0.007470191,0.00204335,4.89011144879635e-05,0.000300537,0.008444969,0.007887576,0.003355797,0.004059969,0.004520078,0.008351448,0.003421938,0.001431883,647.7025398,747.9431769,0,15,21,15,30,29,7,453.8427178
563,320,20,16,blind_batch2_0089.tif,mpfc,2218,14616,498,806,372,690,444.3038774,738.4445446,2218,-8.06E-12,1739871.187,-15371674.66,1.53619339471334e-11,727525.3769,-9097765.442,1389329843,1299191.679,10957421.85,1665216186,1410992219,48.69541931,10376,0.816637681,53.14174734,-26,0.151751505,0.020535812,0.617755471,0.09550443,0.078245419,0.001245702,-1.02E-05,-0.0003814,6.85557405337752e-06,1027.81386,342.3677751,784.4324557,-328.0096379,-328.0096379,585.749179,128.2381447,156.8470593,11.70469991,2.189664048,1,105.4324838,74.01273135,NA,NA,0.353666572,-0.066346395,NA,0.147885319,-0.039267286,0.127327068,0.264088899,0.047293835,0.152611056,0.002745739,0.068977588,0.112147775,0.007798858,0.091507683,53.42478183,1165.010281,0.213762529,2218,160370,13335244,1200417038,107450,8496577,742127869,68979757585,6504558,551751457,50649681653,4.89171e+12,0.114793923,0.011106478,0.061496127,0.012566294,0.011300545,0.003490477,0.028278882,0.01114944,0.008527911,0.009231871,0.004067163,0.002258981,0.013710859,0.008460949,0.008803573,0.002858561,0.008563108,0.005324442,0.001021149,0.001113718,0.005674134,0.006188761,0.006561458,0.002288909,0.002349835,0.008593784,0.003349588,0.002084774,0.002325487,0.000891095,444.3038774,738.4445446,0,16,22,16,46,42,12,561.5533966
564,321,20,17,blind_batch2_0089.tif,mpfc,3502,28905,868,985,727,780,797.8483724,873.6893204,3502,1.23066001833649e-11,3545976.486,-6126602.639,-2.59E-11,569351.0291,14671708.32,1414379788,5415519.981,18828737.29,6313178546,58237791469,93.53418834,20403,0.626603559,66.77488215,-26,0.121155509,0.010691278,0.73071539,0.031859379,0.018937255,0.035678349,0.000854469,0.005956728,0.000360482,1592.022068,966.9432279,1012.557534,-162.5788204,-162.5788204,1546.407761,159.6006049,216.0023148,12.64911064,1.949580642,1,134.0803395,124.3828431,NA,NA,0.289136932,-0.008441689,NA,0.046424563,0.020215772,0.032931963,0.441578458,0.025943636,0.146994013,0.022913868,0.167858763,0.124372662,0.066596146,0.058612091,15.67238478,2028.841846,0.171641425,3502,248111,21124237,1992944531,328100,23814702,2074462304,1.99824e+11,36154986,2687034870,2.39452e+11,2.35588e+13,0.095567329,0.008032474,0.052284924,0.005773088,0.012772038,0.000959268,0.016626683,0.004303904,0.00318852,0.013366482,0.001593772,0.000295613,0.001388823,0.006594558,0.004991898,0.002015133,0.010626359,0.001500267,0.001257101,0.000209228,0.000641118,0.006467604,0.004330701,0.001068198,0.001772168,0.006909659,0.003051455,0.002484948,0.000949907,0.000308314,797.8483724,873.6893204,0,17,23,17,67,70,10,1159.278369
565,322,20,18,blind_batch2_0089.tif,mpfc,3356,33024,403,1017,211,845,315.0503576,921.8954112,3356,1.5688783605583e-11,5189380.49,-152637457.2,-3.66E-11,1012789.676,-6090629.303,6242049510,4089128.289,71753610.5,7048783316,2.01552e+11,76.61592918,20784,0.630868157,65.36812612,-22,0.101623062,0.013052116,0.823823694,0.041888523,0.328561518,0.01968689,-0.000114486,-0.001851093,-0.001579195,1725.807149,1038.945169,1546.299312,-301.7847662,-301.7847662,1218.453006,166.1713405,218.442212,14.03566885,2.338147069,1,144.4908991,128.9306895,NA,NA,0.460756648,-0.233940946,NA,0.089923947,-0.009334849,0.16514345,0.363067046,0.109973711,0.186486889,0.092047321,0.075054054,0.094205228,0.095414178,0.173938101,59.2549405,1797.527091,0.161470362,3356,349193,41523037,5247763181,258061,27864129,3397602631,4.40765e+11,23932835,2717731407,3.4325e+11,4.60948e+13,0.087761498,0.022046698,0.03687041,0.005014333,0.016551909,0.004276718,0.012731698,0.005073904,0.007984859,0.011060279,0.004090619,0.004087943,0.002995694,0.009172053,0.008703396,0.002371937,0.004738951,0.004273186,0.004435737,0.002651575,0.00520739,0.009450958,0.00558948,0.002447211,0.00279849,0.003191016,0.00639713,0.004581676,0.00207305,0.00290801,315.0503576,921.8954112,0,18,25,18,48,44,8,879.6021752
566,323,20,19,blind_batch2_0089.tif,mpfc,2276,17280,628,959,493,831,552.4046573,892.1203866,2276,-5.23E-12,2249928.311,16857980.49,-5.81E-12,-1159122.876,-31526407.13,-2133333880,1966239.014,16784327.52,2298453988,53443997970,61.71195408,11297,0.844367203,53.83208341,-19,0.131712963,0.016204316,0.813904262,0.203275605,0.14850686,0.040890402,0.002688465,0.018009431,-0.001710419,1439.302822,413.1432785,988.5449519,509.2807013,509.2807013,863.9011485,151.7525787,160.424437,11.66190379,2.041499131,1,106.8413599,81.30370506,NA,NA,0.434334337,0.068214218,NA,-0.223761292,-0.127568614,-0.180943113,0.379569925,0.067916188,0.194948115,0.095015845,-0.021960361,-0.155104134,-0.109736989,-0.148432304,-48.48836725,1328.543289,0.201469417,2276,135205,10281735,894953365,139110,7104659,459182617,34676783153,10468696,496981549,28952619099,1.94858e+12,0.112501816,0.013561315,0.044594204,0.018490196,0.012166618,0.003967166,0.000874226,0.022670139,0.005306313,0.00525539,0.002904798,0.002134184,0.008948728,0.017721709,0.007210229,0.003527775,0.006694095,0.007323541,0.001653366,0.003736809,0.004141414,0.00941368,0.00485096,0.004484386,0.001436504,0.007033543,0.006408463,0.002630315,0.006314556,0.001422639,552.4046573,892.1203866,0,19,26,19,48,44,8,697.8793004
567,324,20,20,blind_batch2_0089.tif,mpfc,2322,17160,995,994,875,851,938.953919,911.6748493,2322,-7.33E-12,1829438.069,-30490167.96,-1.80E-11,111968.2089,-33384417.06,173724509.9,2148457.511,22896998.4,1669024672,14353410753,51.62533523,11373,0.422468847,54.3733595,-23,0.135314685,0.019370334,0.737783516,0.005225992,0.342800293,0.005761964,-0.000227677,0.000409926,0.000117219,940.4965391,772.6367858,787.8716922,-48.22058952,-48.22058952,925.2616327,122.6700641,146.4854942,12.08304597,2.167023415,1,114.0808243,111.1853793,NA,NA,0.339307361,-0.117355724,NA,0.020766834,-0.128495601,0.013876325,0.398476155,0.088129847,0.133314108,0.023792351,0.05843982,-0.023443244,-0.094334497,-0.028597198,17.53351131,1227.34733,0.204167766,2322,148501,11326659,927893533,140887,9122244,668180522,51442216620,10696755,720583710,52770263984,4.00403e+12,0.12157041,0.008179298,0.052017572,0.003814524,0.004877104,0.016127328,0.024248921,0.006713136,0.007504597,0.011748368,0.011929914,0.006413154,0.014796236,0.008677559,0.00709542,0.002621265,0.014352653,0.004301463,0.000807919,0.00266184,0.006284379,0.008375166,0.005116004,0.004270732,0.006086364,0.010371516,0.003787264,0.005979087,0.003164719,0.002056571,938.953919,911.6748493,0,20,27,20,46,38,10,583.8549129
568,325,21,1,blind_batch2_0126.tif,mpfc,1224,2656,226,135,194,52,212.0334967,97.52042484,1224,-2.98E-13,57579.62663,-164037.234,2.29078978009056e-11,-42537.33742,110131.1411,-2554292.165,470761.4894,450400.8978,9969532.692,426178.9503,3.315480756,1787,0.942298245,39.47714785,1,0.460843373,0.301615384,0.352656241,0.079284682,0.011334815,0.008877235,8.85947710667845e-05,0.002490151,-8.97E-06,388.1497379,43.50150068,47.04217862,34.75272665,34.75272665,384.60906,78.80606453,82.02438662,12.16552506,4.064352521,3.16227766,31,26.38226698,NA,NA,0.038433152,-0.0031296,NA,-0.028392751,0.002101148,-0.00139292,0.314223088,0.008593018,0.00543664,6.64288957183597e-06,-0.096161694,-0.015718996,-0.000697942,-0.000538067,-5.817337197,225.8233765,0.684946838,1224,22073,455633,10129343,55717,962235,19316545,422995533,3007023,50804905,993782467,21260809507,0.231067997,0.034105929,0.103352681,0.048773776,0.038862575,0.01330004,0.039850234,0.037074117,0.022316044,0.017969356,0.014197253,0.010268591,0.023235378,0.017865897,0.018731211,0.012104003,0.00285718,0.006291501,0.013012135,0.007666564,0.008265452,0.010545382,0.004647485,0.010897565,0.007077603,0.006714875,0.008352775,0.005285358,0.0106705,0.005557008,212.0334967,97.52042484,0,1,1,1,0,0,0,0
569,326,21,2,blind_batch2_0126.tif,mpfc,1495,3402,906,207,843,153,880.173913,184.8207358,1495,-1.07E-12,257970.7826,-883933.3157,1.10844666778576e-12,47856.6087,-49458.74149,9520549.772,202877.9572,-330633.5236,23832858.87,3079333.762,3.266649438,2259,0.62179174,43.62903986,1,0.439447384,0.306124063,0.206193998,0.002441525,0.000121923,0.000373366,-5.48E-08,1.64969304873358e-05,-5.78E-08,191.0653262,117.1947005,172.5557074,-32.0111095,-32.0111095,135.7043192,55.29055271,62.28964601,14.14213562,4.754256176,4,43.37971876,43.30260047,NA,NA,0.115421878,-0.010228608,NA,0.021412113,-0.000572322,0.002849302,0.09077212,-0.003825991,0.007132677,2.38348591247702e-05,-0.012687938,0.007537695,-0.00126904,0.000737085,59.96243224,247.7289681,0.661797255,1495,55575,2323911,104684499,47572,1816294,77457134,3533541724,1716654,66529778,2855996454,1.30593e+11,0.478549527,0.092121754,0.146845785,0.051881116,0.032971299,0.032936597,0.013859093,0.009445263,0.013150007,0.021060401,0.013494451,0.019970353,0.003930882,0.014880189,0.026899505,0.006741478,0.002609461,0.003629912,0.014893536,0.003053828,0.001558415,0.006090393,0.025307046,0.004872173,0.006712725,0.00518258,0.016923519,0.006125371,0.005267677,0.006041446,880.173913,184.8207358,0,2,2,2,1,0,3,7.828427196
570,327,21,3,blind_batch2_0126.tif,mpfc,833,1560,741,269,681,243,707.57503,254.9867947,833,5.6843418860808e-14,169137.5606,656909.0935,-9.17E-13,-30201.67467,-392419.1148,-14852434.52,28838.85474,60213.06622,5892984.628,74019748.74,2.413705803,1068,0.933298692,32.56698544,1,0.533974359,0.414300698,0.285314244,0.048459328,0.004218596,0.001603999,4.09148453858985e-06,0.000306023,-8.18E-07,210.5195248,27.14724039,203.0462913,36.25651221,36.25651221,34.62047388,58.03716392,61.40032573,10.04987562,3.862380046,3.16227766,23.03938203,20.84120549,NA,NA,0.243753051,0.032801429,NA,-0.043525225,-0.019594656,-0.02569583,0.041561193,0.003006618,0.010195307,0.004437007,0.001656351,-0.003497684,-0.001491733,-0.002025548,-78.35324169,158.9533188,0.779962547,833,22137,757429,29775279,9985,235150,7081506,246783886,148527,3283280,90399500,2850750212,0.281328525,0.035181625,0.130646064,0.057222684,0.033446665,0.005761724,0.048094283,0.043780828,0.025580461,0.018487452,0.009360786,0.001107644,0.024022943,0.015924968,0.022807486,0.013987807,0.008620615,0.010654705,0.00054012,0.001509595,0.010749412,0.002906242,0.009036583,0.013371221,0.008549135,0.006428002,0.004873599,0.005286769,0.002505954,0.001641545,707.57503,254.9867947,0,3,3,3,0,0,0,0
571,328,21,4,blind_batch2_0126.tif,mpfc,900,2590,213,342,176,272,195.2288889,310.0411111,900,5.6843418860808e-14,50036.84889,-74483.4286,-6.42E-12,35421.53111,367025.8013,3299657.532,198899.4789,380557.3341,8293675.367,65774333.01,3.38937068,1430,0.892646148,33.85137501,1,0.347490347,0.295040022,0.3073288,0.041424816,0.016387661,0.003454554,2.52082316140379e-05,0.00045008,6.33643152762926e-06,229.8868529,46.70906682,55.59649877,-39.35725679,-39.35725679,220.999421,60.64808032,71.06335202,10.29563014,3.677249255,3.08113883,31.77373527,27.33761272,NA,NA,0.061773888,-0.003065162,NA,0.043730285,0.015103942,0.004526279,0.245554912,0.015660796,0.011376784,0.003007514,-0.072513909,0.026437737,0.005179236,0.002538758,12.72478432,195.7878426,0.629370629,900,17306,382812,9210872,34237,693761,16291853,414155309,1501313,31944087,782015311,20561057295,0.226409725,0.026865842,0.121629287,0.032532844,0.040174553,0.006750046,0.051515876,0.023412418,0.018459753,0.027526328,0.009925715,0.004769154,0.012022512,0.01556296,0.018903447,0.010523632,0.014162742,0.006095777,0.005980975,0.004863342,0.00116039,0.007736607,0.018062005,0.007636429,0.007291923,0.003999405,0.006054823,0.003904671,0.004981515,0.004108148,195.2288889,310.0411111,0,4,4,4,0,0,0,0
572,329,21,5,blind_batch2_0126.tif,mpfc,815,2436,576,897,548,810,561.2184049,850.0957055,815,4.36983782492462e-13,31535.12393,-9884.768243,5.63460389457759e-12,-52413.03558,132298.7223,-3249719.934,276248.535,-411107.2325,8103710.051,-30267804.95,4.485710697,1465,0.963114818,32.21319961,1,0.33456486,0.222930115,0.46337259,0.160639134,0.008206352,0.008864649,7.53749941398561e-05,0.003543889,-5.93E-06,352.149565,25.49909619,38.69340359,64.31047311,64.31047311,338.9552576,75.06259415,86.14522622,9,3.045875256,2.236067977,23.588649,20.19865191,NA,NA,0.047476569,-0.000521282,NA,-0.078908556,0.006976886,-0.006003066,0.415896022,-0.021680091,0.01496963,-0.001958526,0.084520372,-0.059306087,0.005794,-0.0031366,-11.59424051,214.3380951,0.556313993,815,10773,173937,3122973,32678,379538,5720792,99740624,1586496,16356764,224629062,3691262198,0.13983159,0.009712715,0.08155497,0.025292424,0.013812912,0.001617339,0.046202637,0.025739926,0.011824853,0.010339461,0.005087527,0.000354903,0.026209087,0.020781814,0.012788791,0.007404161,0.006440077,0.005919159,0.002405321,0.00039615,0.014789682,0.015312586,0.010492115,0.008286513,0.005252255,0.003736848,0.004610228,0.00410349,0.001261327,0.000485364,561.2184049,850.0957055,0,5,5,5,0,0,0,0
573,330,21,6,blind_batch2_0126.tif,mpfc,971,2808,767,908,713,856,748.3594233,880.3903193,971,-5.68E-13,132061.5613,-1988870.082,3.5527136788005e-12,-14071.22142,135362.9171,-10993745.36,135351.069,644154.0431,9385935.865,21705271.13,4.000186184,1785,0.437733045,35.16127981,1,0.345797721,0.249988364,0.283624312,0.000903109,0.017964001,0.002133325,1.25672104465443e-05,9.76051058946167e-06,-4.06E-06,152.2897387,123.1094686,136.0057274,14.49147417,14.49147417,139.3934799,49.36229147,58.66856058,10,3.433850095,3,42.22912465,44.38188254,NA,NA,0.14006769,-0.067695272,NA,-0.014924278,0.004607355,-0.012008478,0.143556622,0.021925104,0.010252267,0.000760848,0.001590785,-0.003594244,-0.001417695,-0.001225022,-41.66653821,220.9299782,0.543977591,971,34334,1346092,54947408,23683,823346,31971876,1290770870,712987,25168560,983002682,39694378320,0.347441127,0.08825623,0.087551963,0.017408271,0.053736831,0.047549155,0.002353971,0.029103184,0.035985641,0.010854587,0.029505706,0.006802814,0.006081693,0.023852969,0.01884748,0.001162397,0.001473839,0.007971645,0.009323377,0.018145161,0.010753831,0.011513296,0.00392625,0.003021199,0.004085556,0.003247199,0.005991265,0.01179075,0.011493085,0.008294039,748.3594233,880.3903193,0,6,6,6,1,0,2,2.828427076
574,331,22,1,blind_batch2_0127.tif,mpfc,3199,18304,857,228,714,100,797.0253204,161.1603626,3199,3.44329009749344e-11,2904708.949,-58684948.34,-5.69E-11,-1052528.989,24348981.89,-2049409690,2347870.734,1193621.46,2301514409,-29527441694,65.00891868,13322,0.76558712,63.82079053,-23,0.174770542,0.015382505,0.513267977,0.045273487,0.03033294,0.010845563,0.000196703,0.001762565,-2.13E-06,1161.306818,480.6374401,908.0052982,329.0181273,329.0181273,733.9389603,136.3118083,160.4150866,11.66190379,2.440894833,1,113.6261223,87.69377995,NA,NA,0.283840356,-0.101389067,NA,-0.102850306,0.042067355,-0.062601691,0.229427621,0.002062201,0.070302534,-0.015946889,-0.010766601,-0.05729926,0.021545586,-0.031381114,-52.40836861,1616.58492,0.24012911,3199,265598,24956068,2495629376,195652,15191541,1375898037,1.34883e+11,14314018,1060873443,93634495999,9.07598e+12,0.158282878,0.007547245,0.07676676,0.017106969,0.018363398,0.008756795,0.032604279,0.014200972,0.002034439,0.01166559,0.008468995,0.001573211,0.019277128,0.00911872,0.003815571,0.003279233,0.009992556,0.010689287,0.002580581,0.002628683,0.014084989,0.008930567,0.001126284,0.000236999,0.003427434,0.00954242,0.007750008,0.001440873,0.003605022,0.002137115,797.0253204,161.1603626,0,1,1,1,63,56,16,892.8448131
575,332,22,2,blind_batch2_0127.tif,mpfc,3235,19530,436,335,343,125,387.6544049,232.766306,3235,-1.07E-11,1011413.625,5699242.168,-1.52E-11,249819.7301,-5627702.513,-27412192.35,6093773.327,-20958945.29,1259266463,-6434244324,85.94215831,13917,0.91452955,64.17889004,-58,0.165642601,0.011635733,0.678933033,0.238128171,0.013288783,0.002402219,1.34831559203852e-05,0.000630515,-1.56E-06,1887.487947,308.8604151,312.6471792,-77.22402786,-77.22402786,1883.701183,173.7809171,209.1936902,7.211102551,1.637825378,1,88.27509494,70.29770012,NA,NA,0.096645187,0.009574837,NA,0.023871415,-0.009454649,-0.000809694,0.582287846,-0.035211434,0.037195875,-0.00334147,-0.032318355,0.070840849,-0.016795643,0.010700647,2.807312136,1869.154508,0.232449522,3235,144457,7462055,429241015,348624,15817417,820841503,46970834797,43663694,1982661627,1.01795e+11,5.71821e+12,0.094121154,0.003117344,0.056124275,0.013667336,0.003719011,0.001649528,0.031940308,0.010513521,0.00668056,0.0018311,0.002593185,0.001363522,0.019601381,0.004909958,0.00695329,0.003710053,0.000654925,0.001552686,0.001517754,0.00129394,0.00873759,0.004766775,0.00342659,0.004567352,0.002118357,0.000992592,0.001311414,0.000648307,0.002178658,0.001064044,387.6544049,232.766306,0,2,2,2,69,66,17,971.6438071
576,333,22,3,blind_batch2_0127.tif,mpfc,2826,27360,636,445,465,285,544.9225053,341.9936306,2826,2.10036432690686e-11,3375218.029,47689580.76,-1.12E-11,-998348.3949,-79429306.09,-2504071586,2873925.885,11472747.2,3506444314,74411655345,81.03614147,16901,0.703986615,59.98478935,-31,0.103289474,0.012340173,0.782485343,0.066447973,0.489355158,0.021871278,0.001983743,0.004515537,0.001088342,1469.887926,741.4156528,1194.344667,353.2726097,353.2726097,1016.958912,153.3564698,174.9285568,9.848857802,1.762143275,1,154.5401933,108.9157952,NA,NA,0.422627271,0.112329315,NA,-0.125008001,-0.187089914,-0.110950756,0.359858072,0.027023216,0.155364028,0.06202095,0.137570721,-0.074792368,-0.074206345,-0.059351444,-52.04671461,1696.408296,0.167209041,2826,225861,21426595,2299668495,161064,11874290,982169124,90386646494,12053548,861023502,66053132964,5.43514e+12,0.097647052,0.006858284,0.049805093,0.007487675,0.009167389,0.011779,0.026725966,0.007855686,0.003209966,0.00807317,0.007275017,0.002602785,0.015633965,0.006606181,0.006059605,0.005617959,0.005051374,0.004161964,0.002107209,0.002375162,0.008690099,0.005290174,0.009876525,0.003580992,0.000885821,0.006970088,0.003058762,0.000961326,0.001249355,0.003228149,544.9225053,341.9936306,0,3,3,3,65,63,16,893.8153767
577,334,22,4,blind_batch2_0127.tif,mpfc,3544,32571,1019,425,878,194,953.7164221,313.8067156,3544,-1.06E-11,4226144.004,-51219387.33,3.17470494337613e-11,3829872.749,-37797647.73,9456462530,9256988.6,-34237870.77,13224156814,-2.18E+11,116.1134339,19047,0.899606577,67.1741092,-37,0.108808449,0.008612268,1.073503289,0.532361571,0.011278277,0.027791562,0.000484954,0.017585804,8.31425951663172e-05,3195.154172,609.3414837,1192.478556,-1080.663868,-1080.663868,2612.017099,226.1027792,247.3479331,8,1.455565037,1,112.5191811,98.73937279,NA,NA,0.336478148,-0.068501502,NA,0.304927728,-0.050551086,0.212445515,0.737025141,-0.045790192,0.297089191,-0.082189409,-0.070811883,0.430110038,-0.102350408,0.289455931,28.35174471,2274.013419,0.186066047,3544,268339,24543813,2447127325,424595,35978687,3482684499,3.59923e+11,60126321,5436000981,5.43314e+11,5.73326e+13,0.073754286,0.004686212,0.036467929,0.012670542,0.004919771,0.001692974,0.006382425,0.013660238,0.004152178,0.003238346,0.003534637,0.000738607,0.004535479,0.006164825,0.005183206,0.001931113,0.003240632,0.002019954,0.002507895,0.000333628,0.002466742,0.002299989,0.003857871,0.002476336,0.001308838,0.002328724,0.002375742,0.003815414,0.001015826,0.000262019,953.7164221,313.8067156,0,4,4,4,88,79,15,1257.734214
578,335,22,5,blind_batch2_0127.tif,mpfc,2902,32111,514,501,351,304,439.6257753,396.8028946,2902,2.71995759248966e-11,3378463.592,-33043574.62,-6.44E-11,1573142.943,43109966.48,6499027428,4133455.256,91772446.21,6901708141,3.16776e+11,82.49680106,17463,0.775958416,60.78602766,-36,0.090374015,0.012121682,0.891981961,0.147611722,0.544942516,0.025236531,0.001872023,0.008164303,-0.002292211,1851.743957,736.7876925,1164.18456,-542.0892293,-542.0892293,1424.34709,172.1275786,208.4706214,8.544003745,1.619301297,1,131.5015035,108.5753337,NA,NA,0.401166285,-0.072835566,NA,0.186798494,0.095024188,0.265923149,0.490815675,0.202287379,0.282399788,0.240608428,-0.002944011,0.245209011,0.283120906,0.422835071,38.25314023,1734.491557,0.166179923,2902,257192,26172304,2885335070,269314,25441305,2750817561,3.22797e+11,29126574,2965122087,3.40797e+11,4.22551e+13,0.079912561,0.012936851,0.039933572,0.009768129,0.008311821,0.003378879,0.02252027,0.00777154,0.002436065,0.00173745,0.000917876,0.00540937,0.018172932,0.003446073,0.003927339,0.002006578,0.002122014,0.0024175,0.005417964,0.001617253,0.010502043,0.004520977,0.003182432,0.002549073,0.001833187,0.002429313,0.003333556,0.003135308,0.000982781,0.001201194,439.6257753,396.8028946,0,5,5,5,73,60,17,895.0580187
579,336,22,6,blind_batch2_0127.tif,mpfc,2498,18450,161,477,11,354,80.77381906,420.5360288,2498,1.46656020660885e-11,2533049.208,18113114.29,-9.15E-12,-699527.1437,-18249489.31,-1698002556,1339805.257,30266286.18,1784717510,62583154691,60.78598898,11128,0.802419088,56.39638626,-31,0.135392954,0.016451159,0.620649356,0.086835852,0.065727425,0.040254034,0.001647194,0.010356453,0.001254577,1143.245412,407.1366794,1014.030908,280.0348854,280.0348854,536.3511839,135.2476491,150.2065245,10.29563014,1.993945071,1,96.70527448,80.71051276,NA,NA,0.405937113,0.058078052,NA,-0.112103637,-0.058515326,-0.108933395,0.214712243,0.097046092,0.114496492,0.08033114,-0.068726704,-0.096887437,-0.075328942,-0.077021605,-65.23031885,1381.34733,0.224478792,2498,174295,14694277,1396869973,166207,10897370,861831988,77207464442,12398559,802273582,62164553108,5.42347e+12,0.140952246,0.015520633,0.060057675,0.0192411,0.026089344,0.007998644,0.014428775,0.016133345,0.004565109,0.016819747,0.008620224,0.004745033,0.001821178,0.013247635,0.006539241,0.003567492,0.005857662,0.00726342,0.003375734,0.003852154,0.002676332,0.007713743,0.006343919,0.002636635,0.004692695,0.008089245,0.006599002,0.002421346,0.003771271,0.00105478,80.77381906,420.5360288,0,6,6,6,62,58,10,780.4062135
580,337,22,7,blind_batch2_0127.tif,mpfc,3819,27846,329,616,147,463,239.8347735,540.979314,3819,-2.17E-11,5451312.742,-3181059.814,-1.34E-11,1565295.947,82880667.99,2638841296,4543661.366,6989840.091,6153412191,84856780138,107.4867232,17669,0.701309921,69.73164146,-49,0.137147167,0.009303475,0.685302564,0.049946755,0.110071634,0.001396979,-1.58E-05,-1.73E-05,7.07571603903349e-06,1735.335021,881.8354705,1427.41889,-409.8706329,-409.8706329,1189.751601,166.6294102,183.0027322,11.66190379,1.794443859,1,126.5080962,118.7828587,NA,NA,0.373767712,-0.003529374,NA,0.107324073,0.091955794,0.047376644,0.311534852,0.007755202,0.110475769,0.024652601,-0.054819273,0.106123148,0.025910645,0.050750654,53.08422014,2271.209378,0.216141264,3819,354536,38364582,4570528988,297803,29211770,3365152242,4.22599e+11,27766135,2828774102,3.38148e+11,4.37302e+13,0.139588333,0.01390133,0.053006756,0.013364311,0.008611246,0.012647051,0.013822419,0.008344724,0.007246955,0.007982302,0.00990821,0.009438703,0.005659515,0.007993361,0.005315321,0.004151631,0.011649192,0.003343479,0.006215569,0.000460871,0.000182242,0.006242967,0.004851119,0.002587449,0.002162075,0.010249526,0.002866891,0.003811059,0.003136094,0.004125346,239.8347735,540.979314,0,7,7,7,78,69,14,1126.579883
581,338,22,8,blind_batch2_0127.tif,mpfc,5756,42680,955,669,761,449,867.0430855,580.5602849,5756,4.32009983342141e-12,11863891.31,-244249622.7,2.56250132224523e-10,-5090593.951,151289000.9,-13169053935,15008804.08,195525721.7,21338116940,-69604853686,149.1922848,28644,0.753577858,85.60821701,-99,0.134864105,0.006702759,0.811091143,0.103441013,0.249280473,0.018186889,0.000493281,6.50939352327558e-05,-0.001120818,3259.949777,1408.69084,2061.134697,884.3978372,884.3978372,2607.505921,228.3838796,235.7328997,9.433981132,1.662357799,1,171.024883,150.1301217,NA,NA,0.358084555,-0.097169941,NA,-0.153647991,0.060187374,-0.069054537,0.453006588,0.077786089,0.111890634,-0.004810794,-0.193645813,-0.136597718,-0.009848676,-0.041429282,-36.41718496,3285.0237,0.200949588,5756,610384,76590894,10393852378,757261,75211699,9147964259,1.23065e+12,114634277,11012258175,1.31296e+12,1.75123e+14,0.131439121,0.028177235,0.031314335,0.012779945,0.017667382,0.007608385,0.015291066,0.017320111,0.009503117,0.00466321,0.003137651,0.001396722,0.010699036,0.011883884,0.008010082,0.002869218,0.004545626,0.009077391,0.003228614,0.003089479,0.004380277,0.000332116,0.001307051,0.0038903,0.001205597,0.001922616,0.006084796,0.006463622,0.001003282,0.002232491,867.0430855,580.5602849,0,8,8,8,143,151,8,1957.613516
582,339,22,9,blind_batch2_0127.tif,mpfc,1679,12480,515,644,411,524,459.6075045,587.7474687,1679,-3.41E-12,563162.3454,688148.6357,1.10844666778576e-12,-189067.4181,11278374.19,37657834.38,1289782.927,2970952.193,589994810.6,6233933478,39.54991295,8257,0.783007438,46.23601622,-11,0.134535256,0.025284506,0.657296319,0.084429858,0.106354712,0.006230714,-1.79E-05,0.000474295,0.000159391,795.7322342,307.8682852,335.4153338,112.6071579,112.6071579,768.1851857,112.8349048,123.9072234,8.062257748,1.9128391,1,94.94001588,70.1847032,NA,NA,0.199770896,0.005957383,NA,-0.067067992,0.097638199,0.007956155,0.457525423,0.025719879,0.124651097,0.032142876,-0.02533837,-0.070944216,0.078361472,0.018386046,-13.74628055,913.4884194,0.203342618,1679,81612,4530118,275633712,107032,5013491,281681739,17913127337,8112802,373208873,21429947541,1.42518e+12,0.134102738,0.013658805,0.057049848,0.015389823,0.015656855,0.013642843,0.03678751,0.003206838,0.00373364,0.012893187,0.011115182,0.010056498,0.024733608,0.004727972,0.002220826,0.003936881,0.0116397,0.009619537,0.005630537,0.004491085,0.006950627,0.002483843,0.00192075,0.001126984,0.000352092,0.009932543,0.008284327,0.001374485,0.002681594,0.002124541,459.6075045,587.7474687,0,9,9,9,33,23,12,380.3746797
583,340,22,10,blind_batch2_0127.tif,mpfc,3310,22680,159,664,24,496,92.74441088,571.7359517,3310,-5.88E-12,2408077.772,-24758817.27,7.14521775080357e-11,521681.6151,27844355.32,17335666.97,5266327.222,-192915.7277,4357550530,-35654707963,81.87267182,17147,0.75354168,64.91858665,-57,0.145943563,0.012214088,0.700468688,0.077128419,0.029044186,0.001680312,9.97299500790884e-06,-0.000459493,6.19136070538931e-06,1618.902341,699.6490165,727.5159431,-157.6077387,-157.6077387,1591.035414,160.942342,178,8,1.763269703,1,129.0209285,105.8035173,NA,NA,0.219793336,-0.039278954,NA,0.047615631,0.044174046,0.000478032,0.480675352,-0.000306054,0.120159594,-0.017089089,-0.033527959,0.111322039,0.02115614,0.032567152,10.02694481,1845.391052,0.193036683,3310,227544,18050456,1547192922,250686,17754943,1466638209,1.30334e+11,24252270,1746035205,1.47837e+11,1.34385e+13,0.132594693,0.0182324,0.050202008,0.014906584,0.012224617,0.012254586,0.016617083,0.0087259,0.005878839,0.01614508,0.013247652,0.002777591,0.008850272,0.008630887,0.003878654,0.006190726,0.013409676,0.006676129,0.004617122,0.004099656,0.002655281,0.000154474,0.002678882,0.004036777,0.003230733,0.007738818,0.002922316,0.006314148,0.004369497,0.003213652,92.74441088,571.7359517,0,10,10,10,65,61,13,826.2762727
584,341,22,11,blind_batch2_0127.tif,mpfc,4238,30336,428,742,300,505,366.1576215,644.4034922,4238,3.96198629459832e-11,3363860.709,-45836261.11,2.80238054983783e-11,-1215500.533,28734665,-1810932925,9928920.028,46511400.78,4809463074,-56726500488,120.7677766,20132,0.830629623,73.45739711,-55,0.139702004,0.008280354,0.740106019,0.151928362,0.155434335,0.06899475,0.006560578,0.0252601,-0.002829972,2394.22824,742.3410702,793.7377793,286.8099417,286.8099417,2342.831531,195.7234065,236.9324798,10.63014581,1.730835774,1,125.8747175,108.9837471,NA,NA,0.187290651,-0.039201872,NA,-0.067675777,0.024575579,-0.023791373,0.552815368,0.039779291,0.063184963,-0.011447816,-0.287243461,-0.130666376,-0.016758687,-0.024792635,-10.15964056,2536.068289,0.21051063,4238,280376,21912870,1848957146,590792,37869893,2922636019,2.45683e+11,92287388,5813135449,4.43432e+11,3.69503e+13,0.096121795,0.018948754,0.045685684,0.014743656,0.015962875,0.002890384,0.017522423,0.008853934,0.004888581,0.006552061,0.002314714,0.001022577,0.007618888,0.004617978,0.001943692,0.003585801,0.005266678,0.002379964,0.001364495,0.000867851,0.000605893,0.006251265,0.00039222,0.002814061,0.003566772,0.005143164,0.003014081,0.000643364,0.0017688,0.000744044,366.1576215,644.4034922,0,11,11,11,111,117,10,1488.569786
585,342,22,12,blind_batch2_0127.tif,mpfc,3851,25688,573,795,421,626,486.7870683,704.5001298,3851,2.35331754083745e-11,4449151.396,74681497.37,-1.32E-11,-1494462.894,37731261.25,-2597572778,4096114.75,-50572142.23,4221200008,-92948716687,108.4987373,17740,0.721759359,70.02317821,-90,0.149914357,0.009216697,0.576207035,0.041186341,0.080587718,0.001184583,-2.76E-07,-0.000231244,1.15706890058601e-05,1500.255669,718.7176229,1155.323655,388.0713824,388.0713824,1063.649636,154.932536,180.1554884,8.246211251,1.546041438,1,137.6517669,107.2356376,NA,NA,0.300006143,0.081148262,NA,-0.100771587,0.040998458,-0.045482797,0.276200892,-0.054951247,0.073912072,-0.026226243,-0.018675836,-0.07072382,0.020763985,-0.030871492,-48.36813715,2291.416485,0.217080045,3851,253346,21116042,2049237248,302304,18393231,1498710635,1.46311e+11,27827018,1545454729,1.2047e+11,1.15926e+13,0.151073622,0.010907086,0.06686909,0.014428804,0.010359975,0.011286076,0.023273816,0.013891513,0.002082424,0.011086304,0.01338858,0.005472833,0.011489209,0.008172904,0.004387041,0.00331646,0.010811835,0.007373834,0.005964196,0.001222854,0.001320554,0.007300499,0.007266095,0.003524333,0.000683473,0.006400827,0.004075542,0.003461366,0.003316198,0.000968603,486.7870683,704.5001298,0,12,12,12,82,87,12,1200.621514
586,343,22,13,blind_batch2_0127.tif,mpfc,3542,24310,1002,858,872,671,948.7763975,767.4223602,3542,3.97903932025656e-12,2358264.907,-32178752.72,7.03153091308195e-11,-724223.4907,9309917.507,-990335834.6,5124290.149,-32108666.28,2716463857,-27429073966,86.22318205,15565,0.767363292,67.1551522,-52,0.145701357,0.011597809,0.596420836,0.061938564,0.012141882,0.007778995,-7.56E-05,-0.001934012,1.58356304326782e-06,1497.01821,615.5043924,665.800369,204.4673887,204.4673887,1446.722233,154.7652783,188.7326151,10.63014581,1.811536106,1,126.1614758,99.23744393,NA,NA,0.187973001,-0.043097077,NA,-0.057726535,0.012468794,-0.022286241,0.408447835,-0.04300321,0.061130544,-0.010371491,-0.031593005,-0.052791873,0.005767654,-0.009998665,-13.81954656,1959.030663,0.227561837,3542,271942,23236992,2113991950,341528,25497066,2138668990,1.92183e+11,38055226,2749971816,2.24382e+11,1.97567e+13,0.126609053,0.009008168,0.065256569,0.012004879,0.015811098,0.001321308,0.015508978,0.009320995,0.00421138,0.018529818,0.002366502,0.002866327,0.00657509,0.004733673,0.000669538,0.003857281,0.014892534,0.005494897,0.004873414,0.001505877,0.006972693,0.003701126,0.000914894,0.002712697,0.002253539,0.007246779,0.006581384,0.006739245,0.001545528,0.000767736,948.7763975,767.4223602,0,13,13,13,63,70,8,1075.839767
587,344,22,14,blind_batch2_0127.tif,mpfc,2383,22331,406,888,269,725,324.5316828,788.0675619,2383,-1.12E-12,2349467.358,75832241.02,-1.43E-11,-886833.6009,-56886321.72,-3321725667,2645310.123,-12319609.23,3617788676,1.16896e+11,55.15431414,13126,0.727614451,55.08293597,-21,0.106712642,0.018130948,0.879565245,0.100268778,0.703159129,0.060170133,0.012370322,0.010205556,-0.000391387,1425.29339,670.7105884,985.9283919,372.1500633,372.1500633,1110.075586,151.0122321,182.2361106,12,2.029733791,1,123.604707,103.5923231,NA,NA,0.413734113,0.27355445,NA,-0.156168721,-0.205209635,-0.245466164,0.465831132,-0.044441307,0.267344386,0.17695645,0.117589426,-0.191497096,-0.125717903,-0.218321789,-40.26519988,1285.158513,0.181548073,2383,132332,9698086,875323028,150290,7459023,456253593,34201417389,12123734,549070875,29382351537,1.89102e+12,0.087213426,0.015366426,0.039763156,0.004929247,0.017318355,0.006982299,0.019474955,0.003562721,0.008756527,0.014148208,0.003776821,0.005162636,0.009913473,0.008659863,0.006956326,0.00258104,0.009276936,0.001462675,0.004025936,0.004149495,0.002302398,0.011550738,0.001936965,0.003663969,0.002473568,0.007397457,0.005244872,0.001440811,0.002433343,0.003726259,324.5316828,788.0675619,0,14,15,14,51,42,15,665.9381745
588,345,22,15,blind_batch2_0127.tif,mpfc,2565,11960,571,869,456,765,507.4249513,817.1555556,2565,-1.26E-12,2281054.803,25579093.78,-9.02E-12,-658702.5556,-6029694.829,-1131931875,1109674.933,4586462.54,1217713654,27363127240,57.18997551,8930,0.827121397,57.1476984,-33,0.214464883,0.017485582,0.515369171,0.071793942,0.0029283,0.009189026,4.71374136037611e-05,0.002424978,-7.08E-06,1004.599033,317.3228915,889.3001182,256.8041152,256.8041152,432.6218064,126.7816411,130.3840481,12.20655562,2.186862456,1,87.48422173,71.25423681,NA,NA,0.346705699,0.076765614,NA,-0.100118563,-0.018095763,-0.067074614,0.168663472,0.013764468,0.072157764,0.032015474,-0.013421383,-0.038262065,-0.014735034,-0.028341546,-65.82105847,1357.714862,0.287234043,2565,131905,9064263,726314641,133779,6220876,398974484,30593314108,8086993,351749688,21584840276,1.61802e+12,0.192109378,0.026925806,0.065054029,0.034807917,0.015146691,0.009125997,0.002578105,0.028969721,0.014622446,0.001508854,0.012522854,0.001467918,0.010336572,0.011300263,0.016879784,0.003766912,0.002912637,0.008712842,0.001411618,0.001973406,0.008975572,0.007511193,0.007644832,0.009247094,0.002011367,0.00335276,0.009665041,0.002900234,0.002981987,0.002796946,507.4249513,817.1555556,0,15,16,15,50,43,12,640.4234558
589,346,22,16,blind_batch2_0127.tif,mpfc,1255,5346,747,924,681,843,711.8087649,888.7912351,1255,5.11590769747272e-13,260918.1036,-50815.1556,-3.92E-12,136794.8964,1030905.094,49466016.18,397867.3036,-65778.4058,80738755.37,82377721.47,23.09538219,4241,0.796410457,39.97393687,-10,0.234754957,0.043298699,0.41826981,0.037733832,0.012330285,0.00138126,5.64041608478034e-06,0.000146279,-8.24E-07,384.3574232,140.5711881,207.9028714,-108.9999175,-108.9999175,317.0257399,78.42014264,87.7097486,9.433981132,2.250770764,1.414213562,64.10644766,47.42508839,NA,NA,0.165659658,-0.000910718,NA,0.086852524,0.01847606,0.025025096,0.252610151,-0.001178892,0.040846126,0.001176405,-0.055582582,0.037225101,0.008387225,0.00990171,31.70455149,603.5168107,0.295920773,1255,38665,1452139,60764923,57468,1907313,75955107,3316778565,3029398,105794247,4365590569,1.95337e+11,0.204020829,0.015078941,0.092575726,0.024244835,0.01953338,0.00606865,0.033711819,0.02556336,0.006455039,0.007724256,0.005737783,0.008145432,0.021119981,0.016099163,0.007829676,0.003291648,0.005149247,0.007351884,0.00473439,0.002540164,0.016989954,0.008115268,0.003884393,0.006531278,0.001694779,0.011105454,0.004359991,0.00132689,0.00356696,0.002733113,711.8087649,888.7912351,0,16,17,16,45,43,15,556.6833405
590,347,22,17,blind_batch2_0127.tif,mpfc,5326,29469,905,1011,764,802,831.8285768,898.0112655,5326,-6.55E-11,5379782.491,11832900.53,5.90318904869491e-11,905696.2854,-597052.9258,5960200238,12297693.32,8894527.918,13007525466,1.43305e+11,140.4926407,22532,0.758972651,82.34849006,-96,0.180732295,0.007117811,0.623186343,0.063554231,5.18077552806052e-05,0.00010057,-7.03E-09,-2.51E-05,1.80365649033307e-09,2330.886588,988.203877,1010.098102,-170.0518748,-170.0518748,2308.992363,193.1170251,211.5585025,12.72792206,1.881229253,1,124.6881028,125.7428409,NA,NA,0.189654169,0.005715949,NA,0.031928628,-0.00028841,0.039450941,0.433532175,0.004296551,0.08609763,0.012997436,-0.00027726,-0.013809553,0.001783019,0.018074949,7.336486688,3066.424674,0.236374933,5326,361255,29883195,2768573467,511356,35590246,2991390496,2.84154e+11,61393630,4347051168,3.69739e+11,3.57932e+13,0.150887983,0.014334534,0.059017312,0.019239532,0.004032005,0.005024771,0.0237647,0.007358846,0.006514273,0.003501206,0.003127211,0.000239357,0.020328382,0.005182051,0.007777001,0.007236089,0.001545973,0.003530703,0.004349927,0.001041718,0.010419974,0.00170021,0.007833539,0.008128541,0.002892342,0.003780889,0.006383326,0.003944976,0.001429005,0.001140098,831.8285768,898.0112655,0,17,18,17,119,121,18,1628.452039
591,348,22,18,blind_batch2_0127.tif,mpfc,2389,10416,779,1007,695,883,733.7266639,947.518627,2389,-3.27E-13,918530.5115,4294380.496,-2.04E-11,-517399.3365,-5619625.188,-438213824.1,1436586.421,2626187.177,683715383.7,5084199591,47.35512544,6963,0.811758085,55.15223724,-28,0.229358679,0.021117038,0.412648409,0.041112858,0.003318361,0.001212088,2.08854088541867e-06,0.000218028,-1.24E-06,735.1089992,250.7080509,384.4832614,216.5756955,216.5756955,601.3337887,108.4515744,129.3406355,9.055385138,2.10685699,1.414213562,75.76684192,63.33505202,NA,NA,0.160938996,0.015394307,NA,-0.090655377,-0.020144986,-0.03213939,0.251709413,0.009414241,0.050144915,0.007628973,-0.004280894,-0.065497664,-0.013781764,-0.02060714,-31.70293658,1192.330086,0.343099239,2389,92518,4501444,249763534,154135,5451735,244733061,12695382525,11381165,376616949,15883381007,7.7827e+11,0.180395682,0.013398891,0.094090967,0.021441363,0.01112393,0.006607878,0.031256532,0.012699418,0.009222565,0.008080934,0.010506246,0.00253023,0.003669464,0.002643014,0.006599444,0.005170996,0.009951512,0.011628098,0.003549525,0.00189481,0.0071858,0.005563926,0.001846317,0.005323207,0.002638682,0.012272406,0.010637925,0.005761101,0.003256079,0.001277078,733.7266639,947.518627,0,18,20,18,14,8,8,163.1959621
592,349,23,1,blind_batch2_0132.tif,mpfc,1976,13662,881,144,782,6,831.7373482,67.51265182,1976,-4.97E-13,697472.6837,-50905.78305,2.01794136955868e-12,-695342.9337,-7251907.702,-522326323.4,1623991.684,2706791.417,879204304.4,10882196758,27.62582551,6842,0.914928808,50.15896072,-5,0.144634753,0.036198013,0.594549669,0.183162605,0.056364717,0.004533779,6.4010938170491e-05,0.000249971,-3.40E-05,1010.254377,164.575768,352.9720059,351.8941972,351.8941972,821.8581395,127.137996,143.7358689,14,3.178354426,1.414213562,68.78930896,51.31483497,NA,NA,0.178629558,-0.000293292,NA,-0.178084108,-0.041781586,-0.067698819,0.415920111,0.015595074,0.113953845,0.031729431,0.107353181,-0.224137199,-0.020378109,-0.081113012,-28.16359487,828.2396821,0.288804443,1976,98281,5585709,347148331,121549,5350182,267170838,14589190134,9100793,369811326,16899430738,8.43272e+11,0.121777412,0.018928062,0.060494429,0.017883186,0.022952156,0.004027461,0.037453807,0.003066039,0.013289566,0.019504779,0.003167347,0.002401016,0.024833812,0.003814906,0.009359752,0.00747829,0.017138692,0.002522753,0.004661734,0.001395715,0.011531316,0.004297903,0.004419638,0.005276826,0.004537084,0.01300173,0.00305353,0.00403087,0.004429193,0.001207925,831.7373482,67.51265182,0,1,1,1,27,22,5,397.1736695
593,350,23,2,blind_batch2_0132.tif,mpfc,2326,16006,439,181,333,30,381.272141,90.08340499,2326,9.71311919784057e-12,965582.7347,5625494.124,-1.48E-12,-1070496.795,-10465110.62,-1245625960,2401201.819,8051597.64,1525915356,30746413864,22.66013537,7991,0.931273037,54.42017256,-4,0.145320505,0.044130363,0.622294418,0.227010902,0.072816669,0.012728803,0.000146455,-0.002225171,-0.000358782,1277.847446,169.6093702,415.1258533,460.2307805,460.2307805,1032.330963,142.9879685,161.5487543,12.20655562,2.981177665,2,70.70291956,52.09366491,NA,NA,0.178471992,0.021559387,NA,-0.19786362,-0.040106942,-0.098982523,0.443822426,0.03085729,0.121255462,0.050659451,0.140013375,-0.194809999,-0.048564317,-0.096639146,-28.07830854,813.8437585,0.291077462,2326,112281,6385627,407094873,139754,5675728,269854758,14215086670,10798098,400660722,17273903212,8.16668e+11,0.113380669,0.036598947,0.039617894,0.009335355,0.038052599,0.009053585,0.000585875,0.010345523,0.005907822,0.020744907,0.009026242,0.003422883,0.005950985,0.019061632,0.004580652,0.003494288,0.006801079,0.008016041,0.005793063,0.001803702,0.006337087,0.012235417,0.006321408,0.000982579,0.002418756,0.001917183,0.008366603,0.005342718,0.003432218,0.000208901,381.272141,90.08340499,0,2,2,2,19,18,2,267.7350677
594,351,23,3,blind_batch2_0132.tif,mpfc,1689,10416,978,203,885,91,939.9786856,157.008881,1689,6.32383034826489e-13,483913.2327,-4967711.042,4.67537120130146e-12,-307954.6803,2092871.632,-337621247.4,935052.8668,6424192.969,458070770.8,-2116784786,19.413949,6475,0.836446918,46.37350096,-6,0.162154378,0.051509355,0.497407948,0.071623259,0.074774366,0.011721544,0.000302459,0.002381816,-0.00017012,646.0705121,194.0515124,286.5087227,182.3295916,182.3295916,553.6133018,101.6716686,133.056379,11.18033989,2.913491962,2,71.28772336,55.72094937,NA,NA,0.169632163,-0.042372316,NA,-0.107951209,0.017851243,-0.070071404,0.327775786,0.054795444,0.09507003,-0.010689883,-0.125402206,-0.122101806,-0.016135035,-0.07272859,-26.88903478,641.9137803,0.260849421,1689,92859,5589179,355527831,111489,5821564,337166436,20683039966,8294317,421779352,24149743168,1.46851e+12,0.121469814,0.021967741,0.067410478,0.00916773,0.028286373,0.005773466,0.02951576,0.007515579,0.007179467,0.022384883,0.009600374,0.000235768,0.011828023,0.005778833,0.008448961,0.004728672,0.014423017,0.007576596,0.00083521,0.000865799,0.00574861,0.003132292,0.010173252,0.005435533,0.002391228,0.009966355,0.005374498,0.003807792,0.002499595,0.000530088,939.9786856,157.008881,0,3,7,3,13,7,8,216.8650094
595,352,23,4,blind_batch2_0132.tif,mpfc,2550,13455,574,201,457,86,491.8752941,156.2854902,2550,-1.48E-12,1616562.344,39799975.45,2.79953837889479e-11,-884775.2141,-24178103.37,-1656160682,1642612.163,12037278.62,1323308148,39259335512,28.98709422,8701,0.838943622,56.98035485,-13,0.189520624,0.034498111,0.501218686,0.074072887,0.030527103,0.039363523,0.00123136,0.010283499,-0.000587963,986.0620914,292.0455583,633.9460171,346.9706722,346.9706722,644.1616326,125.6065025,136.0036764,13,2.975051582,2,91.92388155,68.35736195,NA,NA,0.248606281,0.121208298,NA,-0.13606693,-0.073632879,-0.099880781,0.252612405,0.036658768,0.079806901,0.046886986,-0.046539966,-0.073784364,-0.03494362,-0.041991751,-44.57830054,963.7787873,0.293069762,2550,88932,4718092,317100996,179228,5365854,245721714,14873363376,14239740,384278680,15394533052,8.15579e+11,0.170844017,0.042884299,0.057395576,0.028582099,0.039478298,0.00764129,0.0043121,0.030445699,0.006790424,0.012177068,0.009192869,0.008661571,0.008242251,0.015520057,0.006327551,0.008872708,0.01078802,0.009926712,0.006700956,0.002597713,0.000658843,0.00198984,0.003491601,0.008409695,0.004727108,0.007332969,0.006762069,0.001705116,0.002419232,0.003429109,491.8752941,156.2854902,0,4,8,4,28,29,4,357.7888937
596,353,23,5,blind_batch2_0132.tif,mpfc,1514,5694,166,189,88,116,134.3804491,156.7992074,1514,-5.83E-13,475146.8613,-3287589.017,8.35598257253878e-12,178138.6565,-4716642.422,148992147,391240.959,-2733371.661,182421109.5,-3084020209,17.6878025,4136,0.770711679,43.90540594,-10,0.265893923,0.056536136,0.377972835,0.025498588,0.020841386,0.010654951,0.000129998,0.001582316,9.11640018331485e-05,407.0052949,165.2455772,313.8354434,-117.6609356,-117.6609356,258.4154287,80.69748892,92.31467922,12.08304597,2.919646528,2,63.65281016,51.41915241,NA,NA,0.207288932,-0.036860637,NA,0.077715281,-0.052883266,0.042932458,0.170683903,-0.03064672,0.052565097,-0.022838977,-0.025204558,0.038565177,-0.024152446,0.021555852,51.62604609,580.1025971,0.366054159,1514,70220,3731982,213878462,61770,3043059,164069567,9368390703,2911408,146834871,7946138983,4.52122e+11,0.225754575,0.049495386,0.08311688,0.028568162,0.039725126,0.01526924,0.010829329,0.031972522,0.011345754,0.016129879,0.0189113,0.008481782,0.001262292,0.022339721,0.004407519,0.008319449,0.001593285,0.010662969,0.00861706,0.005707447,0.002238905,0.012487521,0.004787092,0.006532445,0.001037794,0.004966527,0.001803318,0.005197762,0.007821039,0.002160029,134.3804491,156.7992074,0,5,9,5,14,8,7,182.1665245
597,354,23,6,blind_batch2_0132.tif,mpfc,1704,10560,394,290,274,202,331.1930751,247.903169,1704,-1.20E-11,1008447.478,-10252009.61,-3.87E-12,122848.8574,3875515.999,394089742.9,380877.0229,2346607.191,438462452.7,4462923530,15.91045669,6648,0.808259625,46.57896719,-9,0.161363636,0.062851747,0.478480798,0.053874132,0.025801798,0.007796173,-1.72E-05,-0.000459851,-0.000109234,605.4216708,209.9096092,591.8119004,-72.09439988,-72.09439988,223.5193796,98.42127175,135.0925609,12.80624847,3.76519165,2.236067977,71.39373891,57.95303053,NA,NA,0.347307453,-0.085533261,NA,0.04230892,0.032333711,0.079650106,0.131173345,0.019577914,0.088618346,0.02185123,0.026369488,0.04193421,0.027219913,0.060811426,79.3096748,583.6883835,0.25631769,1704,97457,6582313,481563137,78219,4596434,320076750,24369855314,3971377,240760174,17468225270,1.39658e+12,0.118882202,0.017441027,0.071275557,0.011742057,0.006354885,0.008896609,0.05435591,0.004992403,0.000946511,0.005013064,0.006691456,0.002915416,0.037863155,0.002692545,0.005799387,0.001106538,0.006722837,0.006011487,0.001779652,0.00150913,0.020727456,0.004937659,0.005356078,0.001620567,0.002206667,0.004032067,0.009651951,0.00292462,0.001284284,0.000619909,331.1930751,247.903169,0,6,11,6,18,17,3,274.9777089
598,355,23,7,blind_batch2_0132.tif,mpfc,1229,5040,90,301,30,217,62.31326282,253.3482506,1229,4.83169060316868e-12,236420.3938,-1327187.936,-5.33E-12,63472.92352,-173631.961,10844334.57,274558.9487,221886.2298,41211591.62,-301373584.2,11.26256587,3401,0.641833135,39.55769711,-3,0.243849206,0.088789714,0.338298115,0.007701215,0.005277804,0.002839055,-1.98E-06,-0.000122327,1.08094544319849e-05,261.8106001,153.9577827,192.3680991,-51.64599147,-51.64599147,223.4002838,64.72224967,86.97700846,8.544003745,2.733241991,2,57.99564967,49.63189019,NA,NA,0.156524084,-0.025064135,NA,0.042022776,-0.003279065,0.005841808,0.181774031,0.004190353,0.02220055,-0.004630987,0.052302937,0.027950813,-0.005094563,0.005177724,36.63903344,417.0609665,0.361364305,1229,39713,1519677,63057563,44672,1506971,59166003,2484869771,1898308,66176671,2635602483,1.10982e+11,0.20684883,0.059126969,0.082099967,0.00783728,0.050331399,0.001893088,0.007174161,0.023457071,0.009293289,0.024904691,0.003725562,0.00248831,0.005089569,0.011947885,0.007744906,0.007476777,0.021631472,0.003442686,0.007011026,0.005573351,0.002087409,0.003932037,0.005849421,0.0060825,0.002005416,0.013282688,0.001169427,0.009893916,0.009169604,0.00192307,62.31326282,253.3482506,0,7,12,7,10,6,5,92.15433013
599,356,23,8,blind_batch2_0132.tif,mpfc,2117,14040,729,385,651,205,693.6490316,289.6750118,2117,4.54036808150704e-12,624952.2305,-2733902.116,3.08233438772731e-11,-759850.4662,13461004.91,-511061415.4,2470360.408,-29292421.06,1067631989,-27631361233,23.94777699,7738,0.933565061,51.91770523,-24,0.150783476,0.041757529,0.690657616,0.284534213,0.177156645,0.056329024,0.005237804,0.022232175,0.002056347,1295.683494,166.4386783,295.2065331,358.9279481,358.9279481,1166.915639,143.9824153,182.7840256,12.72792206,2.982489582,2,64.82669203,51.60444606,NA,NA,0.139445693,-0.013258086,NA,-0.169545559,0.065279277,-0.053865478,0.551211922,-0.142053887,0.112527586,-0.063296439,0.114184411,-0.281491385,0.146461021,-0.098207913,-19.73579535,798.1747109,0.273584906,2117,90288,4475648,241455366,179257,6885287,327622779,17510104031,17648949,594737469,26455648741,1.3749e+12,0.080677884,0.011539612,0.049131133,0.010825012,0.017387626,0.000811872,0.027326596,0.011533645,0.005517406,0.017949738,0.004539952,0.000560548,0.011849719,0.012024762,0.004236275,0.00383787,0.012649136,0.006208524,0.000599853,0.000531522,0.004247019,0.010357616,0.00260446,0.003670625,0.002800329,0.00591734,0.006960974,0.000726242,0.000419253,0.000439703,693.6490316,289.6750118,0,8,14,8,27,29,3,400.2741749
600,357,23,9,blind_batch2_0132.tif,mpfc,1476,10878,221,356,110,258,173.1693767,310.6808943,1476,0,657379.6558,-11787881.55,-3.34E-13,388837.7764,-12383849.01,710347505.2,571032.7012,-7705926.393,628606830.2,-25316567384,18.12616461,5657,0.882171225,43.35091196,-8,0.135686707,0.055168869,0.563860227,0.128994968,0.176082435,0.092132146,0.011525404,0.033013766,0.002206813,681.1879635,151.069731,445.3791706,-263.4402279,-263.4402279,386.8785239,104.3983114,129.9576854,10.44030651,2.717316767,2,66.85370633,49.16417085,NA,NA,0.301747406,-0.140838007,NA,0.178482539,-0.147958444,0.220908175,0.262112821,-0.092068054,0.195487964,-0.204928598,-0.046687165,0.149988409,-0.175707014,0.255421816,48.16786013,579.8305192,0.26091568,1476,93238,6547166,484845040,77757,5300699,381651991,28560397715,4667341,328095739,23975021183,1.8091e+12,0.111273703,0.02958371,0.05167635,0.021829152,0.027730652,0.00460266,0.012487547,0.02417781,0.006668384,0.011382273,0.007426241,0.001053434,0.001950819,0.017886377,0.008577886,0.00346952,0.002785663,0.00705242,0.004117253,0.000171029,0.004254458,0.011077235,0.007412856,0.003750297,0.002470821,0.007408295,0.005828151,0.006218082,0.001062463,0.000904372,173.1693767,310.6808943,0,9,16,9,20,14,8,219.5929307
601,358,23,10,blind_batch2_0132.tif,mpfc,2024,9216,508,420,412,324,458.7885375,362.5889328,2024,-3.13E-12,853931.4941,2947440.478,-1.41E-11,676559.0632,6154869.102,658195539.8,1046889.992,8402429.716,720912388.4,11200459136,19.32346233,6114,0.914644374,50.76452342,-7,0.219618056,0.05175056,0.464002495,0.1113198,0.015818295,0.013495963,0.0001941,0.004285903,3.47727073938249e-05,807.2205003,131.9205502,421.9029121,-334.2683119,-334.2683119,517.2381384,113.6465046,132.9435971,11.70469991,2.946186058,2,64.6,45.94266865,NA,NA,0.208450055,0.015992589,NA,0.165152328,0.033395854,0.079382251,0.25555244,0.045590947,0.086946272,0.030026108,0.065110142,0.099565004,0.040380989,0.057161608,40.9420884,701.0559159,0.331043507,2024,94700,5284806,330124196,78104,4330931,273400311,18704570753,4060840,250618579,17029822003,1.22679e+12,0.145809485,0.019904158,0.078392454,0.02375467,0.023568873,0.004122509,0.023439383,0.028008374,0.007522455,0.017260433,0.008676897,0.001259984,0.001503963,0.017348273,0.009015096,0.004332683,0.012918919,0.008851821,0.004118544,0.000309119,0.002957646,0.00862228,0.006371614,0.00535697,0.002780321,0.010956217,0.005333301,0.006468635,0.001816667,0.000261751,458.7885375,362.5889328,0,10,18,10,23,18,5,267.8772043
602,359,23,11,blind_batch2_0132.tif,mpfc,1178,4266,320,456,266,377,295.7996604,416.7054329,1178,4.35562697020941e-12,157966.7199,-789193.5791,4.47641923528863e-12,-69309.51783,758364.8435,-11625656.86,267816.7852,924536.172,34291489.8,20079332.79,6.886303426,2682,0.766137058,38.72823497,1,0.276136896,0.145215791,0.306830305,0.016244904,0.010651145,6.29961197623634e-05,4.94815953625522e-08,7.9156703195372e-06,1.46412581067107e-08,255.7943384,105.651761,134.0973853,58.83660257,58.83660257,227.3487141,63.97428713,79.47955712,11,3.269465976,2.828427125,51.40194288,41.11481699,NA,NA,0.113834792,-0.016569916,NA,-0.049946182,0.015922636,-0.007111834,0.192995513,0.019411571,0.020977343,0.000357883,-0.023333514,-0.023677659,0.001841186,-0.002975337,-25.80228849,319.2792206,0.439224459,1178,35104,1204054,44505916,46773,1324510,44435050,1638653386,2124959,58743664,1957628708,72598229668,0.233500921,0.032421587,0.119384721,0.020621342,0.024818276,0.01760828,0.047452131,0.013922868,0.004617215,0.008097066,0.027892198,0.007369291,0.022953226,0.003341052,0.006041613,0.002211507,0.008195781,0.021950103,0.009534112,0.007182453,0.013129019,0.005333123,0.006361643,0.004394166,0.00193392,0.004688249,0.015918798,0.008027329,0.008116675,0.005201282,295.7996604,416.7054329,0,11,22,11,4,1,3,35.62741745
603,360,23,12,blind_batch2_0132.tif,mpfc,2060,11160,863,467,773,343,809.684466,414.3839806,2060,-3.96E-12,552576.9029,5865743.084,3.60955709766131e-12,259263.5874,1618547.389,252889832.2,993059.2714,-6179480.585,234118967.2,681506947.8,14.59963365,5833,0.781849314,51.21399674,-1,0.184587814,0.068494869,0.364227584,0.025704771,0.030188186,0.007273978,7.81350899038502e-05,0.000788427,7.42528598933235e-05,540.2913,210.0175224,268.241215,-125.8561104,-125.8561104,482.0676075,92.97666804,124.3100961,15.13274595,3.786571574,2.236067977,65.81309704,57.96792526,NA,NA,0.130214182,0.030454746,NA,0.061095199,0.008403445,0.028928753,0.234013402,-0.032083661,0.026781503,0.001717651,-0.09367551,0.043216867,-0.011975215,0.009369938,24.82625707,614.765548,0.353163038,2060,75570,3324822,168377040,147051,5653751,257979469,13497151781,11490145,452344887,21006144805,1.11949e+12,0.167162645,0.030472333,0.0922158,0.019464728,0.032061274,0.003840149,0.043218595,0.020021841,0.002769739,0.022074265,0.006334165,0.008651185,0.009635474,0.015437497,0.002182212,0.006765801,0.008777574,0.010370142,0.006401001,0.004496666,0.004797204,0.007371491,0.003737524,0.003658428,0.00408505,0.003325037,0.008748048,0.003320557,0.005392355,0.00166338,809.684466,414.3839806,0,12,23,12,5,4,1,98.98275709
604,361,23,13,blind_batch2_0132.tif,mpfc,2133,13568,995,481,889,353,928.4533521,420.07173,2133,-3.27E-12,1004252.609,12730224.21,-2.72E-11,-288456.3629,-6596910.855,-594038589.8,1207092.025,-904251.7379,714192636.6,5411644201,26.6817815,9016,0.658231724,52.11352942,-17,0.157208137,0.037478757,0.486043031,0.018066574,0.007612802,0.009338491,-5.12E-05,0.001255134,-5.98E-05,661.7152449,375.0145412,470.8169754,135.2350506,135.2350506,565.9128107,102.8953056,131.2173769,12.52996409,2.972470243,2,99.5121739,77.46116872,NA,NA,0.220729946,0.060584135,NA,-0.063401336,-0.031395216,-0.061212778,0.265313085,-0.004303405,0.073594067,0.01207428,-0.047160305,0.009170084,-0.016996919,-0.014410867,-35.31429977,845.6833329,0.236579414,2133,84154,4324410,262584958,143064,5355898,260687608,14890173106,10802642,386601652,18037434242,9.76001e+11,0.157441745,0.010425103,0.080361397,0.010921746,0.019400568,0.006775134,0.033771861,0.016638921,0.010109227,0.019179975,0.006174133,0.003850268,0.014590644,0.012597364,0.017648027,0.002773168,0.014003268,0.004063694,0.003794612,0.00335297,0.009583424,0.008538855,0.014018105,0.005671296,0.003781328,0.008939966,0.004793944,0.003175143,0.003300688,0.001102194,928.4533521,420.07173,0,13,24,13,28,28,7,371.5462526
605,362,23,14,blind_batch2_0132.tif,mpfc,2846,15886,663,517,569,348,622.5723823,442.8394238,2846,-1.71E-11,1022382.589,-9358903.761,-2.09E-11,-1137545.421,3959522.791,-1132833546,3232565.617,19174764.13,1926257923,-4826936895,29.22281065,9046,0.92421381,60.19667553,-27,0.179151454,0.034219843,0.525320666,0.153355478,0.041240919,0.009504807,0.000185743,0.00352187,-3.02E-05,1304.787043,190.2755729,359.2349224,399.6997264,399.6997264,1135.827694,144.4873444,184.7078775,13.89244399,3.318545687,2,73.47228969,55.17616484,NA,NA,0.126224498,-0.021658967,NA,-0.14044263,0.009163378,-0.049142972,0.399096168,0.044375452,0.083562178,-0.003925089,-0.103972492,-0.158298904,-0.020762591,-0.05494323,-22.91454373,1022.311796,0.314614194,2846,152467,9190403,592535821,269913,13322337,753690011,45905018907,28830959,1347949617,73554020395,4.3445e+12,0.106212145,0.01156415,0.066458869,0.014365771,0.014484372,0.001382255,0.038212345,0.01466132,0.004414949,0.011339828,0.003050829,0.001795298,0.024917175,0.009508292,0.003278953,0.002682059,0.009666072,0.003419666,0.003432233,0.00145332,0.01610512,0.006002223,0.001617758,0.002181641,0.00242207,0.008372139,0.003857507,0.003542868,0.003418702,0.000832327,622.5723823,442.8394238,0,14,25,14,28,23,5,379.830523
606,363,23,15,blind_batch2_0132.tif,mpfc,1550,12257,244,621,125,518,183.1322581,562.8845161,1550,9.75575176198618e-12,834575.8871,-2247984.76,7.97228949522832e-12,-636524.3258,6727550.136,-971205064.1,785822.3284,-6712254.66,803325722,-16019794366,20.7184497,6155,0.938250577,44.42433223,-10,0.12645835,0.04826616,0.674463357,0.281189886,0.060919453,0.024828124,0.00091236,0.012501179,-0.000316177,933.670992,111.7472115,538.4360562,410.6608554,410.6608554,506.9821473,122.2241215,145.4269576,10,2.425505623,1.414213562,60.06572511,42.28422146,NA,NA,0.347378101,-0.023766439,NA,-0.264942487,0.071125887,-0.260804958,0.327085256,-0.070964179,0.215723063,-0.109268755,0.05478771,-0.196668187,0.107414197,-0.245406352,-46.09658367,635.256926,0.251827782,1550,90105,6072583,447796539,69571,3407795,205287307,13848055511,3908483,163356515,8873001783,5.5139e+11,0.093315112,0.017508557,0.049843565,0.014335742,0.019376623,0.006123547,0.020486601,0.01473352,0.003665973,0.013944975,0.011419036,0.002432982,0.005178202,0.013119232,0.001494561,0.002316179,0.009218396,0.010766514,0.004411634,0.001469464,0.000670618,0.01031228,0.004534434,0.001862675,0.001613368,0.008474584,0.00788026,0.004185367,0.002896608,0.000734032,183.1322581,562.8845161,0,15,27,15,18,13,6,259.4924265
607,364,23,16,blind_batch2_0132.tif,mpfc,988,5460,700,672,616,607,655.284413,633.5182186,988,2.34479102800833e-12,288051.08,-235378.1072,1.17239551400417e-12,139084.3806,2653326.35,92004218.57,189526.6721,2323564.464,93382841.86,1963236412,11.92881668,3165,0.873979204,35.46774126,-3,0.180952381,0.083830612,0.489249283,0.091393471,0.092702039,0.027779822,0.000763191,0.004032563,0.001185287,391.0320301,92.34626139,291.5496761,-140.7736645,-140.7736645,191.8286155,79.09811933,89.20201791,10.77032961,2.978843187,2,48.10834705,38.43878487,NA,NA,0.295090765,-0.007671384,NA,0.142483466,0.086476541,0.095397481,0.194158518,0.075729025,0.09682695,0.064762454,0.06566806,0.089058629,0.064286779,0.068480632,54.75180121,384.8416665,0.312164297,988,38813,1812797,93611123,26200,1168336,61653170,3531039760,884304,44439468,2563509246,1.56662e+11,0.1561721,0.023567083,0.074258634,0.026699889,0.028301509,0.009289162,0.032317432,0.030330231,0.002723325,0.026947903,0.002583529,0.005334444,0.010179227,0.020158852,0.009868815,0.003531174,0.015409854,0.004926029,0.007542887,0.004289968,0.000707419,0.010331515,0.00777624,0.001826335,0.004241173,0.006102427,0.00403608,0.004580225,0.002961952,0.003900513,655.284413,633.5182186,0,16,29,16,11,7,4,132.7817478
608,365,23,17,blind_batch2_0132.tif,mpfc,2688,9462,998,689,884,606,936.6499256,651.6860119,2688,3.43902684107888e-12,1580423.58,-3026932.146,-6.13E-12,-91743.4628,1961057.547,-31673577.31,727062.994,-945385.7936,543393171,-6119388502,15.41034144,7340,0.740885013,58.50186233,-6,0.284083703,0.064891489,0.319360099,0.014594063,0.000388553,0.00011397,8.75390172808322e-09,1.37655095434802e-05,2.23288389821527e-08,591.5830872,266.8568585,587.9552009,34.13075253,34.13075253,270.4847448,97.28992442,114.0175425,13.60147051,3.810045122,2.828427125,81.52993714,65.34301597,NA,NA,0.218733334,-0.008080338,NA,-0.012697453,0.005235006,-0.001630832,0.100626765,-0.002523689,0.027978626,-0.006077229,-0.004000141,0.001513981,0.00163751,0.000811027,-83.93259787,721.4823228,0.366212534,2688,141523,9031599,638904451,122804,6373878,404918224,28704128706,6337488,324340100,20606612118,1.46719e+12,0.238748515,0.009985804,0.123535353,0.02124041,0.009351549,0.001501769,0.054887409,0.017844378,0.003554007,0.008174444,0.011859473,0.00498307,0.025606685,0.01456354,0.003778245,0.007300178,0.011405099,0.014548187,0.010256891,0.0048029,0.007398402,0.010772597,0.006224458,0.007797155,0.001627799,0.003240425,0.011930873,0.01722755,0.003060219,0.001121847,936.6499256,651.6860119,0,17,30,17,25,22,5,253.5634938
609,366,23,18,blind_batch2_0132.tif,mpfc,1822,14536,419,856,327,698,380.3194292,763.018112,1822,-2.05E-11,914578.0922,-2521304.226,6.82121026329696e-12,377992.4588,6219595.17,436298599.5,1434490.402,34818292.32,1170687191,32572580850,24.66256422,8069,0.749503407,48.16474282,-2,0.125343974,0.040547284,0.707618103,0.076388289,0.587068064,0.145848106,0.037048445,0.03838006,-0.021183765,896.4262022,392.8539814,501.9638267,-207.460186,-207.460186,787.3163569,119.7615098,157.0286598,12.36931688,2.792903556,2,90.96395053,79.28217771,NA,NA,0.275501551,-0.017793211,NA,0.113863988,0.043892588,0.072133782,0.432116552,0.245717753,0.193551147,0.12616325,0.262536048,0.224614678,0.168903102,0.133475148,27.74129555,751.4467889,0.225802454,1822,97148,6094454,419961068,118463,6694372,442778172,31960104190,9136731,571136286,40775652810,3.11489e+12,0.090718858,0.028586172,0.036278905,0.013929416,0.025559939,0.008328124,0.002679308,0.019562944,0.005800509,0.010223391,0.010936468,0.005306215,0.009830032,0.015133678,0.003788725,0.004576889,0.005361405,0.009915912,0.005015217,0.000923787,0.006894496,0.006668543,0.003491595,0.005390473,0.001232636,0.009608931,0.006732937,0.004746707,0.000924258,0.003807064,380.3194292,763.018112,0,18,32,18,15,10,5,255.5929323
610,367,23,19,blind_batch2_0132.tif,mpfc,1774,9546,804,882,730,753,767.5,793.7260428,1774,0,459053.5,-521367,-1.41E-12,-108595,-461732.5073,2689139.028,1278594.857,-11997844.76,269908147,-4225080478,19.0022438,6248,0.809840184,47.52606603,-1,0.185837,0.052625364,0.552146932,0.072578069,0.207193867,0.134431848,0.022173291,0.034980336,0.003422078,728.7149412,250.7937154,258.7674746,61.21476888,61.21476888,720.741182,107.9788825,128.1405478,11.04536102,2.716355629,2,71.1128768,63.34587159,NA,NA,0.145866671,-0.003933322,NA,-0.034506634,-0.003483425,0.000481673,0.40628026,-0.090514717,0.048345399,-0.0179679,0.357759328,-0.114822692,0.044605343,-0.019155831,-7.421490465,650.8549058,0.283930858,1774,66525,2953741,144672933,72248,2600705,111687825,5384565143,4220970,137443241,5366194069,2.41578e+11,0.137559498,0.050073084,0.035458131,0.034169989,0.033927164,0.009429803,0.013589969,0.030861042,0.006600232,0.005063969,0.010274511,0.003558841,0.00287425,0.013193888,0.00635311,0.002101009,0.009621463,0.008638435,0.002124237,0.001108081,0.00815255,0.003220428,0.009404946,0.002924754,0.001766249,0.001606805,0.001709108,0.002819638,0.002083238,0.000704177,767.5,793.7260428,0,19,33,19,11,9,4,171.7523107
611,368,23,20,blind_batch2_0132.tif,mpfc,1423,9891,889,906,826,749,869.1405481,825.4624034,1423,-4.48E-13,205171.8904,-4061193.532,1.65130131790647e-11,-213013.4807,6625147.124,-222404960.4,2033709.739,2112666.424,454272145.8,-8936895787,18.24218349,5870,0.955097882,42.56547747,-11,0.143868163,0.054817999,1.105659324,0.859697445,0.065477587,0.017620201,-0.000598388,0.016134327,-1.14E-05,1446.37849,126.9747278,144.1826355,149.6932401,149.6932401,1429.170582,152.1251322,156.2593997,9.433981132,2.552387172,2,57.98300413,45.07322536,NA,NA,0.101323005,-0.053166912,NA,-0.105195531,0.086732782,-0.077184442,1.004336319,0.027657867,0.157652698,-0.082218499,0.043534211,-0.184648044,0.122300249,-0.131686584,-6.557622013,571.1442277,0.24241908,1423,61389,2853527,136743981,108806,4480937,206433643,9901483337,10353278,416183709,19307188375,9.39645e+11,0.074203214,0.007140517,0.034577623,0.015363521,0.008028277,0.004785632,0.011681921,0.017116774,0.003800075,0.010324278,0.005984724,0.003268522,0.001842289,0.015755767,0.004264058,0.003292599,0.009292556,0.005343538,0.002961458,0.001844717,0.002438154,0.010556441,0.007312519,0.00474787,0.003336418,0.0062797,0.006748914,0.002513918,0.002114727,0.000523416,869.1405481,825.4624034,0,20,34,20,19,17,2,240.178719
612,369,23,21,blind_batch2_0132.tif,mpfc,1925,21060,650,896,515,740,562.2093506,807.881039,1925,1.8644641386345e-11,1302554.632,41457365.36,2.49258391704643e-11,-882517.0587,3957775.327,-1696348965,2048767.758,-39280791.86,1862302023,-39920974842,24.06158341,11117,0.852980174,49.50743503,-8,0.091405508,0.041560025,0.904387894,0.267424358,1.025690019,0.125247619,0.006367346,0.020639158,-0.044437447,1368.21183,372.7348655,676.6517567,458.4504201,458.4504201,1064.294939,147.9573901,173.8763929,10.19803903,2.63528941,2,112.4163806,77.22537049,NA,NA,0.351507406,0.254991007,NA,-0.238156062,0.024343011,-0.237806103,0.552880488,-0.241603599,0.261070568,-0.127553849,0.329307093,-0.38679197,0.305993569,-0.322648533,-33.54127549,762.9259736,0.173158226,1925,90878,5592846,428477510,130671,5286376,300279858,22049023954,10918851,356378724,17715299474,1.19583e+12,0.076942758,0.015104028,0.037435579,0.00867096,0.020300782,0.00606558,0.013877757,0.008841276,0.003536832,0.017379258,0.004949808,0.004510188,0.001774546,0.00778127,0.003851788,0.002509038,0.012624406,0.005092622,0.002934006,0.001869434,0.004967092,0.00498908,0.00339928,0.003195283,0.001740821,0.009436405,0.006093722,0.002142664,0.001694112,0.00248281,562.2093506,807.881039,0,21,35,21,17,10,7,257.8650113
613,370,23,22,blind_batch2_0132.tif,mpfc,2828,11780,1020,879,925,755,973.8479491,835.6980198,2828,7.03437308402499e-12,1264010.618,4372493.871,1.72803993336856e-11,368714.1485,-10056917.43,327304451.2,1667958.109,-19560441.48,1241916888,-18211629459,21.68428877,9176,0.66762835,60.00601164,-5,0.240067912,0.046116338,0.366606806,0.011053145,0.023214153,0.018101974,0.000319756,0.001639745,0.000188295,667.0414122,369.7226356,446.9627362,-130.3798262,-130.3798262,589.8013115,103.3085795,128.7982919,13.60147051,3.625085533,2.236067977,91.2844175,76.91269186,NA,NA,0.158049058,0.01028089,NA,0.046103192,-0.023646473,0.014471505,0.208557748,-0.045991772,0.054910363,-0.015141569,-0.106071324,0.063062545,-0.04411605,0.023919616,30.64350611,877.8437585,0.308195292,2828,138142,8011964,519229156,228214,11516500,672514572,43393680760,20084376,1021029138,59676807434,3.84043e+12,0.215658174,0.070967593,0.061995387,0.035932771,0.050674012,0.007809678,0.00851116,0.025049653,0.010793347,0.01505467,0.009190957,0.005014117,0.013842153,0.010155727,0.006767281,0.010195752,0.00688033,0.010052222,0.004628503,0.003465886,0.010182178,0.00789779,0.002800987,0.010767018,0.005591738,0.010492973,0.006572894,0.002123337,0.006871884,0.001489738,973.8479491,835.6980198,0,22,36,22,19,14,11,238.1787187
614,371,23,23,blind_batch2_0132.tif,mpfc,1488,10028,299,882,190,790,244.8125,854.1848118,1488,0,705402.6875,2855295.82,-4.32E-12,86739.5625,2512114.908,110048169,581434.1767,-384164.5567,85054051.92,866540197.4,15.80702075,6145,0.533182623,43.52677845,-2,0.148384523,0.063263028,0.581189328,0.009273598,0.081129806,0.027501072,0.001000544,-0.002186355,0.000828466,504.0517046,360.758016,474.0609459,-58.29271673,-58.29271673,390.7487747,89.80438337,108.4665847,9.219544457,2.524337151,2,74.5920686,75.97452373,NA,NA,0.318589345,0.03343057,NA,0.039175213,0.029412516,0.03340212,0.262599983,-0.004497902,0.025815837,0.006818337,-0.192703582,0.035073393,-0.004646018,0.006241705,62.77483573,543.6650429,0.242148088,1488,81561,5175965,363892647,95507,5321717,344239279,24661318805,6711533,378626463,24656301841,1.77378e+12,0.156792918,0.032344392,0.053857016,0.006336337,0.035203284,0.016520087,0.010102218,0.024493642,0.005654514,0.014908092,0.007471974,0.008674472,0.003637753,0.028944658,0.003120433,0.002044861,0.003372225,0.007992684,0.004558721,0.004643725,0.006543353,0.015129984,0.001770446,0.006919024,0.00313776,0.00528452,0.011373976,0.004958015,0.004749871,0.004916212,244.8125,854.1848118,0,23,37,23,12,7,5,110.1248925
615,372,24,1,blind_batch2_0138.tif,mpfc,862,1840,985,81,939,41,961.9849188,63.1937355,862,-2.33E-12,96502.80394,-122168.8609,-2.98E-12,-29232.48144,365101.221,-6971468.232,68760.64617,-99174.77981,8545642.144,-54011062.1,3.48424205,1278,0.750186438,33.12902787,1,0.468478261,0.287006467,0.222414083,0.007584985,0.003641413,0.000153874,1.14140447063033e-07,1.33365892965812e-05,-1.55E-08,133.3970435,58.32389636,111.9522088,33.91239146,33.91239146,79.76873106,46.19905513,51.0881591,10.29563014,3.53110431,3,35.10128203,30.54803335,NA,NA,0.129874952,-0.005600056,NA,-0.039341521,0.016735748,-0.010884349,0.092539131,-0.004546038,0.01334206,-0.002872151,-0.009599136,-0.008522064,0.001843981,-0.002452079,-57.69238287,194.273124,0.674491393,862,19813,551903,16999495,19131,410492,11270078,349155164,493349,9942856,268717162,8337844960,0.420510532,0.042471365,0.164818178,0.048136812,0.025581166,0.031289704,0.029985732,0.032112804,0.019453891,0.008979024,0.022952181,0.014478456,0.000358665,0.004035165,0.018350471,0.022401131,0.008066383,0.010696125,0.011107458,0.003957238,0.003151081,0.002633434,0.013410462,0.016853271,0.011659793,0.007294475,0.008549855,0.002047793,0.001134833,0.005942928,961.9849188,63.1937355,0,1,1,1,0,0,0,0
616,373,24,2,blind_batch2_0138.tif,mpfc,920,1444,835,364,797,326,812.9934783,347.2108696,920,1.70530256582424e-13,78025.96087,170948.5951,-8.10E-13,15241.26522,215279.4904,3782900.102,75165.0913,-82969.36403,6849483.148,11414299.26,1.793177469,1100,0.577179652,34.22543471,1,0.637119114,0.557669287,0.180991319,0.001308457,0.001209692,1.98470929697497e-05,1.66630807569619e-09,7.14955074790881e-07,2.58470088280066e-09,99.89540137,66.61661186,84.81082703,-16.56659263,-16.56659263,81.7011862,39.9790748,48.83646179,14,4.937462971,4.123105626,35.69686115,32.64760006,NA,NA,0.092185682,0.0066588,NA,0.018007166,0.00838558,0.004858043,0.088805637,-0.003231828,0.008796184,0.000483272,-0.005539011,0.003479353,0.000894625,0.00082621,47.68083066,143.9827561,0.836363636,920,14714,313354,7678382,19514,327338,7349312,188673014,489074,8385586,194214448,5133212566,0.48639642,0.068407208,0.199151935,0.018755779,0.03292713,0.021966965,0.019237485,0.021635353,0.034469916,0.011062725,0.009177422,0.009549689,0.020612678,0.009442546,0.022932787,0.003893695,0.018143389,0.005433419,0.009253381,0.012534389,0.00894369,0.007343218,0.004804194,0.005921274,0.012519433,0.004048851,0.005815021,0.00267888,0.005980088,0.000244907,812.9934783,347.2108696,0,2,2,2,0,0,0,0
617,374,24,3,blind_batch2_0138.tif,mpfc,829,2790,383,420,338,358,358.0965018,384.4161641,829,-1.71E-13,127020.2799,378932.1945,2.24531504500192e-12,123255.7069,646509.7152,32279381.54,179735.4234,894133.1619,40835821.67,343582116.3,4.625845869,1390,0.949826771,32.48869931,1,0.297132616,0.21617668,0.446358269,0.134547401,0.014407739,0.014427873,0.00020649,0.005153337,2.51680242002311e-05,337.0570188,32.97398636,153.2210855,-148.6799842,-148.6799842,216.8099197,73.43645076,69.97142274,7.810249676,2.696063854,2.236067977,24.68709154,22.96919201,NA,NA,0.1848264,0.019150282,NA,0.179348594,0.032672979,0.056658049,0.261531869,0.045187246,0.071676651,0.02094545,0.06875954,0.10324742,0.031489865,0.033575162,38.96470376,219.5218613,0.596402878,829,16660,461828,14765386,21899,563349,17800251,610639611,758223,22643649,767522139,27305713671,0.215587333,0.028789765,0.077548431,0.055819959,0.032129819,0.008856375,0.013166912,0.042024006,0.024656276,0.025752388,0.013011938,0.004475155,0.000292333,0.015318956,0.019363518,0.014402391,0.013782005,0.012076137,0.00715117,0.002290418,0.00261666,0.003382994,0.010471129,0.008463397,0.010108911,0.00812221,0.004804847,0.009568236,0.002364641,0.00134253,358.0965018,384.4161641,0,3,3,3,0,0,2,0
618,375,24,4,blind_batch2_0138.tif,mpfc,680,1722,228,417,187,375,205.4529412,392.1147059,680,-7.53E-13,52018.49412,56148.85827,2.91322521661641e-13,38817.67059,245667.9278,7784778.921,68217.05294,374241.405,9061928.728,107683186.3,2.40776058,866,0.891565822,29.42452872,1,0.394889663,0.415323686,0.260024972,0.029416439,0.00883104,0.00375057,2.15594996904506e-05,0.00063859,1.04877287996931e-06,146.7226431,30.0943379,76.49778547,-57.08480969,-57.08480969,100.3191955,48.45164898,51.85556865,11.18033989,3.784168089,3,23.25510697,21.94332259,NA,NA,0.112496743,0.004656597,NA,0.08394825,0.020373994,0.024758227,0.147528229,0.031036987,0.028819995,0.013133083,0.029390838,0.035256754,0.016999381,0.012840982,39.1071811,143.4386002,0.7852194,680,12548,283566,7208564,11638,253573,6531417,184410655,267398,6637227,186608647,5621062977,0.321979506,0.081588804,0.111254896,0.070725635,0.048875374,0.021316369,0.025387551,0.041953177,0.019159023,0.01914943,0.011489635,0.009229992,0.013903411,0.009077624,0.01137532,0.008969771,0.015533335,0.011180324,0.007419134,0.005264421,0.004299845,0.008713555,0.007898162,0.006487597,0.010079025,0.007912584,0.006507631,0.010647711,0.004924927,0.002579189,205.4529412,392.1147059,0,4,4,4,0,0,0,0
619,376,24,5,blind_batch2_0138.tif,mpfc,913,1974,949,457,902,415,925.3220153,433.0711939,913,1.82254211722466e-12,99397.32749,31771.12315,1.73727698893344e-12,26846.069,-103135.9119,6871289.432,67078.3724,-93359.30555,5255728.806,-7124305.921,2.723011959,1256,0.739580766,34.09498063,1,0.462512665,0.3672404,0.199714361,0.005652202,0.000457506,7.10780897007321e-06,-3.90E-10,-1.47E-07,1.10498368551385e-10,125.4897901,56.8494212,108.8689239,-29.40423768,-29.40423768,73.4702874,44.8088902,47.80167361,12.04159458,4.049497154,3.16227766,33.33461339,30.15942206,NA,NA,0.119243071,0.001261408,NA,0.032206175,-0.004094803,0.009028714,0.08047129,-0.003706642,0.006905905,-0.00030981,0.005157177,0.004321143,-0.00105114,0.000996697,60.52251658,176.7523087,0.726910828,913,21293,595993,18567821,16499,411636,11919378,379004022,365235,9394938,273548612,8693616900,0.497561454,0.012622119,0.186632307,0.058410563,0.0079866,0.023012374,0.025508365,0.022019966,0.026335889,0.002665935,0.024864082,0.016934774,0.010843209,0.010804103,0.021283261,0.005939895,0.005188742,0.010676311,0.016849053,0.014536242,0.016680697,0.009768997,0.00515912,0.006817929,0.012345437,0.002001488,0.00170347,0.006819319,0.012393993,0.011149582,925.3220153,433.0711939,0,5,5,5,0,0,0,0
620,377,24,6,blind_batch2_0138.tif,mpfc,636,1066,467,591,441,550,452.4166667,565.245283,636,-5.92E-13,27636.58333,51581.26389,9.53903622757934e-13,-7825,-22437.03459,-446270.9595,52729.73585,-105503.9874,1559501.904,-1869294.993,1.829235371,771,0.733480497,28.45663983,1,0.596622889,0.546676505,0.198682605,0.005345341,0.002438361,0.000648506,8.004877020245e-07,4.69531744322845e-05,-1.56E-07,86.43063427,39.93150281,43.45374738,12.30345912,12.30345912,82.9083897,37.18723098,40.44749683,12.16552506,4.26939743,3.605551275,25,25.27655129,NA,NA,0.068323502,0.00505649,NA,-0.019345062,-0.002199493,-0.001734712,0.130359103,-0.010342513,0.006061981,-0.000288123,0.027110623,-0.008005448,0.00055529,-0.000420418,-15.97540248,120.9116882,0.824902724,636,7261,110533,1944535,9696,102871,1483999,25370509,200548,1945497,25581341,410368923,0.481566587,0.113047569,0.138988282,0.078496309,0.035069847,0.011545909,0.031063113,0.017615784,0.015455278,0.014608699,0.020395596,0.016899551,0.013436772,0.014895436,0.011402827,0.006297393,0.010034784,0.019186691,0.011257157,0.016455578,0.006307595,0.005452066,0.000548316,0.011262621,0.00384212,0.007270083,0.006776888,0.002352807,0.004598314,0.011587721,452.4166667,565.245283,0,6,6,6,0,0,0,0
621,378,24,7,blind_batch2_0138.tif,mpfc,1028,3432,211,600,133,556,166.7850195,573.1264591,1028,-6.22E-12,258873.4893,2116579.505,-7.96E-13,59533.94747,-944161.6471,24977536.33,94213.56031,-489645.6073,15071418.33,-277902302.2,4.392484767,1838,0.8547263,36.17858831,1,0.2995338,0.227661575,0.334114682,0.036972006,0.019438528,0.002733353,1.73769663056864e-05,6.87817297936707e-05,-9.75E-06,270.5674107,72.90248191,251.8224604,-57.91240026,-57.91240026,91.64743221,65.79573369,78.08969202,10.77032961,3.526948467,2.828427125,38.93169129,34.15318009,NA,NA,0.244963483,0.062467165,NA,0.05633502,-0.02786529,0.022991656,0.089151199,-0.014451039,0.01387314,-0.007978408,0.007181858,0.008238216,-0.003974801,0.003572602,72.06439132,238.2081528,0.559303591,1028,34731,1432261,67997637,17606,654353,27608109,1297701791,395742,14919717,615077801,27711454575,0.214642547,0.049290554,0.095286419,0.018553095,0.056451149,0.004135287,0.019647672,0.0013989,0.020554583,0.034586958,0.005429438,0.005328538,0.005012266,0.006398932,0.021185198,0.009675189,0.016355982,0.00515857,0.012762588,0.001993597,0.009053241,0.001287259,0.013106278,0.006334278,0.00803855,0.009624093,0.006095699,0.013050501,0.004803449,0.001090809,166.7850195,573.1264591,0,7,7,7,0,0,0,0
622,379,24,8,blind_batch2_0138.tif,mpfc,736,1320,963,647,919,617,942.8695652,632.0163043,736,-2.56E-13,76439.47826,-246753.2665,-1.01E-12,-11737.43478,-76011.43951,-1216092.673,31419.80435,51532.00331,2111330.044,1742229.549,1.795147485,900,0.800081064,30.61215943,1,0.557575758,0.557057294,0.199114047,0.008785061,0.000979825,0.000205555,7.36371543045352e-08,6.03906382523228e-06,5.5566170835913e-08,107.7661151,38.78182325,103.8579868,15.94760161,15.94760161,42.68995156,41.52418381,43.10452412,11.66190379,4.360453856,3.605551275,26.09850715,24.91002152,NA,NA,0.141111395,-0.016790683,NA,-0.021667937,-0.005172309,-0.003050234,0.058002652,0.00350657,0.005295692,0.000161077,-0.000220936,-0.002801049,-0.000439296,-0.000412005,-76.23042557,128.8528137,0.817777778,736,17568,495780,15236454,11052,252069,6808437,202073631,197380,4410401,115155041,3301457363,0.502719408,0.107947886,0.140738276,0.055284457,0.07213558,0.012687674,0.009793695,0.022398124,0.026767036,0.006019391,0.008711301,0.006229736,0.010896208,0.016034234,0.015310309,0.015663921,0.012811626,0.005277077,0.005568946,0.00450793,0.021490088,0.007345905,0.014588348,0.003597338,0.013244143,0.004019865,0.000940648,0.003451125,0.004802043,0.00523792,942.8695652,632.0163043,0,8,8,8,0,0,0,0
623,380,24,9,blind_batch2_0138.tif,mpfc,994,2336,1007,942,975,869,991.2595573,900.6338028,994,-9.66E-13,36463.03421,-71418.12641,9.74864633462858e-12,12760.47887,-87888.96891,989672.2526,235236.7042,268833.6908,3672628.001,-679378.1462,2.994731165,1339,0.921404422,35.57527382,1,0.425513699,0.333919789,0.274989715,0.04114082,0.002695695,0.00108471,1.85478948320637e-06,0.000212643,-1.32E-08,237.4773922,35.86238491,36.683133,-12.8375039,-12.8375039,236.6566441,61.64120598,72.02777242,13,4.215959858,3.605551275,28.14427118,23.95408438,NA,NA,0.03690456,-0.002292675,NA,0.012914994,-0.002821424,0.001007702,0.238085155,0.008630138,0.003739537,-2.19E-05,0.035140865,0.006187012,0.000165948,0.000173636,3.658147789,193.4091629,0.742345034,994,16162,299250,5980000,31444,524026,9793486,195993292,1229930,21074276,394756832,7818725630,0.243947592,0.03491826,0.131128515,0.040864677,0.030758713,0.008380532,0.060147386,0.033225799,0.018812349,0.017225864,0.011561558,0.005061413,0.018243582,0.021364881,0.011756198,0.012872706,0.00350297,0.01325906,0.003872432,0.003707219,0.001712608,0.010360054,0.004677071,0.009761949,0.009231371,0.006466935,0.008720392,0.004317318,0.003925652,0.002460606,991.2595573,900.6338028,0,9,9,9,0,0,0,0
624,381,24,10,blind_batch2_0138.tif,mpfc,1249,3822,581,997,532,919,556.4907926,951.5428343,1249,-1.16E-12,126514.1441,248858.712,6.58673116049613e-12,-95801.75741,-120182.9339,-14992811.39,336059.9584,-931086.4307,23597588.5,-22079001.57,4.614232306,2186,0.872185383,39.87826716,1,0.326792255,0.216720775,0.29652167,0.033128391,0.010595016,0.006264165,5.08032242797008e-05,0.001037915,-4.83E-06,298.844316,71.51125039,101.2923492,76.70276814,76.70276814,269.0632173,69.14845665,77.23341246,13.60147051,4.124107541,3,41.06770139,33.82572994,NA,NA,0.081098758,0.004513846,NA,-0.061411344,-0.002179901,-0.007694772,0.215422912,-0.016888221,0.012111008,-0.000320635,0.080353038,-0.029881877,0.004009117,-0.002312103,-21.21951259,269.1137444,0.57136322,1249,30589,875663,27891403,40646,899651,23683851,711456995,1658796,33458821,793680481,21740520493,0.266174302,0.044577178,0.119698897,0.047733778,0.046948287,0.012089464,0.031843564,0.041143829,0.014910769,0.018971543,0.013197858,0.005532127,0.006448037,0.011906578,0.016388012,0.01059008,0.009566264,0.004393532,0.004907222,0.001973579,0.004969648,0.002371349,0.011564597,0.006378759,0.008814704,0.007579197,0.01160116,0.004587726,0.002986241,0.001764097,556.4907926,951.5428343,0,10,10,10,0,0,0,0
625,382,24,11,blind_batch2_0138.tif,mpfc,688,1702,77,974,31,937,47.26162791,959.5552326,688,3.19744231092045e-13,73554.90698,411929.6301,-3.33E-12,28306.05814,84842.46376,4528319.657,45989.90116,-152402.6227,4104089.29,-1964442.757,2.453356802,1078,0.83066239,29.59710808,1,0.404230317,0.407604796,0.252553762,0.017695518,0.006993723,0.000776182,-1.67E-06,-8.64E-05,-6.97E-07,132.6389232,41.11806538,106.911202,-41.14252637,-41.14252637,66.84578657,46.06758916,45.88027899,9.219544457,3.542965753,3,29.30661606,25.64934787,NA,NA,0.155394189,0.033178132,NA,0.059800184,0.006833484,0.013905025,0.097159574,-0.012274996,0.012602349,-0.000229975,-0.025251989,0.014625152,-0.002226685,0.002338468,57.98095707,145.6396103,0.638218924,688,11188,255490,6958858,15518,280654,6768084,188081818,396002,7564134,186642868,5219335302,0.397486675,0.124968747,0.068192837,0.043720819,0.082366598,0.01532349,0.039824576,0.01073442,0.019267982,0.022594344,0.023993947,0.019759015,0.005047663,0.015779482,0.01381288,0.012259395,0.007946559,0.01178419,0.009258305,0.010146343,0.007283935,0.006345643,0.005271415,0.005227628,0.003796047,0.005958883,0.003512856,0.011993675,0.003439716,0.002023003,47.26162791,959.5552326,0,11,11,11,1,0,1,2